# Blender 4.3.2
# www.blender.org
o model
v -0.775777 0.632479 -0.123599
v -0.736297 0.796583 -0.117015
v -0.667436 0.854975 0.011628
v -0.534381 0.768445 -0.142183
v -0.510445 0.858438 -0.157477
v -0.533620 0.789582 0.108705
v -0.536398 0.598924 -0.213103
v -0.536246 0.683931 -0.185508
v -0.511526 0.843215 0.138449
v -0.505921 0.691211 -0.257054
v -0.522590 0.661835 -0.230475
v -0.486218 0.908189 0.148624
v -0.473937 0.720319 -0.301601
v -0.487081 0.715288 -0.283163
v -0.435039 0.766855 -0.342772
v -0.595224 0.922846 -0.091753
v -0.613936 0.907376 -0.103049
v -0.496557 0.651624 -0.285168
v -0.486853 0.606109 -0.305147
v -0.891469 0.524440 -0.057196
v -0.508512 0.608549 -0.272468
v -0.533992 0.360134 0.011041
v -0.511944 0.323946 -0.106102
v -0.434527 0.919204 -0.288033
v -0.394823 0.679107 -0.400460
v -0.420879 0.690334 -0.375392
v -0.478581 0.454750 -0.300292
v -0.419592 1.129825 -0.168525
v -0.361334 0.735198 -0.420722
v -0.500198 0.450142 0.239123
v -0.467941 0.254354 0.036946
v -0.390879 0.980897 -0.329553
v -0.334733 0.659444 -0.444262
v -0.478194 0.767841 0.247294
v -0.381945 0.436255 -0.397168
v -0.365050 1.285895 -0.187927
v -0.494591 0.513279 0.266856
v -0.350119 1.249945 -0.250805
v -0.258088 0.906852 -0.454753
v -0.372727 1.312232 -0.120709
v -0.427864 0.902059 0.242938
v -0.468014 0.355599 0.250245
v -0.463212 0.350614 0.252822
v -0.475576 0.469893 0.287452
v -0.468779 0.410051 0.281034
v -0.407126 0.874967 0.294149
v -0.243229 0.374609 -0.454919
v -0.225177 0.327006 -0.442558
v -0.229201 1.010069 -0.445581
v -0.308026 1.057418 -0.388496
v -0.331081 0.992727 -0.388069
v -0.337508 1.026489 -0.372864
v -0.285222 1.293455 -0.317234
v -0.366707 0.985424 0.258623
v -0.433539 0.307338 0.268465
v -0.361770 0.166268 -0.039431
v -0.344458 1.090356 0.236506
v -0.226788 1.087050 -0.428600
v -0.321832 0.803252 0.403559
v -0.410245 0.326319 0.312383
v 0.015367 1.193170 -0.449225
v -0.259101 1.166499 -0.389058
v -0.213594 1.163088 -0.413633
v -0.258845 1.336908 -0.315061
v -0.135126 1.202695 -0.429010
v -0.884671 0.516257 -0.064118
v 0.016903 0.298600 -0.463826
v -0.015871 0.284185 -0.455489
v -0.020109 0.259285 -0.439032
v 0.044357 0.268988 -0.445020
v 0.082088 1.207647 -0.437535
v -0.172415 0.465018 0.498915
v -0.204559 0.536845 0.494062
v -0.191618 0.494105 0.496058
v -0.888847 0.532211 -0.072347
v -0.306458 0.375875 0.418247
v -0.296892 0.153207 0.113108
v 0.330320 0.560829 -0.446804
v 0.312966 0.518575 -0.452710
v -0.171393 0.806525 0.460801
v -0.227302 0.913014 0.394894
v -0.223376 0.967275 0.363490
v -0.029680 0.565278 0.532567
v -0.253462 0.141001 0.128202
v -0.260486 0.141395 0.129895
v 0.336678 0.469892 -0.433600
v 0.207068 0.260843 -0.411934
v 0.061278 1.382290 -0.378880
v -0.135871 0.163950 -0.327494
v -0.184070 0.161911 -0.308625
v 0.149662 0.199917 -0.373594
v -0.028857 0.126033 -0.265443
v 0.430405 0.520795 -0.367943
v 0.381310 0.410704 -0.391465
v -0.075516 0.298718 0.458766
v -0.182837 1.036176 0.317330
v 0.403771 0.412610 -0.373953
v 0.438526 0.829672 -0.322442
v 0.027880 1.443369 -0.343553
v 0.147125 0.755163 0.483673
v 0.431265 0.413469 -0.347245
v 0.314094 1.068065 -0.383137
v -0.153246 1.461307 0.143524
v 0.097365 0.304910 0.459693
v 0.061270 0.300374 0.461980
v 0.477849 0.487844 -0.308903
v -0.172353 1.481806 0.109962
v 0.392296 0.953901 -0.334928
v 0.160941 0.367770 0.477606
v 0.484255 0.535024 -0.305479
v 0.509170 0.538931 -0.268575
v 0.461335 0.791693 -0.301225
v 0.483326 0.764965 -0.274866
v 0.306692 1.116570 -0.374953
v 0.265215 0.139640 -0.177567
v 0.267753 0.180184 -0.301695
v 0.496009 0.498184 -0.285007
v 0.240155 0.343307 0.439811
v -0.068946 0.143080 0.277807
v 0.270321 0.145812 0.129483
v 0.002281 0.197822 0.374549
v 0.263902 0.780511 0.439154
v 0.237815 0.999796 0.330314
v 0.201460 0.984481 0.349205
v 0.136077 0.247666 0.410019
v -0.189254 1.361299 0.216236
v 0.426461 0.588488 0.353815
v 0.359680 0.379526 0.389615
v 0.059132 1.031011 0.345968
v 0.137858 0.151265 0.277210
v -0.139470 1.137614 0.321336
v 0.317955 1.301816 -0.276361
v 0.183562 0.225319 0.375612
v 0.434812 1.091666 -0.157598
v 0.293452 0.193995 0.276419
v 0.374603 1.308023 -0.141151
v 0.351342 1.331435 -0.183558
v 0.395536 0.886847 0.307465
v 0.341522 0.265175 0.334238
v 0.403326 0.196003 -0.068361
v 0.388185 1.296175 -0.056491
v 0.058596 1.685386 -0.155326
v 0.066821 1.676994 -0.163588
v 0.066538 1.681241 -0.157971
v 0.055590 1.676444 -0.162828
v 0.065638 1.674077 -0.160797
v 0.055421 1.685143 -0.159678
v 0.057846 1.673680 -0.160950
v 0.047020 1.682860 -0.145732
v 0.055049 1.676558 -0.150346
v 0.037856 1.685087 -0.151011
v 0.044015 1.681082 -0.158737
v 0.046259 1.672824 -0.151356
v 0.039090 1.671019 -0.142471
v 0.032680 1.680829 -0.139530
v 0.036569 1.672798 -0.154141
v 0.027460 1.680785 -0.147128
v 0.029446 1.666113 -0.146933
v 0.037720 1.675125 -0.139096
v 0.020770 1.675886 -0.134915
v 0.018348 1.670402 -0.146062
v 0.023603 1.670863 -0.130194
v 0.015132 1.672725 -0.137759
v 0.024754 1.667615 -0.148696
v 0.027114 1.662303 -0.133528
v 0.010562 1.665927 -0.128620
v 0.020293 1.655313 -0.139319
v 0.021393 1.661536 -0.126294
v 0.010529 1.657262 -0.122010
v 0.008523 1.662355 -0.138537
v 0.013317 1.655691 -0.141917
v 0.019107 1.646187 -0.124554
v 0.016054 1.649145 -0.118910
v 0.001234 1.642073 -0.118880
v -0.000257 1.645551 -0.125807
v 0.010245 1.646461 -0.115483
v -0.000459 1.638638 -0.130115
v 0.008962 1.644150 -0.137075
v 0.011015 1.712802 -0.156693
v 0.019481 1.712326 -0.155579
v 0.019688 1.711526 -0.160658
v 0.018740 1.703951 -0.155139
v 0.009620 1.708268 -0.145232
v 0.018354 1.706275 -0.151156
v 0.002430 1.707958 -0.151826
v 0.001365 1.700922 -0.154447
v -0.002225 1.702342 -0.150920
v -0.893267 0.529281 -0.035632
v 0.010411 1.701506 -0.142671
v 0.000336 1.699876 -0.137964
v 0.007059 1.693256 -0.143686
v -0.006865 1.695990 -0.138909
v -0.001468 1.687683 -0.148923
v 0.007577 1.698048 -0.154045
v -0.008425 1.687773 -0.147036
v 0.001949 1.690641 -0.134376
v -0.004505 1.687033 -0.129481
v 0.000602 1.682688 -0.141721
v -0.000916 1.675150 -0.130786
v -0.013228 1.683647 -0.136151
v -0.884769 0.513053 -0.037526
v -0.009658 1.671329 -0.142225
v -0.011520 1.671108 -0.124107
v -0.012198 1.684585 -0.142711
v -0.003541 1.674567 -0.124782
v -0.016293 1.666977 -0.129634
v -0.003633 1.668998 -0.139174
v -0.005496 1.660245 -0.118785
v -0.010119 1.655512 -0.136645
v -0.002797 1.654557 -0.130564
v -0.001492 1.643074 -0.128505
v -0.017706 1.649120 -0.125441
v -0.016534 1.654465 -0.132592
v 0.006874 1.628819 -0.130901
v 0.011479 1.632626 -0.130094
v 0.016353 1.639377 -0.127344
v -0.002071 1.637859 -0.113171
v -0.007630 1.642168 -0.112047
v -0.012162 1.647950 -0.114975
v 0.001988 1.631023 -0.131152
v 0.015743 1.629835 -0.113688
v -0.880018 0.522626 -0.076156
v 0.002469 1.630789 -0.110272
v -0.016303 1.634424 -0.113868
v -0.008028 1.639002 -0.130396
v 0.011436 1.627778 -0.108101
v -0.012433 1.640756 -0.130738
v 0.016406 1.606033 -0.109850
v -0.010243 1.629675 -0.106824
v -0.017252 1.629169 -0.123819
v 0.019311 1.602887 -0.107415
v 0.010730 1.605063 -0.097922
v -0.014984 1.614403 -0.122831
v 0.530227 0.869454 0.042703
v 0.733633 0.799398 -0.117134
v 0.680041 0.864167 -0.008182
v 0.706938 0.845442 -0.011219
v 0.742130 0.816436 -0.013818
v 0.858759 0.679245 -0.025490
v 0.887219 0.549185 -0.007403
v 0.889014 0.575204 -0.016638
v 0.862366 0.507086 -0.021460
v 0.880104 0.510407 -0.031394
v 0.868436 0.503813 -0.035441
v 0.872529 0.513996 -0.015534
v 0.886751 0.523792 -0.017381
v 0.855646 0.500785 -0.038909
v -0.893998 0.545666 -0.056007
v 0.891180 0.527692 -0.026136
v 0.841823 0.508337 -0.021054
v 0.894515 0.540505 -0.037308
v 0.879065 0.521284 -0.013111
v 0.875103 0.506260 -0.050739
v 0.835363 0.505876 -0.035843
v 0.810968 0.523447 -0.020444
v 0.816677 0.514190 -0.037529
v 0.846326 0.518882 -0.007743
v 0.866840 0.524747 -0.005405
v 0.887468 0.533115 -0.011324
v 0.890437 0.547694 -0.014384
v 0.877674 0.511192 -0.063202
v 0.842565 0.502972 -0.047841
v 0.887370 0.515107 -0.046852
v 0.859443 0.504461 -0.060264
v 0.834826 0.522206 -0.008090
v 0.874972 0.541247 -0.002233
v 0.878747 0.549613 -0.006606
v 0.892731 0.558835 -0.063031
v 0.892015 0.536305 -0.065479
v 0.891905 0.523612 -0.053192
v 0.844672 0.506300 -0.061518
v 0.885259 0.601907 -0.017700
v 0.848796 0.537202 0.002858
v 0.892509 0.578013 -0.047334
v 0.885697 0.521892 -0.069568
v 0.791231 0.530216 -0.034474
v 0.870745 0.554554 0.004112
v 0.880539 0.634958 -0.037911
v 0.875112 0.642129 -0.022322
v 0.886527 0.614562 -0.044866
v 0.869984 0.515831 -0.075285
v 0.803318 0.537008 -0.011196
v 0.883530 0.559319 -0.004282
v 0.869145 0.666252 -0.046874
v 0.888393 0.577485 -0.073380
v 0.850306 0.515488 -0.076390
v 0.875347 0.573737 -0.002541
v 0.885375 0.610553 -0.065014
v 0.886201 0.542505 -0.080875
v 0.877124 0.524492 -0.079815
v 0.819611 0.514314 -0.057561
v 0.800519 0.552861 -0.000023
v 0.822323 0.545599 0.003435
v 0.874265 0.570535 -0.003779
v 0.876836 0.621171 -0.007501
v 0.762769 0.556315 -0.021059
v 0.852457 0.560892 0.010146
v 0.878194 0.587817 0.000021
v 0.880479 0.590842 -0.000925
v 0.877437 0.642782 -0.060208
v 0.883962 0.559780 -0.086579
v 0.821241 0.528900 -0.082414
v 0.827060 0.562496 0.011715
v 0.866487 0.653119 -0.010478
v 0.865403 0.667106 -0.071613
v 0.771589 0.541802 -0.052307
v 0.871437 0.573646 0.004788
v 0.869654 0.589857 0.000055
v 0.866380 0.635455 0.002144
v 0.881542 0.608477 -0.079797
v 0.877125 0.543163 -0.084510
v 0.871902 0.537831 -0.090037
v 0.872860 0.618192 0.001164
v 0.862524 0.539128 -0.093049
v 0.821829 0.519750 -0.071587
v -0.884874 0.548401 -0.083599
v 0.716722 0.581223 -0.032806
v 0.758287 0.552132 -0.035364
v 0.854311 0.577435 0.013476
v 0.865581 0.609238 0.000914
v 0.860881 0.645692 0.003546
v 0.855971 0.658864 0.003324
v 0.835553 0.710960 -0.017336
v 0.843453 0.708986 -0.041745
v 0.879746 0.568656 -0.089801
v 0.875303 0.556461 -0.086643
v 0.848818 0.526283 -0.085937
v 0.762568 0.570796 -0.005707
v 0.858690 0.626584 0.003118
v 0.870815 0.640925 -0.084184
v 0.872593 0.570195 -0.091343
v 0.780823 0.540793 -0.070100
v 0.866411 0.593221 0.008171
v -0.889040 0.526033 -0.018517
v 0.850935 0.679860 -0.007142
v 0.850705 0.697807 -0.059944
v 0.869632 0.617232 -0.096795
v 0.876750 0.590877 -0.093169
v 0.793642 0.539695 -0.080163
v 0.735561 0.564377 -0.049654
v 0.832956 0.585869 0.018355
v 0.865332 0.588183 0.010117
v 0.856721 0.621027 0.013031
v 0.826240 0.714900 -0.004277
v 0.829391 0.729844 -0.051719
v 0.865834 0.594627 -0.096568
v -0.876566 0.510579 -0.024426
v 0.870603 0.561860 -0.097752
v 0.815123 0.541595 -0.091036
v 0.851085 0.644336 0.004008
v 0.814840 0.747414 -0.037387
v 0.844829 0.545811 -0.097564
v 0.841668 0.665028 0.004368
v 0.845103 0.676455 0.004519
v -0.864798 0.510056 -0.070342
v 0.847129 0.695252 -0.080418
v 0.862362 0.563414 -0.102246
v 0.708423 0.583126 -0.046800
v 0.829899 0.608215 0.022733
v 0.849816 0.615372 0.018602
v 0.808647 0.748604 -0.019897
v 0.833150 0.722534 -0.067467
v 0.853196 0.663920 -0.097046
v 0.861815 0.610563 -0.098185
v 0.866489 0.580094 -0.103388
v -0.878867 0.543719 -0.082633
v 0.756658 0.560959 -0.080868
v 0.757860 0.594400 0.008530
v 0.794746 0.576085 0.011461
v 0.847894 0.643131 0.014292
v 0.851890 0.677244 -0.089977
v 0.707913 0.583425 -0.059972
v 0.807252 0.590048 0.019137
v 0.826960 0.703421 0.004873
v -0.888646 0.552960 -0.077829
v 0.800473 0.765994 -0.067433
v 0.859636 0.640731 -0.098878
v 0.858175 0.610115 -0.107947
v 0.729221 0.599294 -0.001338
v 0.832735 0.679658 0.005253
v 0.812694 0.723551 0.005300
v 0.795298 0.745442 0.005077
v 0.795701 0.756100 -0.007095
v 0.787241 0.777484 -0.027444
v 0.764113 0.797219 -0.016590
v 0.765274 0.804843 -0.037773
v 0.818793 0.561121 -0.103128
v 0.711467 0.584480 -0.071272
v 0.837008 0.665759 0.014238
v 0.819659 0.695262 0.006282
v 0.791694 0.777501 -0.046118
v 0.825813 0.729051 -0.077891
v 0.852611 0.632646 -0.101490
v 0.856201 0.622434 -0.101937
v 0.740831 0.563823 -0.068133
v 0.727486 0.583995 -0.016560
v -0.869959 0.503519 -0.040259
v 0.792360 0.622029 0.026138
v 0.838939 0.648066 0.020724
v 0.825960 0.682862 0.015435
v -0.874140 0.506006 -0.055215
v 0.773754 0.798438 -0.052713
v 0.795817 0.765643 -0.083931
v 0.849620 0.659625 -0.101600
v 0.847795 0.645888 -0.102108
v 0.855590 0.601318 -0.110079
v -0.870490 0.517796 -0.077644
v 0.826820 0.645313 0.025231
v 0.810091 0.709316 0.006312
v 0.770669 0.773177 0.006035
v 0.849834 0.633682 -0.109184
v 0.777491 0.573635 -0.101551
v 0.765386 0.567373 -0.092641
v 0.799483 0.722460 0.007207
v 0.798093 0.735360 0.006232
v 0.757238 0.786385 0.006346
v 0.710194 0.850510 -0.026870
v 0.758352 0.813902 -0.057389
v 0.822204 0.722199 -0.092939
v 0.727306 0.580101 -0.081636
v 0.703621 0.601549 -0.017981
v 0.822878 0.677766 0.022097
v 0.813788 0.700508 0.014903
v 0.794718 0.589038 -0.112473
v 0.751461 0.621614 0.019512
v 0.787142 0.737663 0.006829
v 0.785141 0.752346 0.005861
v 0.780779 0.761364 0.005920
v 0.747534 0.796811 0.005819
v 0.718068 0.848273 -0.042538
v 0.764546 0.804888 -0.076743
v 0.836899 0.688192 -0.101422
v 0.838253 0.662434 -0.104562
v 0.841067 0.651262 -0.112152
v 0.841527 0.637942 -0.115487
v 0.829614 0.616514 -0.118762
v 0.835295 0.578836 -0.110493
v 0.778563 0.748152 0.007110
v 0.759262 0.769600 0.006825
v 0.799231 0.752811 -0.094168
v 0.815722 0.607032 -0.118817
v 0.733636 0.589903 -0.095905
v 0.794314 0.725176 0.017229
v 0.738626 0.802816 0.007495
v 0.705049 0.833070 0.008498
v 0.824871 0.701959 -0.103672
v 0.675288 0.613149 -0.074879
v 0.810410 0.673622 0.027505
v 0.805847 0.702671 0.022036
v 0.778717 0.745451 0.015188
v 0.770110 0.758635 0.006065
v 0.748310 0.780479 0.007221
v 0.731137 0.837713 -0.070859
v 0.766454 0.796165 -0.090313
v 0.810763 0.722394 -0.104930
v 0.829471 0.678318 -0.105155
v 0.834688 0.666269 -0.111803
v 0.826887 0.636296 -0.120795
v 0.716444 0.627980 0.011139
v 0.798549 0.641305 0.029058
v 0.757746 0.768079 0.015302
v 0.737988 0.791544 0.007460
v 0.729549 0.813233 0.006760
v 0.718791 0.820384 0.007894
v 0.795331 0.740087 -0.107643
v 0.684009 0.625891 -0.009245
v 0.772767 0.737056 0.025427
v 0.727636 0.802516 0.007760
v 0.700573 0.825207 0.008729
v 0.747199 0.815422 -0.090975
v 0.773667 0.780324 -0.099168
v 0.817388 0.696839 -0.106174
v 0.692654 0.603176 -0.079878
v 0.666036 0.617096 -0.063595
v 0.673621 0.614844 -0.036920
v 0.742674 0.783130 0.016880
v 0.689702 0.844131 0.009195
v 0.654525 0.869615 0.008774
v 0.665211 0.881624 -0.022946
v 0.685276 0.873820 -0.044401
v 0.700972 0.862988 -0.071505
v 0.825451 0.677612 -0.115483
v -0.892317 0.576705 -0.044154
v 0.689844 0.613799 -0.089881
v 0.789261 0.706964 0.027939
v 0.768147 0.750683 0.021117
v 0.712172 0.816258 0.007927
v 0.670405 0.613478 -0.052979
v 0.755050 0.683375 0.033299
v 0.764122 0.699098 0.032758
v 0.736351 0.775742 0.026126
v 0.722389 0.805869 0.014478
v 0.695549 0.829727 0.009183
v 0.657153 0.863793 0.012300
v 0.680807 0.878501 -0.063882
v 0.784924 0.758469 -0.105617
v 0.793954 0.725081 -0.108854
v 0.806561 0.708113 -0.108873
v 0.814638 0.694820 -0.115337
v 0.813825 0.672096 -0.123140
v 0.688044 0.831842 0.018823
v 0.684512 0.835582 0.011359
v 0.675995 0.849651 0.011649
v -0.879449 0.518825 -0.015277
v 0.707586 0.854627 -0.084247
v 0.762435 0.605578 -0.114051
v 0.740767 0.754399 0.031149
v 0.714501 0.806597 0.021720
v 0.693143 0.825629 0.021859
v 0.641016 0.889033 -0.008039
v 0.652499 0.893423 -0.034337
v 0.770497 0.768579 -0.110816
v 0.789584 0.727477 -0.117206
v 0.802071 0.710120 -0.118535
v 0.672486 0.844294 0.011973
v 0.660983 0.851765 0.012198
v 0.651760 0.857623 0.012111
v 0.634242 0.901287 -0.025166
v 0.704329 0.848562 -0.099305
v 0.780926 0.742189 -0.110058
v 0.700385 0.626168 0.002271
v 0.734201 0.735222 0.034922
v 0.633403 0.878232 0.012977
v 0.664639 0.888410 -0.079246
v -0.874665 0.539698 -0.088341
v 0.742165 0.810160 -0.103510
v 0.765574 0.758476 -0.112737
v 0.804580 0.694400 -0.123101
v 0.790755 0.646635 -0.126026
v 0.729231 0.652907 0.026269
v 0.722542 0.686092 0.033670
v 0.693338 0.813299 0.029846
v -0.875072 0.554920 -0.086593
v 0.640045 0.864333 0.012837
v 0.733251 0.807697 -0.113608
v 0.750826 0.787384 -0.114397
v 0.772442 0.751018 -0.112586
v 0.802517 0.662859 -0.126034
v 0.766691 0.625828 -0.121329
v 0.678871 0.675245 0.023118
v 0.663675 0.847268 0.021958
v 0.642850 0.903427 -0.071701
v 0.670339 0.878388 -0.094849
v 0.774395 0.743820 -0.120698
v 0.723477 0.614450 -0.107667
v 0.701627 0.615992 -0.098928
v 0.623709 0.870930 0.015586
v 0.621268 0.914920 -0.050558
v 0.756360 0.769785 -0.113446
v 0.664146 0.837542 0.029671
v 0.617339 0.882281 0.015736
v -0.890329 0.556871 -0.016478
v 0.697681 0.846124 -0.108499
v 0.772215 0.730839 -0.127272
v 0.786856 0.697963 -0.128349
v -0.879024 0.529195 -0.010211
v 0.691444 0.791754 0.036136
v 0.634324 0.864056 0.022800
v 0.602922 0.907724 -0.005553
v -0.870720 0.512074 -0.016212
v 0.588135 0.931015 -0.047438
v -0.858710 0.505840 -0.021436
v 0.750611 0.769550 -0.123059
v 0.753921 0.758453 -0.127202
v 0.725458 0.651004 -0.122583
v 0.649941 0.649815 -0.094875
v 0.647694 0.640594 -0.084074
v 0.672057 0.656035 0.008637
v 0.663241 0.698966 0.029577
v 0.612341 0.876730 0.015856
v 0.599663 0.882821 0.016181
v 0.595116 0.894390 0.016622
v 0.729103 0.792621 -0.117296
v 0.744155 0.780556 -0.115935
v 0.771127 0.704424 -0.130614
v 0.719957 0.633250 -0.115571
v 0.638396 0.854685 0.029527
v 0.586478 0.887158 0.018322
v 0.604861 0.917661 -0.028131
v 0.660492 0.873354 -0.111042
v 0.720922 0.812650 -0.117629
v -0.872466 0.530915 -0.086790
v 0.736106 0.785006 -0.121367
v 0.642825 0.635744 -0.047475
v 0.654469 0.827448 0.036390
v 0.612163 0.873504 0.025677
v 0.571218 0.903182 0.019080
v 0.572701 0.907646 0.014642
v 0.600814 0.926801 -0.072574
v 0.636882 0.902669 -0.090953
v 0.701064 0.828755 -0.119511
v 0.720327 0.802364 -0.117958
v -0.880503 0.568208 -0.089436
v 0.685971 0.643625 -0.108835
v 0.660111 0.634620 -0.020745
v 0.590926 0.882649 0.026159
v 0.567958 0.932972 -0.023424
v -0.890596 0.582440 -0.062556
v 0.736772 0.753764 -0.133459
v 0.744510 0.666215 -0.127778
v 0.684808 0.704130 0.034532
v 0.636976 0.892636 -0.107328
v 0.678371 0.847253 -0.120912
v 0.708821 0.810799 -0.120393
v 0.716557 0.800822 -0.125087
v 0.636101 0.643519 -0.073426
v 0.638250 0.638674 -0.061344
v 0.617785 0.850914 0.037065
v 0.572599 0.892651 0.019213
v -0.885550 0.534618 -0.009061
v 0.604145 0.920943 -0.090694
v 0.692448 0.823736 -0.121677
v 0.723354 0.788735 -0.128530
v 0.643544 0.640092 -0.033363
v 0.681264 0.756370 0.040642
v 0.647964 0.812065 0.040906
v 0.556692 0.898447 0.019583
v 0.695830 0.815824 -0.127645
v 0.703594 0.742373 -0.134690
v 0.683864 0.672770 -0.120151
v -0.857047 0.500961 -0.047111
v 0.640477 0.690133 0.018291
v 0.594088 0.855209 0.039442
v 0.604570 0.866807 0.033352
v 0.569157 0.890885 0.027187
v 0.526732 0.925730 0.019116
v 0.525262 0.935718 0.006203
v 0.569811 0.939610 -0.081899
v 0.720535 0.779263 -0.132694
v 0.703068 0.684335 -0.127156
v 0.646320 0.745737 0.040527
v 0.553635 0.910899 0.020060
v 0.576900 0.933723 -0.093315
v 0.677773 0.835051 -0.122815
v 0.645596 0.694213 -0.116281
v 0.646864 0.661998 -0.001468
v 0.555495 0.889001 0.032800
v 0.535548 0.901120 0.029573
v 0.547690 0.903185 0.020376
v 0.660765 0.857212 -0.122857
v 0.628888 0.737472 0.037225
v 0.539364 0.913387 0.022776
v 0.628018 0.880420 -0.125079
v 0.663620 0.842693 -0.123511
v -0.885253 0.551603 -0.004924
v 0.623703 0.782951 0.043760
v 0.540925 0.951757 -0.064887
v 0.642795 0.866528 -0.124579
v 0.625159 0.679608 0.001864
v 0.534161 0.904834 0.022971
v 0.510424 0.952403 -0.015257
v 0.553309 0.940453 -0.102419
v 0.592436 0.920033 -0.104924
v 0.606149 0.900335 -0.120388
v 0.646265 0.853852 -0.124736
v 0.664620 0.836876 -0.130697
v 0.679344 0.795800 -0.136308
v 0.643814 0.675754 -0.107557
v -0.853058 0.503742 -0.058776
v 0.621994 0.659534 -0.079947
v 0.581311 0.835608 0.043096
v 0.523173 0.907494 0.024172
v 0.511658 0.925721 0.027995
v 0.542767 0.948206 -0.041166
v 0.642836 0.726086 -0.125546
v 0.615359 0.687263 -0.100158
v 0.620520 0.667636 -0.016511
v 0.597800 0.772668 0.041503
v 0.515468 0.912299 0.027828
v -0.870522 0.577125 -0.093219
v 0.553137 0.935019 -0.112758
v 0.564610 0.923159 -0.121225
v 0.642822 0.852077 -0.131449
v 0.665484 0.749296 -0.133524
v 0.604627 0.683660 -0.090084
v 0.577507 0.802590 0.042812
v 0.520179 0.897402 0.036552
v 0.532700 0.952270 -0.090271
v 0.606591 0.716807 0.023989
v 0.500857 0.961683 -0.033232
v 0.627516 0.867346 -0.124990
v 0.659743 0.820413 -0.136297
v 0.611311 0.716364 -0.114137
v 0.609166 0.669293 -0.029837
v 0.588204 0.707492 0.008975
v 0.521308 0.876464 0.042518
v 0.510529 0.940714 0.012865
v 0.496791 0.966078 -0.057060
v 0.610291 0.889018 -0.127124
v 0.617462 0.872780 -0.125558
v 0.622699 0.865540 -0.132484
v 0.602672 0.671172 -0.061289
v 0.595595 0.744708 0.033789
v -0.847163 0.505569 -0.023582
v 0.514059 0.903573 0.036770
v 0.597943 0.893578 -0.129294
v 0.604141 0.870904 -0.135837
v 0.594436 0.687150 -0.083015
v 0.536909 0.836295 0.044697
v 0.530467 0.840999 0.046801
v 0.608670 0.848202 -0.139474
v 0.586119 0.691192 -0.076182
v 0.607771 0.667230 -0.041846
v 0.558071 0.775340 0.034684
v 0.546658 0.790326 0.039528
v 0.537737 0.815805 0.046146
v 0.506443 0.917641 0.038757
v 0.501154 0.943405 0.021609
v 0.501444 0.952173 0.000889
v 0.566279 0.911851 -0.130734
v 0.607456 0.878153 -0.127050
v 0.630395 0.820209 -0.139586
v 0.615499 0.793385 -0.137982
v 0.541706 0.806776 0.042497
v 0.532409 0.820495 0.055960
v 0.522929 0.862046 0.047923
v 0.500026 0.936115 0.033797
v 0.494968 0.966994 -0.078010
v 0.574556 0.901498 -0.132101
v 0.591263 0.885878 -0.128138
v 0.602962 0.742285 -0.122947
v 0.571829 0.736138 -0.108542
v 0.597945 0.693099 -0.000432
v 0.586493 0.728133 0.023514
v 0.494689 0.962132 -0.014261
v 0.499689 0.959687 -0.107659
v -0.886335 0.602088 -0.025605
v 0.602781 0.876672 -0.133756
v 0.543173 0.772922 0.056143
v 0.522144 0.853527 0.059585
v 0.577691 0.892110 -0.129254
v 0.550787 0.777983 0.035233
v 0.501863 0.921020 0.048883
v 0.494604 0.951656 0.024828
v 0.514408 0.935499 -0.135862
v 0.548312 0.914934 -0.136324
v 0.565341 0.895814 -0.132928
v 0.580989 0.886762 -0.135593
v -0.872428 0.526879 -0.005649
v 0.585024 0.694364 -0.011816
v 0.569741 0.729397 0.014987
v 0.554351 0.900659 -0.134025
v 0.577600 0.779101 -0.130838
v 0.583933 0.690268 -0.065245
v 0.558567 0.758010 0.027231
v 0.553681 0.767575 0.032045
v -0.843983 0.502734 -0.046495
v 0.501381 0.788880 0.218350
v 0.492827 0.822740 0.213721
v 0.257880 1.489903 -0.106399
v 0.474619 0.861593 0.220963
v 0.161612 1.548616 -0.002084
v 0.152622 1.562594 -0.044585
v 0.109125 1.577736 -0.023240
v 0.107498 1.583382 -0.054855
v 0.187466 1.543784 -0.054079
v 0.233296 1.501652 0.004289
v 0.186875 1.516811 0.044782
v 0.193344 1.533285 -0.012753
v 0.148648 1.567237 -0.092479
v 0.090521 1.348300 0.248761
v 0.178393 1.358884 0.225643
v 0.046534 1.313137 0.254882
v 0.081303 1.273218 0.270071
v 0.125747 1.223357 0.263031
v 0.138593 1.221195 0.260601
v 0.123831 1.220873 0.273943
v 0.118441 1.235533 0.267744
v 0.157552 1.230548 0.259500
v 0.148111 1.220171 0.258196
v 0.151011 1.216892 0.266548
v 0.108969 1.227764 0.265215
v 0.146136 1.247544 0.265429
v 0.211907 1.276100 0.239909
v 0.217753 1.248745 0.234601
v -0.871629 0.551135 -0.095460
v 0.242639 1.263740 0.209204
v 0.238432 1.255297 0.213535
v 0.228292 1.271333 0.226641
v 0.245829 1.269756 0.203584
v 0.246773 1.283738 0.201386
v 0.233885 1.249787 0.217727
v -0.880672 0.589495 -0.088432
v 0.249742 1.281822 0.197739
v 0.243579 1.260390 0.210466
v 0.248919 1.257414 0.219024
v 0.229151 1.246282 0.222180
v 0.207503 1.249851 0.242507
v 0.191840 1.269614 0.251756
v 0.230044 1.291140 0.222625
v 0.180476 1.243951 0.254823
v 0.245407 1.304622 0.196931
v 0.249915 1.309239 0.184507
v 0.250494 1.292684 0.191759
v 0.230476 1.239857 0.230206
v 0.222873 1.238758 0.226290
v 0.250713 1.300433 0.188543
v 0.256918 1.277179 0.207186
v 0.260910 1.257476 0.220255
v -0.881127 0.586261 -0.002517
v 0.209749 1.233138 0.235170
v 0.179158 1.228055 0.251401
v 0.162959 1.219551 0.254166
v 0.106604 1.226301 0.276094
v 0.100304 1.231582 0.266417
v 0.132630 1.269425 0.268849
v 0.234674 1.319327 0.205668
v 0.261868 1.297661 0.195779
v 0.257468 1.234571 0.235136
v 0.218906 1.235275 0.229627
v 0.175281 1.220922 0.250131
v 0.139081 1.189630 0.288593
v 0.150692 1.191925 0.285131
v -0.875526 0.544850 -0.006837
v 0.094957 1.250050 0.270100
v 0.167581 1.270883 0.260453
v 0.201978 1.293686 0.243212
v 0.246056 1.332188 0.175566
v 0.248874 1.320047 0.180306
v 0.237708 1.236989 0.235653
v 0.200874 1.226892 0.239023
v 0.212714 1.230823 0.234862
v 0.191077 1.216831 0.258307
v 0.158219 1.207707 0.273066
v 0.243231 1.342141 0.172071
v 0.273716 1.281356 0.204940
v 0.188628 1.223361 0.245453
v 0.118925 1.189471 0.290269
v 0.087056 1.234132 0.275918
v 0.089567 1.236039 0.267177
v -0.816855 0.524971 -0.076280
v 0.111232 1.272892 0.270955
v 0.222463 1.316221 0.220336
v 0.256107 1.334123 0.179479
v 0.283060 1.271091 0.206907
v 0.215863 1.227178 0.244473
v 0.193131 1.220493 0.253633
v 0.154613 1.179201 0.288326
v 0.134123 1.180264 0.287312
v 0.073476 1.294607 0.266887
v 0.178238 1.301483 0.252171
v 0.205289 1.307191 0.237156
v 0.239640 1.341989 0.181604
v 0.267701 1.325018 0.183316
v 0.172140 1.170205 0.286517
v 0.121848 1.181050 0.295494
v 0.070117 1.224312 0.292884
v 0.078097 1.240823 0.266745
v 0.067947 1.267660 0.267877
v -0.875976 0.590319 -0.093660
v 0.239849 1.352301 0.168000
v 0.249894 1.363669 0.168855
v 0.280151 1.321646 0.180937
v 0.229656 1.220642 0.248458
v 0.174606 1.176611 0.284768
v 0.166017 1.163568 0.284486
v 0.145804 1.172251 0.285059
v 0.131768 1.171815 0.296700
v 0.109411 1.195076 0.292464
v 0.098734 1.209383 0.291924
v 0.052774 1.295100 0.261283
v 0.107860 1.298608 0.268209
v -0.886424 0.590910 -0.075850
v 0.182493 1.326264 0.242322
v 0.224500 1.353365 0.192820
v 0.256159 1.370668 0.163912
v 0.285859 1.227463 0.226175
v 0.216096 1.201531 0.262261
v 0.117903 1.167513 0.303059
v 0.118854 1.183902 0.302895
v 0.092963 1.204930 0.294317
v 0.071803 1.243808 0.265302
v 0.213286 1.346780 0.210213
v 0.225946 1.371290 0.170746
v 0.264874 1.224469 0.237914
v 0.142328 1.169102 0.293523
v 0.116290 1.217650 0.280195
v 0.059569 1.254889 0.264165
v 0.048843 1.260219 0.261325
v 0.022913 1.304963 0.242881
v 0.023666 1.297187 0.247294
v 0.016774 1.314303 0.247591
v 0.031436 1.302317 0.250123
v 0.019569 1.296580 0.257121
v 0.019163 1.321636 0.235905
v 0.071538 1.318034 0.260506
v 0.138866 1.313257 0.259983
v 0.234409 1.364105 0.163879
v 0.292184 1.304573 0.183942
v 0.301973 1.271207 0.195754
v 0.160209 1.161193 0.284336
v 0.103240 1.192906 0.304696
v 0.055132 1.250470 0.273841
v -0.859330 0.520412 -0.005952
v 0.034105 1.280712 0.254522
v 0.027468 1.289137 0.249546
v 0.010030 1.315111 0.252153
v 0.032661 1.326855 0.242603
v 0.099991 1.321777 0.261379
v -0.844771 0.513973 -0.011898
v 0.200575 1.337851 0.226082
v 0.239615 1.368372 0.165434
v 0.270823 1.364353 0.159835
v 0.211977 1.161555 0.278898
v 0.169766 1.156050 0.281084
v 0.120709 1.153648 0.318790
v 0.063100 1.218643 0.295988
v -0.839813 0.511566 -0.069461
v 0.023044 1.318007 0.238873
v 0.229015 1.373680 0.160411
v 0.192276 1.150329 0.282053
v 0.185277 1.147423 0.278826
v 0.162122 1.155061 0.292471
v 0.113660 1.161334 0.309595
v 0.111996 1.170631 0.322489
v 0.078130 1.205318 0.305005
v 0.040115 1.270379 0.257643
v 0.204080 1.365169 0.204059
v -0.870204 0.563783 -0.098247
v 0.212958 1.147365 0.280503
v 0.055754 1.253371 0.264938
v 0.031474 1.279681 0.255217
v 0.030234 1.275794 0.264596
v 0.016794 1.281923 0.267477
v 0.009520 1.348526 0.238271
v 0.050310 1.334320 0.247701
v 0.155413 1.345952 0.242238
v 0.240695 1.383073 0.162267
v 0.107707 1.157526 0.315719
v 0.101201 1.162092 0.334166
v -0.004199 1.288188 0.265726
v 0.019253 1.340510 0.227177
v 0.116837 1.348719 0.247998
v -0.883398 0.625132 -0.046919
v 0.284946 1.366000 0.146573
v 0.184950 1.144811 0.279002
v 0.112259 1.164253 0.323384
v 0.001336 1.284565 0.268489
v -0.012759 1.288153 0.263417
v 0.000124 1.319018 0.251974
v -0.877183 0.581445 -0.001059
v 0.219665 1.387573 0.156469
v -0.871554 0.576004 -0.002967
v -0.872138 0.569679 -0.003546
v 0.308968 1.291287 0.178692
v 0.330115 1.252943 0.181551
v 0.339174 1.162345 0.221630
v 0.316029 1.156960 0.240739
v 0.251248 1.165314 0.266727
v 0.199329 1.138473 0.276716
v 0.186346 1.135121 0.289701
v 0.158313 1.143052 0.307831
v 0.136299 1.135411 0.329908
v 0.105256 1.153751 0.320277
v 0.085791 1.165547 0.338234
v 0.038115 1.237430 0.292883
v -0.009394 1.305873 0.254906
v 0.019101 1.349514 0.222841
v 0.211064 1.385390 0.175242
v 0.225784 1.395087 0.158449
v 0.252741 1.416301 0.131023
v 0.337767 1.130982 0.233646
v 0.098685 1.153268 0.326358
v 0.045889 1.249073 0.281790
v -0.018625 1.290089 0.257895
v 0.018259 1.333028 0.230803
v 0.185278 1.381583 0.202736
v 0.300672 1.326135 0.163209
v 0.358533 1.128942 0.217060
v 0.289261 1.156355 0.255040
v 0.222318 1.128552 0.275364
v 0.127506 1.143768 0.328207
v -0.845598 0.523495 -0.083524
v 0.099288 1.157879 0.334819
v 0.038517 1.215448 0.311241
v 0.031932 1.232310 0.296498
v -0.003385 1.340489 0.241607
v -0.001614 1.363293 0.233164
v 0.071082 1.359914 0.239091
v 0.137199 1.369131 0.231832
v 0.222302 1.415438 0.152258
v 0.363962 1.154064 0.201422
v 0.200346 1.131835 0.276264
v 0.152462 1.134080 0.318469
v 0.015788 1.242339 0.293167
v -0.024087 1.288620 0.249990
v -0.019566 1.296512 0.246820
v -0.008966 1.323443 0.244559
v 0.011274 1.368640 0.228218
v 0.016520 1.356498 0.220686
v 0.190097 1.402278 0.175429
v 0.210652 1.397912 0.155418
v -0.884029 0.617584 -0.063936
v 0.327369 1.388316 0.065531
v 0.310413 1.382334 0.100697
v 0.385166 1.088544 0.196534
v 0.374835 1.117204 0.202704
v 0.358429 1.091163 0.224265
v 0.206337 1.129014 0.272385
v 0.173747 1.127992 0.303343
v 0.089220 1.150124 0.332382
v 0.084449 1.156524 0.341789
v 0.028237 1.370619 0.215691
v 0.110155 1.382512 0.226102
v 0.219647 1.409643 0.155482
v 0.305287 1.414372 0.066059
v 0.333461 1.360554 0.089382
v 0.293021 1.143950 0.257093
v 0.212807 1.124810 0.268947
v 0.208976 1.119390 0.278764
v 0.158058 1.125983 0.313710
v 0.100930 1.148836 0.330424
v -0.036096 1.262993 0.271876
v -0.032020 1.298914 0.252869
v -0.016952 1.307540 0.241995
v -0.015558 1.316747 0.238178
v -0.012216 1.331384 0.233295
v -0.008545 1.358577 0.229680
v 0.004927 1.380218 0.226180
v -0.830852 0.511135 -0.022717
v 0.015037 1.368355 0.221481
v 0.019283 1.359421 0.217141
v 0.085325 1.376234 0.230559
v 0.197352 1.411882 0.152211
v 0.207502 1.403211 0.152440
v 0.238459 1.420848 0.138924
v 0.290803 1.426245 0.071179
v 0.304412 1.428603 0.036129
v 0.331919 1.283794 0.158581
v 0.403259 1.091818 0.171867
v 0.335779 1.095470 0.241557
v 0.245184 1.139498 0.273932
v 0.037340 1.162959 0.353641
v -0.034306 1.268778 0.265124
v -0.031256 1.277917 0.253984
v -0.015235 1.324154 0.235050
v -0.012017 1.351234 0.223416
v -0.008291 1.385333 0.219905
v 0.144888 1.389393 0.213528
v 0.327601 1.403750 0.029172
v 0.331734 1.338114 0.113503
v 0.357485 1.238832 0.156433
v 0.389823 1.127170 0.180083
v 0.400508 1.059448 0.195631
v 0.275617 1.110587 0.267720
v 0.238454 1.115910 0.273036
v 0.220032 1.115456 0.268953
v 0.121590 1.136751 0.337183
v 0.080791 1.149335 0.336912
v 0.065687 1.160100 0.347661
v 0.010759 1.228155 0.305243
v 0.000956 1.236191 0.296411
v -0.015091 1.337209 0.229052
v -0.879193 0.606087 -0.005785
v -0.874106 0.607690 0.000778
v 0.264518 1.458467 0.054620
v 0.381557 1.153381 0.177988
v 0.373765 1.079683 0.213638
v 0.227591 1.111023 0.268623
v 0.195233 1.120587 0.287805
v 0.180645 1.116880 0.295656
v 0.134925 1.124144 0.327515
v 0.121639 1.129218 0.337962
v 0.069449 1.149409 0.340390
v 0.060628 1.156009 0.349506
v 0.020426 1.200162 0.327791
v -0.024210 1.261024 0.279738
v -0.015228 1.352067 0.221389
v -0.871000 0.545910 0.001822
v -0.014416 1.364245 0.214691
v -0.011822 1.383116 0.215603
v -0.002178 1.389809 0.220789
v 0.172133 1.422286 0.162326
v 0.188394 1.417645 0.151475
v 0.194833 1.420718 0.151817
v 0.270750 1.467595 0.015045
v 0.355217 1.305675 0.104673
v 0.304522 1.111856 0.256097
v 0.248395 1.112940 0.273259
v -0.832575 0.507014 -0.034716
v 0.017588 1.160781 0.357822
v -0.006024 1.185028 0.341109
v -0.038275 1.268240 0.258367
v 0.019348 1.371702 0.209635
v 0.171223 1.399323 0.192403
v 0.240222 1.446083 0.106670
v 0.234109 1.489110 0.039360
v 0.197320 1.521260 0.018948
v 0.169537 1.531277 0.034886
v 0.334638 1.402411 -0.004422
v 0.346256 1.379407 0.018860
v 0.419050 1.050226 0.174572
v 0.415761 1.007214 0.212659
v 0.392196 1.016391 0.236265
v 0.433258 0.938190 0.233721
v -0.860006 0.547379 -0.097523
v 0.403082 0.974648 0.248824
v -0.864988 0.581430 -0.104024
v 0.225797 1.107468 0.268478
v 0.218194 1.105026 0.273185
v 0.191881 1.109869 0.286582
v 0.103613 1.129274 0.346336
v 0.078081 1.142410 0.349867
v 0.040320 1.155953 0.354904
v -0.012696 1.161860 0.356914
v -0.053279 1.292729 0.263135
v -0.046617 1.318319 0.254569
v -0.024075 1.341599 0.232778
v 0.014917 1.392944 0.215222
v 0.102373 1.412411 0.199405
v 0.139311 1.419931 0.183967
v 0.091859 1.590083 -0.083633
v 0.111696 1.581566 -0.114097
v 0.215507 1.521728 -0.029742
v 0.319299 1.425610 -0.039488
v 0.352603 1.352845 0.053532
v 0.373641 1.254536 0.114763
v 0.398859 1.136803 0.160194
v 0.418351 1.089731 0.147911
v 0.416227 0.953375 0.245274
v 0.356596 1.074598 0.232918
v 0.325221 1.088688 0.251036
v 0.149391 1.112588 0.308786
v 0.053039 1.149505 0.344526
v -0.020417 1.361575 0.219805
v -0.015023 1.374195 0.208407
v 0.022917 1.387251 0.200015
v 0.041638 1.382574 0.213069
v 0.201464 1.425997 0.153001
v -0.867477 0.595457 0.000281
v 0.127832 1.558039 0.016305
v 0.206013 1.532505 -0.091477
v 0.323523 1.421676 -0.087311
v 0.364764 1.318266 0.068453
v 0.439943 0.995501 0.182182
v 0.460250 0.889984 0.226262
v 0.458765 0.933355 0.192621
v 0.449830 0.902913 0.232799
v 0.368948 1.051856 0.236480
v 0.301963 1.096861 0.261178
v 0.255031 1.104726 0.274876
v 0.240917 1.105913 0.275257
v 0.201031 1.102548 0.278093
v 0.093666 1.137106 0.348967
v -0.044472 1.163888 0.350724
v -0.013026 1.223885 0.307907
v -0.047185 1.258543 0.262048
v -0.008898 1.407870 0.207169
v 0.008899 1.411414 0.207472
v 0.019834 1.384492 0.202748
v 0.069926 1.422264 0.186301
v 0.175409 1.426609 0.150965
v 0.067473 1.594740 -0.045145
v 0.143582 1.564971 -0.130685
v 0.236163 1.507365 -0.040029
v 0.299418 1.450382 -0.082353
v 0.345340 1.392497 -0.064009
v 0.471973 0.932290 0.164914
v 0.413207 0.948425 0.245764
v 0.401452 0.966981 0.251272
v 0.380069 0.996269 0.260177
v -0.871571 0.611630 -0.095532
v 0.155889 1.101806 0.292868
v 0.022816 1.149309 0.348094
v -0.050876 1.157120 0.351158
v -0.015453 1.242167 0.293002
v -0.053864 1.256682 0.263482
v -0.015342 1.386992 0.201175
v 0.180843 1.431299 0.152294
v 0.207757 1.455051 0.124485
v 0.354350 1.373865 -0.026191
v 0.433116 1.058737 0.141039
v -0.876009 0.637479 -0.022623
v 0.519705 0.817139 0.138687
v -0.861063 0.615752 0.002471
v 0.495617 0.865638 0.166130
v 0.432596 0.925784 0.239585
v 0.390543 0.982675 0.255976
v 0.270227 1.096422 0.274617
v 0.186433 1.102758 0.281874
v 0.138229 1.099121 0.299466
v 0.130332 1.103623 0.311098
v 0.106746 1.108054 0.331661
v 0.080634 1.132539 0.354386
v 0.010299 1.153623 0.356330
v -0.032267 1.156101 0.354727
v -0.022792 1.231101 0.296838
v -0.065008 1.311624 0.262583
v -0.052389 1.343565 0.245311
v 0.017184 1.407938 0.205644
v 0.023440 1.397059 0.194087
v 0.050819 1.416831 0.187331
v 0.151273 1.436911 0.151778
v 0.163059 1.432009 0.150879
v 0.181628 1.439513 0.152321
v 0.206727 1.479989 0.090153
v 0.187582 1.543994 -0.111394
v 0.326749 1.410237 -0.130134
v 0.457797 0.882669 0.231641
v 0.449826 0.896803 0.234151
v 0.426166 0.936454 0.242408
v 0.174803 1.102460 0.285842
v 0.163552 1.102293 0.289277
v 0.052261 1.136870 0.359981
v 0.056556 1.143315 0.353334
v -0.067119 1.156325 0.347273
v -0.070213 1.161053 0.346105
v -0.036361 1.195266 0.328027
v -0.062027 1.248501 0.264167
v -0.018426 1.394606 0.196113
v -0.863024 0.603128 -0.097486
v -0.000112 1.414655 0.205607
v 0.187447 1.443538 0.147545
v 0.169517 1.511979 0.071685
v 0.135725 1.534934 0.058773
v 0.065207 1.583820 0.003666
v 0.091736 1.582222 -0.139885
v 0.271283 1.478627 -0.055587
v 0.302938 1.443853 -0.112186
v 0.414712 1.135194 0.128393
v 0.468591 0.976470 0.132278
v 0.477750 0.841236 0.226446
v 0.470079 0.861874 0.227374
v 0.439092 0.911426 0.237057
v 0.429203 0.910848 0.237033
v 0.412224 0.941491 0.243044
v 0.398452 0.954817 0.246335
v 0.390541 0.964001 0.249418
v 0.389929 0.975421 0.254415
v 0.381328 0.976861 0.254446
v 0.372412 0.983110 0.257523
v 0.364715 1.008133 0.267500
v 0.323667 1.066862 0.262725
v 0.225818 1.097891 0.282112
v 0.079597 1.108014 0.343109
v -0.002214 1.149471 0.348682
v -0.079956 1.158365 0.343991
v -0.041116 1.219439 0.303884
v -0.049014 1.221550 0.296321
v -0.049960 1.230795 0.293361
v -0.864345 0.602785 0.004379
v -0.867165 0.578715 0.008766
v -0.014021 1.403868 0.205069
v 0.030051 1.398109 0.195855
v 0.164229 1.440635 0.153268
v 0.061603 1.595201 -0.119371
v 0.180735 1.541103 -0.146849
v 0.343718 1.392919 -0.090810
v 0.366982 1.349845 -0.067901
v 0.371373 1.329731 0.010655
v 0.514134 0.789066 0.185330
v 0.462036 0.868623 0.229995
v 0.448454 0.876706 0.230700
v 0.443619 0.884603 0.232336
v 0.422366 0.922892 0.238480
v 0.408260 0.940780 0.245385
v 0.243609 1.090072 0.287097
v 0.144630 1.098709 0.296998
v 0.059468 1.121484 0.355504
v 0.004713 1.138580 0.362281
v -0.000295 1.146600 0.349931
v -0.029692 1.149665 0.344617
v -0.827205 0.509858 -0.054167
v -0.054335 1.244890 0.281025
v -0.063966 1.244847 0.273627
v -0.067761 1.275798 0.268680
v -0.059562 1.381568 0.221898
v -0.029147 1.386998 0.207226
v 0.028998 1.408170 0.185098
v 0.093401 1.437634 0.170864
v 0.100369 1.557264 0.041022
v 0.033333 1.603833 -0.070587
v 0.037781 1.602933 -0.092130
v 0.119993 1.564769 -0.164817
v 0.156939 1.548302 -0.164732
v 0.226825 1.513079 -0.128408
v 0.269727 1.473269 -0.138155
v 0.272461 1.463500 -0.163167
v 0.306590 1.429837 -0.150656
v 0.403198 1.191500 0.100800
v 0.441031 1.071355 0.109969
v 0.486294 0.937186 0.117651
v 0.497746 0.914291 0.098284
v 0.489181 0.814794 0.223327
v 0.483149 0.818403 0.226054
v 0.453640 0.865596 0.229325
v 0.436847 0.899396 0.234167
v 0.417445 0.928943 0.241464
v 0.372843 0.993876 0.262857
v 0.160785 1.093901 0.299614
v 0.121501 1.096222 0.307381
v -0.027487 1.146508 0.345193
v -0.053187 1.149646 0.340525
v -0.099777 1.167225 0.331211
v -0.073499 1.241532 0.265508
v -0.073264 1.328179 0.258323
v -0.022609 1.405905 0.188547
v -0.020428 1.407418 0.189493
v 0.035745 1.421811 0.175719
v 0.129582 1.438196 0.162916
v 0.373968 1.306198 0.048539
v 0.507760 0.832353 0.163315
v 0.509588 0.764396 0.216337
v 0.504825 0.760054 0.223592
v 0.497767 0.784880 0.224191
v 0.471362 0.842335 0.227270
v 0.419158 0.920896 0.247000
v 0.385536 0.968080 0.254010
v 0.354100 1.010200 0.272321
v 0.342446 1.024090 0.276168
v 0.283035 1.074080 0.280727
v 0.203339 1.094040 0.290649
v 0.058287 1.102916 0.345053
v -0.052198 1.146226 0.340183
v -0.088818 1.156017 0.340048
v -0.083487 1.282368 0.270487
v -0.075128 1.364064 0.238525
v -0.019579 1.422124 0.193234
v 0.024849 1.417453 0.193592
v 0.052470 1.434456 0.167685
v 0.177895 1.484307 0.107761
v 0.020360 1.588678 0.012836
v 0.024885 1.600365 -0.025930
v 0.222393 1.504701 -0.171273
v 0.341100 1.374727 -0.151882
v 0.358321 1.358472 -0.114744
v 0.426798 1.132591 0.093512
v 0.485657 0.975916 -0.036985
v 0.488228 0.960970 -0.120741
v 0.505512 0.948966 -0.124013
v 0.571961 0.876058 -0.141055
v 0.511473 0.730954 0.223384
v 0.509650 0.721629 0.224441
v 0.514993 0.687819 0.226419
v 0.519019 0.692290 0.223349
v 0.522010 0.661564 0.226489
v 0.522495 0.697892 0.216656
v 0.491337 0.796865 0.224758
v 0.459971 0.852722 0.227586
v 0.391535 0.930770 0.282609
v 0.364577 0.989966 0.262174
v 0.355824 0.997032 0.265701
v 0.348314 1.002277 0.270081
v 0.124323 1.092898 0.306990
v 0.101243 1.089543 0.314455
v -0.074208 1.149298 0.333892
v -0.105730 1.161145 0.327904
v -0.109701 1.170541 0.320038
v -0.089053 1.248256 0.269351
v -0.026791 1.414631 0.182881
v -0.839162 0.540706 -0.094994
v 0.143102 1.453659 0.154928
v 0.013057 1.603099 -0.118758
v 0.313810 1.411025 -0.172769
v 0.425457 1.148512 0.070420
v 0.488778 0.966008 0.015171
v 0.566880 0.827589 -0.140382
v 0.551796 0.782530 -0.127855
v 0.561318 0.761826 -0.120360
v 0.571255 0.720278 -0.093676
v 0.551739 0.741617 0.046684
v -0.864465 0.626994 -0.097877
v 0.533025 0.573253 0.223360
v 0.530576 0.605389 0.225246
v 0.465049 0.270161 0.150899
v 0.483244 0.279275 -0.127687
v 0.474401 0.262132 -0.094565
v -0.876707 0.628814 -0.078410
v 0.451451 0.246428 -0.156292
v 0.497319 0.288788 -0.055982
v 0.522812 0.509987 0.234386
v 0.528902 0.527291 0.228502
v 0.526198 0.493977 0.224434
v 0.521687 0.477098 0.229687
v 0.513319 0.447254 0.234871
v 0.506672 0.413909 0.233940
v 0.506121 0.422852 0.238627
v 0.459198 0.247470 0.084090
v 0.491588 0.280864 0.009856
v 0.396734 0.254399 0.265261
v 0.374643 0.244476 0.283453
v 0.410351 0.270210 0.264381
v 0.415298 0.260583 0.265671
v 0.382858 0.242302 0.265860
v 0.375301 0.236509 0.266275
v 0.393029 0.259108 0.280287
v 0.484294 0.308082 0.169904
v 0.477880 0.332918 0.234381
v 0.460471 0.311789 0.252433
v 0.456774 0.290655 0.230295
v 0.448806 0.299026 0.258558
v 0.457599 0.319108 0.257904
v -0.867544 0.627855 0.001971
v 0.474549 0.342167 0.250964
v 0.441355 0.282892 0.255684
v 0.433499 0.279635 0.262058
v -0.859849 0.610894 0.011930
v 0.446369 0.303979 0.259857
v 0.464201 0.328257 0.255768
v 0.484726 0.363129 0.247631
v 0.506340 0.345146 0.153388
v 0.498923 0.311654 0.111527
v 0.478326 0.273598 0.094187
v 0.513007 0.324124 0.065785
v 0.450425 0.269402 0.206469
v 0.424661 0.263724 0.261166
v 0.422682 0.272294 0.263770
v 0.471771 0.347017 0.253396
v 0.501787 0.301007 0.049313
v 0.421387 0.282227 0.261941
v 0.436502 0.290718 0.261237
v 0.431878 0.296503 0.260652
v 0.440426 0.309048 0.258404
v 0.490699 0.368923 0.240004
v 0.514764 0.380677 0.173608
v 0.370549 0.262099 0.307986
v 0.447601 0.321625 0.257508
v 0.463810 0.351884 0.253561
v 0.482475 0.363221 0.250077
v 0.404475 0.244976 0.265374
v 0.396658 0.243704 0.267338
v 0.352773 0.221337 0.267735
v -0.805663 0.525474 -0.069594
v 0.385412 0.280742 0.310760
v 0.456128 0.335671 0.254573
v -0.808086 0.539316 -0.087086
v 0.509783 0.449034 0.238571
v 0.473658 0.256745 -0.021187
v 0.453076 0.234090 0.008664
v 0.366494 0.230479 0.267770
v 0.346243 0.222404 0.277883
v 0.349815 0.243176 0.303505
v 0.409933 0.279045 0.277790
v 0.430297 0.303646 0.273077
v 0.468729 0.360687 0.250135
v 0.500950 0.418195 0.241969
v 0.515377 0.476645 0.237332
v 0.512938 0.312373 -0.023693
v 0.503328 0.302619 -0.091391
v 0.469057 0.277004 -0.183975
v 0.439367 0.225477 0.070688
v -0.876460 0.646952 -0.053940
v 0.441849 0.319151 0.268716
v 0.456826 0.343288 0.264462
v 0.480689 0.385591 0.246351
v 0.493910 0.390395 0.244548
v 0.491911 0.410018 0.242855
v 0.503884 0.456261 0.238890
v 0.504764 0.473641 0.238043
v 0.515119 0.529930 0.234868
v 0.523491 0.607831 0.230279
v -0.866755 0.665959 -0.034508
v 0.511219 0.653088 0.227439
v 0.509102 0.673441 0.226573
v 0.504864 0.699382 0.226359
v 0.485951 0.784402 0.224508
v 0.463309 0.844561 0.227012
v 0.337534 1.019154 0.279191
v 0.116778 1.074788 0.317146
v 0.030578 1.130255 0.361873
v -0.022265 1.141961 0.355312
v -0.072340 1.146295 0.335316
v -0.099602 1.156301 0.330660
v -0.079906 1.208420 0.293985
v -0.097269 1.313537 0.264157
v -0.039621 1.424097 0.177648
v 0.022674 1.425303 0.193070
v 0.042645 1.426542 0.172339
v 0.134754 1.441693 0.152521
v 0.053127 1.568955 0.042639
v -0.015693 1.606842 -0.103376
v 0.005493 1.602505 -0.122788
v 0.024621 1.594185 -0.153780
v 0.051603 1.588692 -0.155980
v 0.392921 1.276979 -0.102124
v 0.402044 1.229666 -0.137365
v 0.482875 0.977501 -0.070636
v 0.482476 0.973426 -0.095927
v 0.531502 0.907681 -0.137467
v 0.544968 0.899258 -0.141796
v -0.842135 0.528434 -0.001194
v 0.583298 0.690199 -0.029484
v 0.558055 0.748468 0.020584
v 0.555404 0.755117 0.028638
v 0.530706 0.802057 0.107024
v 0.530382 0.725902 0.182776
v 0.528530 0.650569 0.219790
v 0.539714 0.448242 0.155728
v 0.531589 0.375645 0.097640
v 0.495942 0.308752 -0.154514
v 0.436030 0.243241 0.178555
v 0.391354 0.233614 0.266378
v 0.379821 0.227487 0.269200
v 0.342121 0.215302 0.268063
v 0.320014 0.209492 0.280258
v 0.347970 0.285134 0.348728
v 0.475682 0.376575 0.248880
v 0.508954 0.498124 0.237684
v 0.512094 0.530034 0.236968
v 0.522659 0.534598 0.234456
v 0.528103 0.566148 0.231402
v 0.501134 0.722619 0.226199
v 0.493107 0.758423 0.224737
v 0.481598 0.796177 0.225793
v 0.478221 0.806883 0.225152
v 0.470744 0.825462 0.226086
v 0.450308 0.835903 0.259983
v 0.417599 0.886063 0.278230
v 0.364009 0.968163 0.286345
v 0.339148 1.008481 0.273540
v 0.323792 1.031387 0.284174
v 0.295929 1.040108 0.294415
v 0.279437 1.043226 0.300258
v -0.084762 1.148938 0.328924
v -0.850419 0.566882 -0.105497
v -0.084283 1.234427 0.275524
v -0.089536 1.233575 0.265218
v -0.090806 1.350821 0.247795
v -0.062099 1.414118 0.195292
v -0.034393 1.422322 0.176446
v 0.029406 1.414568 0.183391
v 0.116969 1.443981 0.155968
v 0.132185 1.449843 0.155910
v 0.160800 1.481210 0.121179
v 0.124408 1.524890 0.082750
v 0.059914 1.553963 0.066051
v -0.858681 0.603319 -0.107437
v 0.006965 1.613010 -0.100172
v -0.009760 1.605235 -0.097815
v -0.010519 1.602201 -0.120614
v 0.177988 1.527854 -0.185918
v 0.248389 1.468307 -0.202582
v -0.857597 0.620903 -0.100117
v -0.863407 0.644993 -0.093261
v 0.533653 0.915677 -0.139577
v 0.558073 0.740982 0.014984
v 0.444353 0.229374 -0.084870
v 0.360651 0.217334 0.270142
v 0.330650 0.209647 0.269318
v 0.469086 0.372090 0.264780
v 0.485051 0.399672 0.245595
v 0.492805 0.426508 0.242151
v 0.512030 0.621457 0.231043
v 0.490230 0.768412 0.226293
v 0.364604 0.876417 0.345947
v 0.252409 1.048847 0.306570
v 0.203310 1.074724 0.303493
v 0.067576 1.079308 0.321764
v -0.040525 1.137012 0.357569
v -0.066098 1.139691 0.350121
v -0.093753 1.149899 0.324612
v -0.100060 1.152761 0.320658
v -0.107276 1.156889 0.313669
v -0.032989 1.425483 0.176502
v -0.028606 1.430229 0.184404
v 0.041821 1.430356 0.173099
v 0.062023 1.439273 0.164109
v 0.080494 1.444707 0.159759
v 0.148936 1.468693 0.140738
v 0.102838 1.518805 0.101697
v 0.006611 1.573939 0.043589
v -0.019967 1.585390 0.020972
v -0.852590 0.542302 0.005095
v -0.003073 1.604816 -0.123877
v 0.063485 1.575733 -0.181201
v 0.280356 1.438548 -0.197957
v 0.451952 1.059524 0.081745
v 0.508022 0.928980 -0.144432
v 0.558305 0.793744 -0.133537
v 0.561371 0.725273 0.002637
v 0.552545 0.546557 0.152056
v 0.556806 0.481987 0.113759
v -0.809417 0.520255 -0.028671
v 0.542892 0.419345 0.113617
v 0.539364 0.376585 0.047742
v 0.422649 0.223917 0.148796
v 0.413575 0.242920 0.247554
v 0.383601 0.221037 0.258902
v 0.323151 0.204766 0.269082
v 0.363005 0.304102 0.350695
v 0.489621 0.414700 0.245398
v 0.497844 0.445883 0.241935
v 0.498785 0.456635 0.248409
v 0.506476 0.502880 0.247395
v 0.514920 0.554714 0.233871
v 0.515546 0.594289 0.231086
v 0.506506 0.654326 0.239645
v 0.497419 0.741695 0.224806
v 0.329443 1.013303 0.277918
v 0.320920 1.025194 0.285394
v 0.102804 1.086672 0.313747
v 0.030653 1.098790 0.346122
v -0.077185 1.203243 0.303349
v -0.074784 1.219276 0.292433
v -0.113175 1.365977 0.237608
v -0.039524 1.430019 0.171344
v 0.048461 1.441450 0.173749
v 0.074053 1.442585 0.160776
v 0.104506 1.445763 0.156575
v -0.015049 1.574929 0.041735
v -0.001608 1.598469 -0.012120
v -0.012425 1.602343 -0.031739
v -0.017534 1.602815 -0.109330
v 0.072691 1.558895 -0.211918
v 0.134038 1.545311 -0.196493
v 0.330254 1.360106 -0.203508
v 0.376113 1.270024 -0.185331
v 0.391409 1.248454 -0.158572
v 0.443492 1.106459 -0.070210
v 0.475879 1.000330 0.036865
v 0.467642 1.018664 0.067675
v 0.478372 0.990303 -0.037258
v 0.521633 0.904456 -0.147459
v 0.539954 0.882354 -0.148100
v 0.560912 0.849049 -0.143314
v 0.558183 0.734000 0.010223
v 0.436977 0.242510 -0.200113
v 0.419628 0.205957 0.013273
v 0.312697 0.199528 0.269284
v 0.300474 0.193663 0.269120
v 0.230151 0.223959 0.355774
v 0.342959 0.304999 0.366937
v 0.485125 0.405530 0.253128
v 0.492997 0.737213 0.239633
v 0.476192 0.782316 0.247745
v 0.471681 0.814616 0.235055
v 0.383019 0.838477 0.346039
v 0.298004 1.024640 0.289423
v 0.087076 1.080936 0.317621
v -0.011550 1.104607 0.349637
v -0.020611 1.130993 0.360853
v -0.114354 1.170916 0.307111
v -0.116292 1.283264 0.268966
v -0.140349 1.312886 0.258480
v -0.054653 1.436131 0.167507
v -0.046944 1.435407 0.168187
v 0.034398 1.433975 0.182379
v -0.006235 1.605683 -0.064529
v 0.312531 1.392972 -0.201795
v 0.476019 0.975612 -0.113069
v 0.512769 0.921779 -0.144221
v 0.514880 0.911532 -0.141218
v 0.548627 0.772642 -0.119798
v 0.557206 0.731607 -0.084227
v 0.557983 0.725090 -0.074415
v 0.562597 0.710946 -0.047960
v 0.548813 0.706903 0.113937
v 0.546866 0.649029 0.155928
v 0.530133 0.347541 0.000390
v 0.449067 0.272184 -0.233473
v 0.391032 0.188585 -0.128010
v 0.343774 0.207350 0.271686
v 0.242757 0.177109 0.279220
v 0.238426 0.206794 0.329702
v 0.279133 0.214864 0.313268
v 0.330772 0.280877 0.355697
v 0.447277 0.341595 0.279092
v 0.508269 0.598408 0.246200
v 0.500619 0.703867 0.237415
v 0.320245 1.016804 0.281462
v -0.827640 0.565876 -0.106119
v 0.309372 1.020648 0.285559
v 0.307541 1.032114 0.291468
v 0.202955 1.052482 0.317843
v 0.160828 1.052183 0.326985
v -0.079625 1.133027 0.350033
v -0.099190 1.138268 0.340530
v -0.847027 0.602981 -0.112955
v -0.096225 1.397313 0.213474
v -0.035315 1.442294 0.178341
v 0.071516 1.451262 0.166395
v 0.136586 1.460549 0.152850
v 0.063368 1.527337 0.101697
v -0.007354 1.598432 -0.142068
v 0.199291 1.502660 -0.209319
v 0.474856 0.991608 -0.076652
v 0.471416 0.984046 -0.116203
v 0.478178 0.958573 -0.139636
v 0.488099 0.945345 -0.143802
v 0.546897 0.810419 -0.139227
v 0.555146 0.744695 -0.101490
v 0.559752 0.716349 -0.058821
v 0.562381 0.714016 -0.018162
v 0.562309 0.719866 -0.004917
v 0.558520 0.724349 0.002614
v 0.564936 0.470796 0.051008
v -0.865070 0.669921 -0.062162
v 0.556654 0.434085 0.059718
v 0.523184 0.340521 -0.090139
v 0.414798 0.230398 -0.227853
v 0.389003 0.194140 -0.177155
v 0.373348 0.193694 -0.217429
v 0.262972 0.006300 -0.143029
v 0.286736 0.009607 -0.154159
v 0.479604 0.140833 -0.020795
v 0.338606 0.021138 0.257451
v 0.339430 0.029300 0.262851
v 0.437854 0.019074 0.239787
v 0.502212 0.033273 0.254461
v 0.493446 0.022195 0.257949
v 0.468995 0.031951 0.260591
v 0.488208 0.029721 0.262312
v 0.507984 0.030093 0.217076
v 0.505028 0.028756 0.247287
v 0.502440 0.016383 0.235123
v 0.494702 0.014885 0.251232
v 0.506104 0.048945 0.245249
v -0.860343 0.667915 -0.015406
v 0.468906 0.042354 0.261220
v 0.488314 0.051607 0.261849
v 0.498937 0.059354 0.252105
v 0.498309 0.044801 0.259178
v 0.504681 0.021590 0.206480
v 0.498713 0.010398 0.209553
v 0.488452 0.006200 0.242922
v 0.462125 0.019528 0.255121
v 0.490351 0.059189 0.257811
v 0.504129 0.038484 0.173298
v 0.561305 0.051732 0.053209
v -0.854448 0.631666 0.003555
v 0.553793 0.062647 0.030278
v 0.544112 0.071388 0.008468
v 0.548701 0.050252 0.010624
v 0.523338 0.067621 -0.035499
v 0.504142 0.043702 -0.072365
v 0.505004 0.068141 -0.069305
v -0.858767 0.600050 0.014053
v 0.531349 0.043930 -0.024933
v 0.557419 0.029987 0.039302
v 0.565654 0.041920 0.080571
v 0.557989 0.020685 0.145557
v 0.544236 0.032875 0.180650
v 0.534542 0.037863 0.183313
v 0.546522 0.048110 0.179484
v 0.546935 0.021734 0.174131
v 0.534035 0.017183 0.177364
v 0.521347 0.022744 0.178514
v 0.555991 0.031391 0.165049
v 0.512677 0.038297 0.177252
v 0.562408 0.039648 0.147465
v 0.549891 0.063366 0.167887
v 0.553385 0.042495 0.173150
v 0.566277 0.038871 0.115713
v 0.550951 0.017628 0.161896
v 0.515992 0.015240 0.173581
v 0.503600 0.024342 0.169446
v 0.523322 0.055107 0.178654
v 0.534533 0.059869 0.178596
v 0.540145 0.068426 0.172199
v 0.522264 0.089840 -0.023540
v 0.547123 0.034441 0.009238
v 0.564255 0.027794 0.083638
v 0.561595 0.019532 0.120726
v 0.537850 0.009428 0.167267
v 0.479485 0.010151 0.253406
v 0.456941 0.010255 0.246869
v 0.450249 0.032914 0.252775
v 0.506786 0.058390 0.231635
v 0.509141 0.044141 0.219715
v 0.557178 0.055541 0.159353
v 0.500014 0.025887 0.169897
v 0.496315 0.007939 0.229281
v 0.440999 0.009758 0.236070
v 0.436485 0.028850 0.242300
v 0.433766 0.026043 0.239855
v 0.436028 0.032387 0.244946
v 0.430829 0.016503 0.257303
v 0.398944 0.021493 0.300873
v 0.383473 0.029165 0.301873
v 0.391054 0.040228 0.303558
v 0.409667 0.021619 0.296056
v 0.408285 0.037922 0.299699
v 0.419208 0.027029 0.290310
v 0.378403 0.015807 0.294149
v 0.370335 0.032000 0.296294
v 0.400095 0.053104 0.300108
v 0.388087 0.007508 0.291824
v 0.416325 0.046306 0.294362
v 0.380561 0.052418 0.300410
v 0.422173 0.013045 0.274417
v 0.427910 0.028000 0.278176
v 0.414098 0.013957 0.286160
v 0.396658 0.007696 0.291959
v 0.360029 0.020153 0.282994
v 0.366930 0.050353 0.294793
v -0.793064 0.577497 -0.107192
v 0.385668 0.062681 0.297192
v 0.429293 0.040616 0.278836
v 0.433750 0.037233 0.264286
v 0.465208 0.061493 0.255979
v 0.562618 0.061125 0.126907
v 0.564866 0.058286 0.091209
v 0.556954 0.077802 0.063964
v 0.538674 0.089244 0.011306
v 0.506275 0.086139 -0.057576
v 0.489549 0.027208 -0.085994
v 0.513928 0.030956 -0.053007
v 0.551200 0.009918 0.139406
v 0.497419 0.014838 0.184211
v 0.473670 0.003351 0.242449
v 0.346823 0.021794 0.269867
v 0.355470 0.036518 0.285408
v 0.409553 0.062937 0.291937
v 0.489545 0.072093 0.248220
v 0.505773 0.052492 0.175042
v 0.507626 0.054739 0.172982
v -0.862174 0.663443 -0.080643
v 0.550881 0.084007 0.043580
v 0.496228 0.059356 -0.083481
v 0.560688 0.017532 0.090870
v 0.515022 0.007386 0.165880
v 0.489951 0.014184 0.153951
v 0.496956 0.021013 0.163229
v 0.450796 0.004162 0.236456
v 0.430458 0.018591 0.236348
v 0.410357 0.005154 0.275081
v 0.362149 0.010172 0.274696
v 0.427755 0.055233 0.276637
v 0.561380 0.069862 0.107658
v 0.533735 0.022214 -0.011045
v 0.549758 0.015165 0.034368
v 0.557011 0.019883 0.051985
v 0.532396 0.002575 0.151776
v 0.489277 0.005144 0.191807
v 0.432190 0.006037 0.222440
v 0.425511 0.011633 0.220540
v 0.420386 0.004993 0.252310
v 0.334119 0.020342 0.276263
v 0.312944 0.016474 0.293774
v 0.302686 0.025557 0.302017
v 0.285284 0.028411 0.301745
v 0.296382 0.039606 0.305105
v 0.300702 0.014774 0.295752
v 0.289306 0.014340 0.294073
v -0.859554 0.644445 0.003804
v 0.313914 0.042031 0.300552
v 0.277956 0.046171 0.300122
v 0.323080 0.028883 0.293605
v 0.304361 0.054778 0.299228
v 0.326402 0.010025 0.276275
v 0.272143 0.015287 0.285474
v 0.271625 0.032027 0.294657
v 0.291654 0.055916 0.299793
v 0.314926 0.005814 0.280007
v 0.273915 0.058399 0.293920
v 0.324932 0.050053 0.290640
v 0.370911 0.070091 0.289507
v 0.452824 0.051687 0.254064
v 0.477906 0.072624 0.251513
v 0.478217 0.055149 -0.104616
v 0.472095 0.035382 -0.107936
v 0.499546 0.015876 -0.065496
v 0.518470 0.016460 -0.034955
v 0.541201 0.015672 0.011221
v 0.486803 0.002270 0.229412
v 0.428264 0.015428 0.228651
v 0.336001 0.015504 0.248254
v 0.332373 0.010824 0.261611
v 0.296795 0.005664 0.283929
v -0.858763 0.564628 0.010356
v 0.273961 0.006730 0.275273
v 0.318888 0.061902 0.289344
v 0.335203 0.033158 0.278988
v 0.353819 0.054669 0.282843
v 0.439048 0.051241 0.245941
v 0.508787 0.075646 0.168266
v 0.550392 0.075785 0.148234
v 0.483676 0.088868 -0.088893
v 0.476653 0.077700 -0.101863
v 0.442805 0.027349 -0.130614
v 0.477254 0.014804 -0.090991
v 0.550981 0.006486 0.105987
v 0.546100 0.004794 0.126334
v 0.491382 0.016633 0.159351
v 0.468538 0.000377 0.227503
v 0.450563 0.001495 0.228364
v -0.824600 0.523017 -0.011050
v 0.423156 0.006382 0.242989
v 0.362725 0.004724 0.263272
v 0.264492 0.050688 0.288409
v 0.333645 0.047305 0.281052
v 0.340302 0.038346 0.266758
v 0.399466 0.073157 0.289329
v 0.432363 0.060437 0.256442
v 0.435039 0.057703 0.245683
v 0.489623 0.081379 0.235417
v 0.502302 0.074201 0.209313
v 0.504581 0.069350 0.186716
v 0.505787 0.079578 0.169823
v 0.540660 0.078908 0.160000
v 0.518533 0.108805 -0.007633
v 0.504757 0.101825 -0.046077
v 0.458671 0.016848 -0.111146
v 0.552499 0.009641 0.068450
v 0.478437 0.001256 0.199474
v 0.285150 0.070862 0.288267
v 0.304670 0.067836 0.290277
v 0.357973 0.073317 0.280118
v 0.414321 0.074136 0.279963
v 0.441787 0.078246 0.241151
v 0.508557 0.086591 0.164498
v 0.553894 0.081535 0.120472
v -0.785221 0.544423 -0.080574
v 0.535331 0.103219 0.025009
v 0.451829 0.047385 -0.128766
v 0.425293 0.014910 -0.136276
v 0.517414 0.002013 0.154906
v 0.388572 0.001557 0.275426
v 0.332495 0.011726 0.237113
v 0.382832 0.077053 0.287559
v 0.423230 0.060439 0.281708
v 0.437199 0.067027 0.242427
v 0.475841 0.086587 0.237653
v 0.439916 0.055309 -0.138562
v 0.482893 0.010030 0.144535
v 0.481167 0.009595 0.150989
v 0.418714 0.003136 0.192259
v 0.418927 0.009101 0.209720
v 0.409489 0.000805 0.244046
v 0.340796 0.007475 0.241873
v 0.315367 0.001401 0.260485
v 0.281985 0.002225 0.268187
v 0.251440 0.019908 0.267093
v 0.255156 0.032365 0.276784
v 0.329894 0.069616 0.274280
v 0.339450 0.050477 0.266511
v 0.498672 0.073835 0.232976
v 0.550978 0.091363 0.083637
v 0.506863 0.118512 -0.016224
v 0.489828 0.100452 -0.071794
v 0.456759 0.068436 -0.123284
v 0.430334 0.037180 -0.143359
v 0.417992 0.025775 -0.146959
v 0.471895 0.009310 -0.090449
v 0.514599 0.006304 -0.024179
v 0.530490 0.006354 0.008988
v 0.543496 0.008781 0.034132
v 0.538688 0.002132 0.099939
v 0.522704 0.000506 0.137332
v 0.411217 0.005313 0.201651
v 0.324022 0.003758 0.259619
v 0.269436 0.074631 0.278005
v 0.484702 0.098091 0.209335
v 0.501247 0.086189 0.180294
v 0.485668 0.117492 -0.058520
v -0.861559 0.678326 -0.046418
v 0.395710 0.014081 -0.151543
v 0.495652 0.005624 -0.056025
v 0.387549 0.000000 0.254439
v 0.330734 0.008192 0.222768
v 0.256141 0.057438 0.276080
v 0.261283 0.069977 0.274430
v 0.433804 0.078550 0.241504
v 0.452185 0.086730 0.239236
v 0.526418 0.118296 0.039698
v 0.432841 0.074823 -0.140461
v 0.416200 0.008460 -0.135197
v 0.429544 0.006179 -0.121550
v 0.476780 0.004145 -0.074273
v 0.484702 0.006201 0.141196
v 0.468468 0.004696 0.126622
v 0.467799 0.005283 0.142082
v 0.351237 0.001790 0.232869
v 0.333429 0.001847 0.199617
v 0.303375 0.000839 0.266940
v 0.337536 0.057128 0.265057
v 0.367516 0.087733 0.274482
v 0.391097 0.092217 0.272801
v 0.420512 0.093182 0.251853
v -0.849059 0.627686 0.017170
v 0.516801 0.102232 0.148335
v 0.543273 0.096367 0.113555
v 0.541289 0.103413 0.058490
v 0.513576 0.124862 0.016579
v -0.845637 0.600866 0.018412
v 0.451416 0.005207 -0.100151
v 0.468812 0.001804 0.109190
v 0.405439 0.002497 0.173684
v 0.326606 0.003315 0.207428
v 0.248599 0.014461 0.257942
v 0.315345 0.083333 0.272701
v 0.512010 0.096085 0.158141
v 0.482816 0.130623 -0.039770
v 0.450378 0.091777 -0.120404
v 0.387644 0.008759 -0.149717
v 0.510005 0.002546 -0.010709
v 0.540709 0.004278 0.055968
v 0.421000 0.001205 0.177108
v 0.397077 0.001947 0.197971
v 0.257037 0.001505 0.233318
v 0.250330 0.006527 0.246736
v 0.242775 0.036223 0.260453
v 0.335909 0.067031 0.262075
v 0.348062 0.084675 0.265202
v 0.408167 0.095686 0.261402
v 0.437388 0.088828 0.237037
v 0.460847 0.102352 0.223419
v -0.800159 0.523409 -0.054647
v 0.496810 0.093800 0.186124
v 0.469193 0.105795 -0.092556
v 0.416663 0.046408 -0.153303
v 0.393764 0.004938 -0.140607
v 0.478185 0.001450 -0.049618
v 0.428456 0.001567 0.129720
v 0.314810 0.001142 0.207304
v 0.428251 0.085588 0.247322
v 0.488899 0.099181 0.198296
v 0.468360 0.128822 -0.065657
v 0.394973 0.031896 -0.160299
v 0.370545 0.018133 -0.161161
v 0.350168 0.004459 -0.150382
v 0.419998 0.002716 -0.112843
v 0.254441 0.000475 0.192437
v 0.240963 0.003315 0.213761
v 0.292536 0.090773 0.265880
v 0.350002 0.098301 0.257188
v 0.440922 0.099762 0.231440
v 0.505758 0.104286 0.157381
v -0.850257 0.627694 -0.110474
v 0.537300 0.094371 0.135731
v 0.529338 0.116837 0.068056
v -0.851602 0.635534 -0.101191
v -0.856153 0.649475 -0.099271
v 0.407020 0.071139 -0.156366
v 0.335768 0.010060 -0.159122
v 0.297615 0.004645 -0.148999
v 0.517396 0.001389 0.034270
v 0.334950 0.078487 0.258903
v 0.337402 0.087909 0.256329
v 0.492690 0.107894 0.173880
v 0.455904 0.117243 -0.095256
v 0.423883 0.088835 -0.140972
v 0.238649 0.010188 0.234442
v 0.276091 0.089194 0.263363
v -0.860136 0.655013 -0.001814
v 0.452664 0.148221 -0.048689
v -0.852259 0.632407 0.011644
v 0.347463 0.023347 -0.166405
v 0.246263 0.067853 0.254216
v 0.261536 0.085133 0.257845
v 0.327304 0.092845 0.256856
v 0.486060 0.122425 0.160536
v 0.437391 0.103812 -0.122950
v 0.400676 0.058617 -0.160826
v 0.373208 0.002416 -0.134751
v 0.221041 0.001814 0.111410
v 0.225226 0.004378 0.172503
v 0.228815 0.009692 0.209746
v 0.426604 0.102618 0.238455
v 0.516079 0.122068 0.101947
v 0.360490 0.039838 -0.170206
v 0.232892 0.018880 0.234506
v 0.235957 0.049236 0.245720
v 0.488012 0.147513 0.039041
v 0.477557 0.148758 0.003040
v -0.804919 0.520156 -0.040231
v 0.448942 0.138645 -0.072100
v 0.413199 0.103256 -0.138579
v 0.371456 0.046432 -0.169178
v 0.305295 0.028695 -0.167049
v 0.296909 0.017665 -0.161423
v 0.246699 0.081247 0.241035
v 0.333429 0.099000 0.251163
v 0.451968 0.115084 0.211980
v 0.432054 0.123238 -0.108569
v 0.266814 0.014732 -0.153371
v 0.290908 0.002517 -0.138612
v 0.221391 0.001066 -0.025956
v 0.314602 0.099730 0.253818
v 0.343869 0.111478 0.243715
v 0.363526 0.109042 0.251840
v 0.392508 0.114598 0.244820
v 0.407035 0.112815 0.241675
v 0.498470 0.137563 0.086204
v 0.326942 0.039989 -0.171105
v 0.248939 0.022147 -0.149093
v 0.244337 0.011078 -0.139288
v 0.227878 0.031260 0.230339
v 0.234041 0.061763 0.234484
v 0.265581 0.099914 0.238651
v 0.433073 0.113149 0.224637
v 0.374703 0.064272 -0.168098
v 0.221410 0.016508 0.201799
v 0.488265 0.132428 0.133351
v 0.464582 0.157529 0.018599
v 0.402083 0.119800 -0.129516
v 0.387374 0.110266 -0.144772
v 0.396038 0.092023 -0.153047
v 0.271140 0.033082 -0.161741
v 0.244698 0.003619 -0.123220
v 0.226800 0.001758 -0.086952
v 0.210565 0.005315 0.118961
v 0.214953 0.009858 0.165354
v 0.330094 0.108186 0.244157
v 0.464799 0.122879 0.188533
v 0.479932 0.151349 0.063987
v 0.451670 0.156182 -0.022998
v 0.425298 0.145721 -0.080071
v 0.208604 0.002419 0.009612
v 0.206343 0.010244 0.132065
v 0.218083 0.027301 0.201545
v 0.377763 0.113332 0.248049
v 0.417178 0.122637 0.222705
v 0.436672 0.129204 0.199607
v 0.457140 0.161391 0.040539
v 0.343714 0.055866 -0.172324
v 0.226181 0.006516 -0.114613
v 0.202887 0.004625 0.045429
v 0.249286 0.097972 0.219269
v 0.470561 0.135645 0.152356
v 0.423268 0.158123 -0.049321
v 0.202902 0.004839 -0.025130
v 0.200828 0.008523 0.085257
v 0.211119 0.018015 0.168775
v -0.820538 0.543439 0.001870
v 0.284706 0.107298 0.239345
v 0.315822 0.115719 0.233985
v 0.477098 0.148729 0.094856
v 0.374188 0.119747 -0.141117
v 0.370020 0.104898 -0.153690
v 0.369754 0.083576 -0.164319
v 0.304515 0.050609 -0.170135
v 0.260663 0.047874 -0.159112
v 0.248683 0.035901 -0.152453
v 0.233313 0.015629 -0.133883
v 0.224043 0.046853 0.218782
v 0.370407 0.121923 0.235366
v 0.435650 0.163429 -0.009865
v 0.410573 0.132781 -0.109590
v 0.232172 0.030231 -0.139162
v 0.211062 0.003848 -0.071183
v 0.195421 0.009392 0.014807
v 0.450179 0.136460 0.173845
v 0.453558 0.160407 0.070818
v 0.349102 0.092073 -0.163215
v 0.341043 0.070813 -0.170282
v 0.310822 0.072525 -0.168047
v 0.283036 0.059417 -0.165417
v 0.200233 0.018768 0.123420
v 0.270024 0.114483 0.215535
v 0.395986 0.135541 0.206048
v 0.460371 0.153657 0.101900
v 0.438734 0.165245 0.025228
v -0.829013 0.590344 -0.114158
v 0.259872 0.066976 -0.156445
v 0.214494 0.016396 -0.111345
v 0.215251 0.010260 -0.104778
v 0.199388 0.028958 0.132548
v 0.210166 0.040187 0.178548
v 0.232521 0.089234 0.198364
v 0.346616 0.134602 0.207789
v 0.455567 0.146838 0.135921
v 0.425617 0.158506 0.112748
v 0.430780 0.165590 0.059080
v 0.397509 0.168622 -0.012559
v 0.379737 0.164351 -0.045944
v 0.405927 0.151022 -0.078808
v -0.843825 0.651081 -0.101960
v 0.195190 0.013658 -0.043639
v 0.191221 0.016089 0.013501
v 0.190478 0.021676 0.051421
v 0.195337 0.014039 0.073089
v 0.250925 0.116910 0.185595
v 0.242356 0.056162 -0.148306
v 0.215820 0.032227 -0.121039
v 0.199857 0.009322 -0.056106
v 0.190288 0.021759 -0.026471
v 0.194373 0.034676 0.108267
v 0.382614 0.141195 -0.108938
v 0.226195 0.042308 -0.134993
v 0.229117 0.070705 0.214150
v 0.388494 0.169695 0.009594
v -0.846533 0.669071 0.004701
v 0.365745 0.130431 -0.132326
v 0.346202 0.114358 -0.151393
v -0.846362 0.649184 0.003922
v 0.279210 0.088583 -0.155669
v 0.227124 0.061003 -0.132784
v 0.186462 0.032730 0.003349
v 0.197377 0.046427 0.128177
v 0.206616 0.061357 0.154260
v 0.287840 0.118449 0.219801
v 0.363429 0.169168 -0.003438
v 0.360307 0.168947 -0.025847
v 0.315064 0.092781 -0.161717
v 0.236170 0.109958 0.169882
v 0.421649 0.143386 0.174658
v 0.362704 0.166199 -0.037320
v 0.352578 0.162401 -0.059395
v 0.347864 0.161414 -0.067328
v 0.349576 0.143087 -0.117452
v 0.334623 0.125312 -0.142242
v 0.259664 0.089981 -0.147338
v 0.239783 0.075749 -0.140119
v 0.206150 0.011823 -0.088181
v 0.196606 0.022589 -0.071598
v 0.304776 0.138501 0.183703
v 0.370059 0.148762 0.171691
v 0.379856 0.164702 0.087229
v 0.355255 0.165268 -0.042490
v 0.205648 0.029760 -0.101707
v 0.193627 0.035880 -0.066248
v 0.188735 0.047817 0.062365
v 0.197725 0.060301 0.117675
v 0.360606 0.169015 0.010274
v 0.358775 0.168421 -0.039012
v 0.308125 0.129591 -0.135855
v -0.789484 0.559136 -0.095693
v 0.223454 0.072893 -0.123542
v 0.212716 0.059617 -0.112512
v 0.186073 0.050943 0.010662
v 0.261410 0.127399 0.176585
v 0.343298 0.154584 0.140845
v 0.366806 0.174061 0.012366
v 0.351910 0.164983 -0.058183
v 0.362781 0.154746 -0.086831
v 0.328488 0.139487 -0.126089
v 0.307812 0.108928 -0.151671
v 0.242868 0.094666 -0.133120
v 0.189739 0.042505 -0.044314
v 0.212070 0.081077 0.148573
v 0.353113 0.165702 0.052942
v 0.396180 0.212697 0.198200
v 0.355497 0.208139 0.269901
v 0.265706 0.179328 0.269435
v -0.848124 0.658113 -0.101246
v 0.292809 0.251352 0.346347
v 0.399025 0.312485 0.319008
v 0.478552 0.410418 0.268528
v 0.503420 0.550347 0.256832
v 0.400572 0.845454 0.323617
v 0.353947 0.815268 0.380818
v 0.332898 0.860253 0.377841
v 0.347148 0.902129 0.347671
v 0.359756 0.941224 0.312882
v 0.335448 0.987254 0.300122
v 0.215146 1.045115 0.315599
v 0.180481 1.048774 0.323951
v -0.054784 1.128007 0.355333
v -0.113885 1.162269 0.307239
v -0.120771 1.246481 0.268121
v -0.136415 1.265497 0.266780
v -0.131982 1.340268 0.249161
v -0.126053 1.386658 0.219319
v -0.063985 1.441080 0.163435
v 0.001306 1.433336 0.192565
v 0.035546 1.441013 0.180079
v 0.098237 1.463310 0.159637
v 0.100839 1.493155 0.131057
v -0.043663 1.589509 -0.000922
v -0.018671 1.603485 -0.100684
v 0.029921 1.581470 -0.186181
v 0.098829 1.534967 -0.236976
v 0.145864 1.526118 -0.219787
v 0.285360 1.419173 -0.218262
v 0.360699 1.283188 -0.211090
v 0.406741 1.139464 -0.210805
v 0.442226 1.097087 -0.106933
v 0.503070 0.915005 -0.144966
v 0.542489 0.779347 -0.125926
v 0.546901 0.768999 -0.118605
v 0.552027 0.759117 -0.112254
v 0.562265 0.711580 -0.031778
v 0.559934 0.717174 -0.005886
v 0.559381 0.710983 0.021035
v 0.564165 0.638383 0.074069
v 0.567337 0.539990 0.088946
v 0.498350 0.328590 -0.182711
v 0.480683 0.334032 -0.239790
v 0.467154 0.296432 -0.227185
v 0.366450 0.173321 -0.019957
v 0.340800 0.157265 -0.083384
v 0.204327 0.042359 -0.100662
v 0.339958 0.162107 0.082110
v 0.356252 0.168695 0.030575
v 0.391366 0.218642 0.237260
v 0.281097 0.185462 0.269443
v 0.194831 0.178518 0.307721
v 0.435449 0.363578 0.307002
v 0.492016 0.674998 0.260682
v 0.310291 1.015478 0.291938
v 0.244785 1.045008 0.309405
v 0.195177 1.046887 0.320046
v -0.086516 1.123898 0.346381
v -0.124695 1.138922 0.328836
v -0.106044 1.188394 0.302302
v -0.091524 1.212725 0.291782
v -0.104143 1.227835 0.264642
v -0.168977 1.294676 0.255697
v -0.160302 1.329466 0.247475
v -0.146311 1.364611 0.232030
v -0.090301 1.435800 0.173318
v -0.046709 1.442637 0.171740
v 0.059677 1.452892 0.169986
v 0.086062 1.456719 0.164351
v 0.108563 1.454294 0.160128
v -0.044357 1.600953 -0.088479
v 0.220483 1.473554 -0.230092
v 0.315784 1.358281 -0.233794
v 0.422171 1.108988 -0.190023
v 0.541432 0.789029 -0.131295
v -0.798835 0.590825 -0.113663
v 0.344277 0.160856 -0.078795
v 0.332227 0.153324 -0.097082
v 0.267522 0.113208 -0.136979
v -0.839035 0.657443 -0.104556
v 0.202684 0.078287 0.113717
v 0.273447 0.133747 0.172894
v 0.322163 0.147374 0.163496
v 0.392204 0.188311 0.040473
v 0.363717 0.203191 0.251507
v 0.320389 0.193430 0.271833
v 0.296351 0.183094 0.271856
v 0.301783 0.294709 0.380241
v 0.454883 0.370795 0.285929
v 0.488062 0.442108 0.264438
v 0.490668 0.493515 0.271688
v 0.285032 1.027157 0.293136
v 0.282143 1.036468 0.299186
v 0.263603 1.040545 0.304656
v 0.128263 1.047165 0.334218
v -0.125715 1.154679 0.311628
v -0.119090 1.176192 0.297077
v -0.095604 1.200092 0.292604
v -0.097646 1.226009 0.279289
v -0.112631 1.223541 0.273925
v -0.118792 1.223928 0.263228
v -0.162573 1.384278 0.210436
v -0.129463 1.409719 0.196610
v -0.054724 1.451856 0.170157
v -0.033836 1.450199 0.175423
v -0.017921 1.451956 0.175582
v 0.029347 1.450380 0.175991
v 0.059433 1.460709 0.166917
v -0.044360 1.557799 0.064374
v -0.043236 1.600738 -0.061945
v -0.038099 1.591129 -0.153500
v -0.006861 1.589806 -0.170432
v 0.007437 1.569956 -0.211104
v 0.246938 1.434518 -0.250066
v 0.338010 1.300685 -0.243619
v 0.360940 1.238574 -0.246940
v -0.838995 0.664635 0.004324
v 0.490361 0.932810 -0.152367
v 0.490801 0.923686 -0.154118
v 0.498528 0.893864 -0.157619
v 0.521263 0.838343 -0.151523
v 0.531279 0.810061 -0.142750
v 0.545964 0.743095 -0.119000
v 0.554552 0.738133 -0.091919
v -0.818653 0.618182 0.024888
v 0.558263 0.720025 -0.065852
v 0.560491 0.708373 -0.017591
v 0.571982 0.507274 0.021893
v 0.569112 0.472948 -0.003793
v 0.551209 0.401692 -0.015547
v 0.538477 0.370141 -0.060583
v 0.428447 0.247606 -0.236482
v 0.360773 0.193473 -0.238953
v -0.821704 0.574502 0.015439
v 0.231099 0.101463 -0.116858
v 0.192605 0.073930 -0.028184
v 0.242827 0.126034 0.146207
v 0.324382 0.158259 0.104600
v 0.344969 0.165101 0.059626
v 0.352535 0.168890 0.049615
v 0.385390 0.188433 0.085648
v 0.407765 0.201105 0.075681
v 0.328307 0.193184 0.270248
v -0.812703 0.522959 -0.019632
v 0.410382 0.782412 0.338422
v 0.327389 0.948835 0.335212
v 0.282833 1.018690 0.304481
v 0.239937 1.040772 0.308932
v 0.162005 1.044728 0.327365
v -0.058973 1.107030 0.344023
v -0.104396 1.132447 0.342084
v -0.773632 0.543364 -0.068133
v -0.159518 1.256937 0.261627
v -0.081292 1.444823 0.160070
v -0.003598 1.536330 0.096533
v 0.001444 1.508400 0.124509
v -0.069416 1.571569 0.027409
v -0.063590 1.591938 -0.028209
v 0.536780 0.760442 -0.140684
v 0.551507 0.746972 -0.104836
v 0.558900 0.712053 -0.053729
v 0.560226 0.705084 -0.043555
v -0.828204 0.622758 -0.119609
v 0.573796 0.573189 0.028915
v 0.558924 0.439271 -0.067603
v -0.828729 0.641225 -0.120324
v 0.527156 0.358517 -0.116293
v 0.299363 0.142996 -0.117165
v 0.190679 0.071460 0.040891
v 0.329400 0.161384 0.087014
v 0.340118 0.165078 0.068818
v 0.336642 0.190067 0.257680
v 0.241641 0.172621 0.269258
v 0.225931 0.167299 0.268669
v 0.199653 0.162076 0.275038
v 0.122451 0.165535 0.312053
v 0.152388 0.191835 0.343596
v 0.253429 0.239876 0.359664
v 0.358836 0.329815 0.368732
v 0.449303 0.759140 0.298783
v 0.316121 0.991081 0.312036
v 0.269462 1.032177 0.298033
v 0.217366 1.036457 0.309573
v 0.175453 1.039925 0.316749
v 0.064300 1.071687 0.322916
v 0.038482 1.071318 0.324494
v -0.007754 1.067952 0.324082
v -0.100301 1.118114 0.337899
v -0.845213 0.696022 -0.018053
v -0.107480 1.192323 0.291693
v -0.191945 1.272333 0.249070
v -0.199933 1.301300 0.240038
v -0.159792 1.401483 0.193928
v -0.112123 1.437580 0.167451
v -0.834138 0.672495 0.006116
v 0.066556 1.495934 0.134492
v -0.842106 0.652528 0.014753
v -0.054859 1.596469 -0.115950
v -0.018358 1.580342 -0.191323
v 0.053800 1.547420 -0.237280
v 0.185264 1.493602 -0.235543
v 0.291339 1.396213 -0.235429
v 0.298112 1.352143 -0.267133
v 0.387694 1.136954 -0.257621
v 0.471011 0.955828 -0.163547
v 0.509000 0.869895 -0.156507
v 0.534248 0.794773 -0.137912
v 0.550991 0.738454 -0.103463
v 0.506644 0.360375 -0.198532
v 0.463154 0.320463 -0.262923
v 0.352991 0.174748 -0.192934
v 0.336034 0.156855 -0.093639
v -0.803462 0.573814 0.012618
v 0.197803 0.055830 -0.075709
v 0.198055 0.090781 0.045063
v 0.209114 0.095468 0.105027
v 0.321636 0.161132 0.095266
v 0.333798 0.164685 0.083873
v 0.336590 0.164794 0.076697
v 0.359876 0.195294 0.234847
v 0.300039 0.180349 0.270177
v 0.253864 0.175361 0.269078
v 0.129309 0.212560 0.376428
v 0.404558 0.357822 0.338304
v 0.457565 0.407193 0.296808
v 0.313053 0.901622 0.370159
v 0.252678 1.032863 0.301007
v 0.234451 1.035742 0.305622
v 0.197853 1.039178 0.313239
v 0.145780 1.043083 0.331501
v 0.125209 1.039435 0.335558
v 0.102684 1.040886 0.339000
v 0.010103 1.066957 0.324437
v -0.117438 1.129111 0.336139
v -0.130302 1.130960 0.329042
v -0.117801 1.184591 0.289062
v -0.137533 1.226901 0.261768
v -0.173085 1.353222 0.230570
v -0.133520 1.433164 0.166109
v -0.066861 1.458065 0.166669
v -0.059266 1.530544 0.098186
v 0.092794 1.518342 -0.261246
v 0.152074 1.497677 -0.254361
v 0.354033 1.198473 -0.283817
v 0.495627 0.908353 -0.154619
v 0.524404 0.816273 -0.150010
v 0.570904 0.608538 -0.034283
v 0.572299 0.537907 -0.054061
v 0.565850 0.495257 -0.085691
v 0.380372 0.217036 -0.261091
v 0.359076 0.170860 -0.150234
v 0.322843 0.149334 -0.106221
v 0.280923 0.122487 -0.135183
v 0.246356 0.114938 -0.122375
v 0.220803 0.096676 -0.104869
v 0.280740 0.142884 0.146979
v 0.297257 0.150491 0.128195
v 0.311225 0.157145 0.105529
v 0.233983 0.271929 0.397380
v -0.841034 0.647997 -0.111851
v 0.467937 0.576733 0.306715
v 0.312324 0.799229 0.411903
v 0.309375 0.852641 0.393652
v 0.269976 1.028741 0.298420
v 0.166215 1.036202 0.321134
v 0.161179 1.039657 0.321949
v -0.852090 0.689082 -0.072282
v -0.169626 1.136967 0.299176
v -0.133321 1.170563 0.292901
v -0.114768 1.200074 0.290357
v -0.843431 0.707901 -0.057433
v -0.179873 1.246030 0.253464
v -0.185166 1.317728 0.242705
v -0.101378 1.445914 0.156825
v -0.046015 1.499519 0.132006
v -0.065043 1.584199 -0.156896
v 0.235570 1.405111 -0.289143
v 0.268428 1.384919 -0.275261
v 0.420762 1.063163 -0.230496
v 0.480248 0.938146 -0.160883
v 0.554707 0.723435 -0.082761
v 0.565447 0.611605 -0.093649
v 0.543797 0.421071 -0.133393
v 0.477679 0.357479 -0.264437
v 0.439239 0.279717 -0.263652
v 0.408809 0.248774 -0.271627
v 0.323995 0.183109 -0.262072
v 0.325915 0.152878 -0.103703
v 0.315528 0.149196 -0.110225
v 0.308745 0.145886 -0.113145
v 0.197533 0.094742 0.009023
v 0.227343 0.115992 0.130134
v 0.258771 0.136663 0.141272
v 0.308095 0.154436 0.116189
v 0.317494 0.160839 0.103776
v 0.275110 0.173195 0.271685
v 0.216956 0.161444 0.266691
v 0.208759 0.161363 0.266547
v 0.187476 0.155820 0.264709
v 0.081888 0.173246 0.334544
v 0.253853 0.312273 0.417233
v 0.335470 0.339121 0.389946
v 0.416223 0.426843 0.350049
v 0.455350 0.478869 0.315627
v 0.450482 0.673519 0.318151
v -0.825937 0.592031 0.020148
v 0.376253 0.773382 0.375047
v 0.250108 1.028486 0.307217
v 0.204276 1.032047 0.318167
v 0.109757 1.027961 0.331666
v 0.023655 1.067579 0.324786
v 0.015522 1.067733 0.324576
v -0.036428 1.096856 0.341563
v -0.157160 1.155604 0.291280
v -0.133123 1.175605 0.287316
v -0.149580 1.426662 0.167314
v -0.092798 1.454456 0.161890
v -0.057673 1.461602 0.166129
v -0.110251 1.563381 0.016831
v -0.094419 1.586712 -0.109908
v 0.291691 1.327997 -0.294465
v 0.418003 1.012280 -0.267927
v 0.515097 0.848555 -0.156082
v 0.516340 0.823997 -0.165911
v 0.363042 0.169462 -0.109589
v 0.281713 0.136362 -0.121226
v 0.209737 0.091682 -0.083517
v 0.203371 0.104072 -0.030675
v 0.304895 0.156835 0.113694
v 0.252758 0.163085 0.269878
v 0.242151 0.164709 0.270350
v 0.048649 0.147040 0.291893
v -0.001183 0.160654 0.321900
v 0.078569 0.203223 0.374926
v 0.190110 0.249487 0.396245
v 0.280951 0.330694 0.414835
v 0.419692 0.519256 0.358701
v 0.410608 0.708235 0.357415
v 0.364676 0.714842 0.397221
v 0.266808 0.867918 0.404835
v 0.290233 0.948528 0.354229
v 0.144262 1.036150 0.324653
v 0.126047 1.032447 0.328616
v 0.104942 1.032674 0.338161
v -0.150198 1.130796 0.317183
v -0.135502 1.220733 0.262018
v -0.190577 1.382866 0.194671
v -0.126450 1.442128 0.152792
v -0.105310 1.548982 0.050661
v -0.000384 1.545117 -0.247336
v 0.113451 1.487431 -0.285483
v 0.204199 1.456179 -0.264182
v 0.310898 1.271875 -0.304736
v 0.329585 1.243633 -0.295400
v 0.362003 1.134435 -0.304683
v 0.383629 1.105464 -0.284309
v 0.450715 0.956897 -0.224962
v -0.827143 0.683473 0.006383
v 0.506927 0.869186 -0.159389
v 0.558661 0.531185 -0.140370
v 0.537630 0.455566 -0.180462
v 0.502225 0.382485 -0.228734
v 0.451316 0.334094 -0.290135
v 0.380714 0.234418 -0.287752
v 0.337877 0.206558 -0.290023
v 0.293469 0.176948 -0.278551
v 0.209647 0.101937 -0.071258
v 0.216026 0.112166 0.087759
v 0.297986 0.153384 0.118214
v -0.829750 0.644144 0.023919
v 0.348796 0.177939 0.145024
v 0.365298 0.191361 0.194917
v 0.302975 0.175588 0.259546
v 0.224534 0.156176 0.269479
v 0.204535 0.158436 0.265825
v 0.079834 0.140029 0.269937
v -0.032356 0.181994 0.352407
v 0.039032 0.182014 0.353198
v -0.076328 0.169615 0.327856
v -0.768935 0.591018 0.011981
v 0.357294 0.433006 0.404107
v 0.338110 0.795387 0.398382
v 0.175752 1.030648 0.325673
v 0.081718 1.027668 0.343465
v 0.054965 1.024809 0.347485
v -0.054669 1.077860 0.321203
v -0.189789 1.129468 0.287161
v -0.152989 1.163040 0.284081
v -0.144185 1.168896 0.285681
v -0.140561 1.219821 0.258001
v -0.162536 1.227686 0.255363
v -0.206133 1.255265 0.240503
v -0.211606 1.284194 0.235526
v -0.203714 1.335307 0.223604
v -0.181208 1.400505 0.180951
v -0.112683 1.442917 0.156139
v -0.082394 1.503961 0.122463
v -0.084619 1.539571 0.076421
v -0.110134 1.568550 -0.161044
v -0.037525 1.564455 -0.214960
v 0.050240 1.525946 -0.265128
v 0.398842 1.035676 -0.291942
v 0.460778 0.976965 -0.175431
v 0.543684 0.569288 -0.193038
v 0.506801 0.431962 -0.248196
v 0.489476 0.400627 -0.267237
v 0.299907 0.145083 -0.117664
v 0.240799 0.132927 0.119118
v 0.278564 0.146278 0.132215
v 0.281908 0.149075 0.128388
v 0.335059 0.179082 0.219432
v -0.134040 0.191517 0.346602
v -0.116163 0.223250 0.388968
v -0.088488 0.200815 0.369297
v -0.840753 0.678172 -0.101184
v 0.027857 0.210515 0.388748
v 0.343292 0.741269 0.409271
v 0.285828 0.918924 0.372640
v 0.283527 0.976133 0.337945
v -0.078729 1.085728 0.319618
v -0.152598 1.119704 0.310571
v -0.175628 1.147229 0.279566
v -0.164208 1.156898 0.281334
v -0.143247 1.180115 0.289511
v -0.145862 1.214260 0.270543
v -0.066165 1.567457 -0.197240
v 0.215097 1.407294 -0.302412
v 0.339642 1.100407 -0.348182
v -0.831679 0.694073 0.005067
v 0.532207 0.710063 -0.185359
v 0.549784 0.662240 -0.148155
v 0.531542 0.497470 -0.215793
v 0.469257 0.383782 -0.290719
v 0.423401 0.284987 -0.289789
v 0.311943 0.149364 -0.129436
v 0.274979 0.137550 -0.121224
v 0.263967 0.142918 0.130044
v 0.292461 0.153333 0.125475
v 0.303758 0.157769 0.121878
v 0.317614 0.174130 0.236730
v 0.267183 0.160987 0.256169
v 0.217727 0.152770 0.267868
v 0.162303 0.149213 0.261735
v 0.135767 0.145192 0.261298
v -0.009292 0.144909 0.290520
v 0.097295 0.229014 0.400545
v 0.348074 0.382622 0.399027
v 0.394928 0.640306 0.381096
v 0.081699 1.020352 0.336359
v 0.037176 1.017806 0.347861
v 0.010356 1.017936 0.349456
v -0.030284 1.024355 0.347910
v -0.108240 1.109693 0.327542
v -0.137991 1.198065 0.284658
v -0.154758 1.219526 0.254405
v -0.179198 1.223001 0.247269
v -0.215454 1.362084 0.192074
v -0.136622 1.438824 0.152191
v -0.085970 1.469208 0.156553
v -0.036815 1.547421 -0.241794
v 0.436912 0.942795 -0.267508
v 0.513042 0.504331 -0.257691
v 0.436292 0.353386 -0.318520
v 0.386824 0.256346 -0.304710
v 0.308626 0.164741 -0.232139
v 0.314372 0.157825 -0.191860
v 0.287808 0.141413 -0.120651
v 0.263988 0.134164 -0.116869
v 0.212162 0.120663 0.020481
v 0.222149 0.126585 0.062725
v 0.277543 0.149420 0.132811
v 0.185322 0.147422 0.265947
v 0.171996 0.150068 0.262323
v -0.112258 0.162819 0.307182
v 0.209025 0.296813 0.424134
v 0.291057 0.359968 0.423738
v 0.353496 0.665723 0.412544
v 0.101788 1.025582 0.332917
v -0.050186 1.075127 0.321232
v -0.163663 1.121626 0.305549
v -0.836860 0.716063 -0.035753
v -0.224586 1.307805 0.218423
v -0.208731 1.351366 0.208204
v -0.189877 1.406728 0.162736
v -0.147125 1.435856 0.151617
v -0.137111 1.448764 0.155960
v -0.117908 1.459402 0.157006
v -0.122614 1.465783 0.150748
v -0.115273 1.502737 0.113490
v -0.134453 1.559783 -0.000466
v 0.159408 1.452290 -0.296421
v 0.184956 1.411556 -0.317845
v -0.833942 0.659525 0.019651
v 0.246336 1.361353 -0.315781
v 0.293996 1.287151 -0.316456
v 0.352961 1.117359 -0.325483
v 0.376382 1.055907 -0.318905
v 0.511956 0.745338 -0.223378
v 0.519972 0.632341 -0.240256
v 0.535084 0.611991 -0.209341
v 0.296124 0.199199 -0.314531
v 0.273456 0.162851 -0.261723
v 0.220970 0.120318 -0.075429
v 0.217324 0.122911 -0.056351
v 0.218407 0.126139 0.042014
v 0.250546 0.137877 0.124757
v 0.220540 0.147911 0.258962
v 0.194322 0.145254 0.266018
v 0.152230 0.145122 0.261786
v 0.086790 0.137291 0.258167
v 0.023140 0.133099 0.258227
v -0.191612 0.199573 0.339891
v -0.051818 0.212055 0.387937
v 0.328643 0.426520 0.422569
v 0.340029 0.483364 0.423079
v 0.368263 0.574986 0.406167
v 0.331467 0.681889 0.425778
v 0.225168 0.764378 0.458934
v 0.259665 0.846805 0.416188
v -0.784852 0.534929 -0.030936
v 0.153301 1.015506 0.339442
v 0.100963 1.022869 0.334253
v 0.058084 1.015525 0.340344
v -0.081984 1.035431 0.341097
v -0.080757 1.077211 0.318508
v -0.757259 0.550210 -0.052575
v -0.168526 1.164086 0.286653
v -0.166628 1.219486 0.250984
v -0.177579 1.220696 0.248818
v -0.200831 1.227360 0.237270
v -0.196671 1.231994 0.241975
v -0.226679 1.281448 0.223083
v -0.222709 1.332969 0.206884
v -0.204288 1.389029 0.172574
v -0.164497 1.427715 0.151789
v -0.119188 1.572511 -0.024248
v -0.093903 1.587749 -0.059359
v -0.121543 1.572094 -0.135748
v -0.068412 1.528876 -0.257607
v 0.074624 1.488451 -0.298110
v 0.114327 1.453920 -0.316976
v -0.759914 0.589977 -0.105626
v 0.415137 0.939722 -0.307726
v 0.482071 0.875051 -0.218272
v 0.419040 0.331789 -0.326180
v 0.227923 0.123138 -0.087677
v 0.220036 0.127930 0.061667
v 0.230176 0.130337 0.089007
v 0.232625 0.129565 0.104115
v 0.238198 0.134169 0.109173
v 0.253217 0.141118 0.127544
v 0.264459 0.145353 0.132542
v -0.831700 0.671124 -0.104401
v 0.102214 0.138389 0.258618
v -0.017699 0.133099 0.256841
v -0.845202 0.686107 -0.089615
v -0.148190 0.168612 0.305493
v 0.060558 0.249740 0.424435
v 0.323296 0.384199 0.414982
v 0.332954 0.607230 0.430569
v 0.309005 0.734021 0.429984
v 0.190068 0.769614 0.468418
v 0.025526 1.011469 0.342317
v 0.007784 1.008866 0.340027
v -0.044882 1.069279 0.322953
v -0.129943 1.097842 0.300916
v -0.175390 1.126718 0.299705
v -0.186862 1.140255 0.277335
v -0.178995 1.176568 0.283453
v -0.190656 1.223768 0.242456
v -0.222898 1.255641 0.225441
v -0.175085 1.418419 0.159827
v -0.138990 1.519506 0.078306
v -0.144911 1.535345 0.046409
v -0.130458 1.572610 -0.056215
v -0.137512 1.570652 -0.105938
v 0.014716 1.509485 -0.285953
v 0.274194 1.328673 -0.312371
v 0.299478 1.214234 -0.342551
v -0.797683 0.652453 0.029992
v 0.492758 0.797680 -0.243005
v 0.500612 0.467016 -0.272285
v 0.404891 0.301530 -0.321912
v 0.243775 0.126657 -0.106349
v 0.211545 0.121096 -0.018915
v 0.224365 0.130099 0.073678
v 0.246464 0.138453 0.120533
v 0.171982 0.137563 0.261581
v 0.165031 0.141051 0.264612
v 0.113820 0.141904 0.259953
v 0.030278 0.130670 0.256045
v -0.176962 0.231957 0.381419
v -0.056385 0.239013 0.414475
v 0.136026 0.272739 0.429548
v 0.280118 0.411465 0.445933
v -0.778090 0.550575 -0.014293
v 0.335145 0.535180 0.429391
v 0.212855 0.821110 0.440742
v 0.241335 0.896855 0.396715
v 0.143308 0.985665 0.358775
v 0.045866 1.011968 0.340277
v -0.082286 1.082128 0.316587
v -0.146392 1.099622 0.293505
v -0.205281 1.120746 0.279465
v -0.201403 1.128295 0.273990
v -0.190777 1.147722 0.282576
v -0.166112 1.216317 0.261905
v -0.754821 0.570081 -0.089022
v -0.209608 1.231740 0.230848
v -0.216472 1.236698 0.226590
v -0.171846 1.427895 0.151312
v -0.147127 1.557652 -0.148025
v -0.124121 1.542169 -0.206297
v -0.072130 1.547462 -0.229901
v -0.040605 1.519932 -0.273467
v 0.046830 1.484671 -0.306828
v 0.203386 1.377713 -0.332233
v 0.490625 0.697384 -0.282342
v 0.510519 0.604631 -0.263103
v 0.473041 0.415562 -0.297499
v 0.442806 0.387872 -0.325802
v 0.328550 0.232594 -0.329734
v 0.278188 0.225393 -0.357671
v 0.230905 0.169994 -0.303265
v 0.232316 0.138752 -0.218876
v 0.272710 0.146781 -0.207786
v 0.252449 0.130397 -0.111650
v 0.215063 0.125753 0.022376
v 0.216137 0.126796 0.039753
v 0.237819 0.145627 0.230356
v 0.079956 0.135299 0.257235
v -0.235542 0.197254 0.319100
v 0.087924 0.268667 0.436519
v 0.247739 0.430066 0.465666
v 0.187191 0.725768 0.482154
v 0.268066 0.940213 0.365886
v -0.093649 1.086739 0.313009
v -0.200726 1.132313 0.274678
v -0.183275 1.162171 0.285221
v -0.193947 1.221337 0.250943
v -0.161101 1.443387 0.153688
v -0.171478 1.535701 -0.172888
v -0.148446 1.540020 -0.190223
v 0.248799 1.337467 -0.328581
v 0.269552 1.294443 -0.334419
v 0.323004 1.166913 -0.340216
v 0.422524 0.851572 -0.336203
v 0.226724 0.126361 -0.081271
v 0.219541 0.124596 -0.071222
v 0.213828 0.122680 -0.037798
v 0.211865 0.124814 0.020984
v 0.232014 0.132839 0.103652
v 0.240354 0.136156 0.119131
v 0.231947 0.135667 0.153521
v 0.174377 0.135152 0.253545
v 0.152045 0.134604 0.262006
v 0.121897 0.132246 0.261452
v 0.004275 0.122812 0.257420
v -0.056279 0.134317 0.256318
v 0.020209 0.270289 0.443677
v -0.009984 0.242359 0.420588
v 0.136149 0.336885 0.469808
v 0.251771 0.396785 0.455330
v 0.253022 0.717233 0.459562
v 0.170899 0.836054 0.441763
v 0.123374 1.021280 0.337524
v 0.075052 1.015557 0.339247
v 0.003163 0.999679 0.349754
v 0.010392 1.007105 0.342117
v -0.118022 1.094890 0.305475
v -0.196227 1.118655 0.286421
v -0.184335 1.183593 0.279221
v -0.219939 1.371224 0.173889
v -0.182793 1.417104 0.151524
v -0.807465 0.626562 -0.122877
v 0.285722 1.205573 -0.357551
v 0.451931 0.860908 -0.289217
v 0.483979 0.614379 -0.306456
v 0.399369 0.360711 -0.359587
v 0.370744 0.283877 -0.340140
v 0.229452 0.195026 -0.342899
v 0.248087 0.198389 -0.340132
v 0.220257 0.151056 -0.268570
v 0.241935 0.129263 -0.105363
v 0.238415 0.126647 -0.099972
v 0.231693 0.126704 -0.090363
v 0.223060 0.125803 -0.074362
v 0.208723 0.123333 -0.029534
v 0.192545 0.122330 0.072275
v 0.078222 0.127085 0.259167
v 0.075032 0.123118 0.258314
v -0.024528 0.124940 0.257147
v -0.118801 0.149667 0.277620
v -0.210640 0.183542 0.307459
v -0.225757 0.215021 0.346630
v -0.111015 0.250779 0.416337
v -0.835567 0.697075 -0.001306
v 0.164952 0.794607 0.464036
v -0.818196 0.713567 0.005546
v -0.024891 1.012101 0.340208
v -0.035575 1.018765 0.347179
v -0.073228 1.028424 0.343494
v -0.098325 1.031166 0.339099
v -0.819816 0.695016 0.006936
v -0.118547 1.042180 0.335211
v -0.108892 1.090669 0.308544
v -0.212733 1.144721 0.280723
v -0.223053 1.241832 0.222197
v -0.236977 1.262611 0.211076
v -0.236608 1.295230 0.208679
v -0.239530 1.311432 0.197261
v -0.233647 1.353445 0.170704
v -0.214337 1.387776 0.156614
v -0.206097 1.396669 0.154775
v -0.197241 1.406004 0.152513
v -0.161896 1.550311 -0.014210
v -0.153915 1.562903 -0.082332
v -0.097794 1.529250 -0.243096
v 0.158711 1.392448 -0.344847
v 0.199388 1.357977 -0.346880
v 0.377899 0.937603 -0.358224
v 0.465527 0.723234 -0.315297
v 0.418654 0.380632 -0.349095
v 0.169488 0.156888 -0.305533
v 0.242321 0.130854 -0.155027
v 0.251139 0.131233 -0.119231
v 0.108819 0.126764 0.258961
v -0.103107 0.141222 0.261054
v -0.151995 0.149112 0.261765
v -0.278162 0.209585 0.310343
v 0.157385 0.394999 0.489398
v -0.141812 1.041414 0.331884
v -0.186085 1.110231 0.288573
v -0.188967 1.216175 0.257594
v -0.227363 1.246923 0.218623
v -0.220080 1.379833 0.159954
v -0.188650 1.421580 0.152482
v -0.192129 1.428025 0.152532
v -0.185685 1.493039 0.084657
v -0.174233 1.528253 0.031210
v -0.176372 1.547416 -0.040957
v -0.039182 1.482324 -0.308366
v 0.246004 1.307752 -0.344810
v 0.335863 1.068071 -0.363034
v 0.460999 0.659540 -0.333441
v 0.376482 0.323780 -0.360540
v 0.322511 0.254812 -0.353934
v 0.132904 0.127995 0.255514
v -0.078915 0.134389 0.258164
v -0.084418 0.137825 0.258385
v -0.096301 0.137815 0.259151
v -0.186760 0.162180 0.276659
v -0.262170 0.185758 0.284787
v 0.246773 0.604102 0.476049
v 0.127227 0.713006 0.500761
v -0.024752 1.009023 0.339759
v -0.070771 1.023762 0.342608
v -0.118748 1.035235 0.335372
v -0.158376 1.049316 0.326716
v -0.818302 0.743657 -0.056706
v -0.135589 1.097433 0.297481
v -0.212520 1.121116 0.271264
v -0.229283 1.119996 0.273931
v -0.181090 1.199681 0.271623
v -0.218282 1.230774 0.238827
v -0.232721 1.255013 0.215091
v -0.234250 1.339467 0.185176
v -0.232365 1.357656 0.167922
v -0.226490 1.368696 0.164224
v -0.195940 1.432949 0.148451
v -0.173526 1.449725 0.145489
v 0.126211 1.416178 -0.342825
v -0.828680 0.675543 0.017116
v 0.289112 1.141364 -0.380558
v 0.451018 0.457937 -0.336952
v 0.072848 0.119867 0.252564
v 0.022650 0.118498 0.253097
v -0.127875 0.144964 0.261181
v 0.103435 0.377707 0.496655
v 0.123273 0.422277 0.506272
v 0.203999 0.421047 0.480617
v 0.237363 0.477126 0.476864
v 0.223227 0.668447 0.480401
v 0.141752 0.825121 0.452301
v 0.051346 0.994129 0.355082
v -0.046185 1.013927 0.339250
v -0.083048 1.019947 0.335099
v -0.161343 1.041022 0.327477
v -0.163417 1.037279 0.323245
v -0.166928 1.034695 0.321050
v -0.181519 1.044367 0.323759
v -0.127355 1.091656 0.305050
v -0.207863 1.106395 0.276744
v -0.223258 1.224249 0.245594
v -0.238823 1.271744 0.208125
v -0.245078 1.288617 0.195745
v -0.219120 1.397778 0.158622
v -0.176527 1.545425 -0.132350
v -0.202136 1.498548 -0.206085
v -0.076145 1.499833 -0.285957
v 0.090146 1.426977 -0.346826
v 0.121361 1.389937 -0.360213
v 0.385943 0.872759 -0.370978
v 0.442792 0.668362 -0.354753
v 0.461367 0.577806 -0.337079
v 0.216725 0.216177 -0.372562
v 0.163035 0.176758 -0.340115
v 0.139600 0.144090 -0.289089
v 0.117465 0.125857 -0.243926
v 0.172928 0.134249 -0.245916
v 0.129821 0.107215 -0.067312
v -0.168627 0.149742 0.262262
v -0.176533 0.154741 0.264945
v -0.193048 0.158257 0.264597
v -0.298087 0.191951 0.269796
v -0.328104 0.213072 0.279506
v 0.000797 0.297121 0.463516
v 0.079816 0.348496 0.487070
v 0.246062 0.541586 0.476609
v 0.203868 0.593532 0.493845
v -0.832817 0.688671 -0.102421
v 0.075361 0.731186 0.503365
v -0.074947 1.019851 0.337093
v -0.100896 1.023908 0.332290
v -0.119851 1.029988 0.331284
v -0.200154 1.043778 0.320355
v -0.169082 1.102023 0.286611
v -0.186202 1.102618 0.281850
v -0.233028 1.245261 0.227000
v -0.245398 1.305132 0.187771
v -0.242892 1.319929 0.183013
v -0.232691 1.384713 0.163081
v -0.179304 1.548123 -0.099069
v -0.197104 1.524182 -0.159030
v -0.133510 1.516146 -0.239472
v -0.105049 1.505334 -0.268354
v -0.079166 1.464726 -0.316978
v 0.210159 1.316638 -0.361393
v -0.810891 0.706819 0.007204
v 0.255962 0.228129 -0.370944
v 0.050916 0.128374 -0.268575
v -0.816884 0.672782 0.025451
v 0.146704 0.116280 0.146287
v 0.138151 0.122318 0.219698
v 0.018993 0.113868 0.239447
v -0.050192 0.122436 0.255659
v -0.080446 0.126535 0.258700
v -0.122213 0.135273 0.261020
v -0.145254 0.145769 0.260807
v -0.236509 0.170605 0.268905
v -0.315014 0.200820 0.268952
v -0.252290 0.229841 0.348714
v -0.237719 0.269444 0.392402
v -0.170744 0.283029 0.426060
v 0.073867 0.406878 0.510973
v 0.185306 0.611103 0.499191
v 0.090033 0.925902 0.398123
v -0.133803 1.029894 0.328282
v -0.150012 1.032974 0.324967
v -0.209416 1.036088 0.313613
v -0.188783 1.051895 0.320319
v -0.166536 1.098837 0.289943
v -0.199290 1.102162 0.277721
v -0.214355 1.111747 0.274627
v -0.242058 1.273731 0.204490
v -0.245685 1.297155 0.191535
v -0.240166 1.335520 0.176056
v -0.211291 1.411893 0.155668
v -0.209364 1.492929 0.060910
v -0.170319 1.514352 -0.214014
v -0.109751 1.463621 -0.307803
v -0.015484 1.422442 -0.359229
v 0.057253 1.440329 -0.343456
v 0.166824 1.344857 -0.368268
v 0.424107 0.760036 -0.358557
v 0.424916 0.682018 -0.371682
v 0.365124 0.397056 -0.398960
v 0.120969 0.155303 -0.316298
v 0.033907 0.142099 -0.303543
v 0.121360 0.111867 -0.164239
v 0.079836 0.103840 0.087440
v 0.077371 0.107527 0.156297
v -0.049069 0.119407 0.249395
v -0.210712 0.162981 0.264901
v -0.128811 0.335403 0.472295
v -0.085293 0.333423 0.479612
v -0.029193 0.315908 0.474643
v 0.048334 0.429939 0.519302
v 0.172212 0.461972 0.499720
v 0.188636 0.552668 0.500578
v 0.089510 0.687097 0.513429
v -0.056173 1.012502 0.339584
v -0.218959 1.042832 0.316324
v -0.214833 1.105010 0.274011
v -0.220479 1.110707 0.268245
v -0.237949 1.212435 0.250295
v -0.244089 1.264173 0.215072
v -0.242874 1.282789 0.200629
v -0.245941 1.317003 0.183950
v -0.238137 1.344566 0.172202
v -0.824907 0.668657 -0.117901
v -0.242933 1.364559 0.170041
v -0.234002 1.400983 0.153769
v -0.084671 1.430311 -0.343710
v -0.044635 1.425673 -0.354607
v 0.074134 1.400914 -0.366976
v 0.234170 1.260137 -0.370478
v 0.258359 1.232737 -0.366584
v 0.317518 0.985876 -0.401159
v 0.404794 0.447401 -0.381367
v 0.349154 0.420232 -0.416126
v 0.317219 0.288808 -0.380493
v 0.265589 0.257957 -0.389812
v -0.808527 0.751703 -0.029187
v -0.169808 0.144399 0.263446
v -0.261428 0.178154 0.268978
v -0.357204 0.228514 0.277249
v -0.252227 0.293234 0.404235
v 0.049687 0.375297 0.502610
v 0.140026 0.662219 0.507306
v 0.096294 0.777062 0.482708
v -0.100388 1.017775 0.338124
v -0.196353 1.025837 0.326897
v -0.246375 1.377724 0.162784
v -0.217756 1.437883 0.130935
v -0.815255 0.697936 0.014880
v -0.220256 1.517622 -0.121393
v -0.236984 1.485692 -0.179909
v 0.245976 1.176307 -0.395427
v 0.347417 0.964484 -0.381287
v 0.372833 0.842479 -0.391238
v 0.432525 0.590770 -0.369008
v 0.367443 0.359214 -0.384029
v 0.232341 0.242988 -0.392155
v 0.054252 0.103567 -0.139364
v 0.060933 0.100478 -0.055263
v -0.007668 0.111488 0.225684
v -0.787505 0.621112 0.026123
v -0.120884 0.129845 0.258373
v -0.153686 0.134533 0.256895
v -0.146366 0.136281 0.261791
v -0.193388 0.148351 0.265504
v -0.206606 0.155270 0.266973
v -0.215422 0.302946 0.426437
v 0.026144 0.826429 0.462672
v -0.046884 0.893752 0.424783
v -0.245693 1.027381 0.313236
v -0.233658 1.048945 0.312243
v -0.212783 1.098927 0.284884
v -0.243901 1.171523 0.265941
v -0.253628 1.285578 0.203051
v -0.750604 0.555826 -0.038367
v -0.253681 1.315148 0.188568
v -0.247339 1.345462 0.176417
v -0.208502 1.528277 -0.102187
v 0.175515 1.300664 -0.382797
v 0.259697 1.114345 -0.407445
v -0.746119 0.567374 -0.079634
v 0.340129 0.337805 -0.392388
v 0.102256 0.169752 -0.343430
v 0.038173 0.115533 -0.222768
v -0.013815 0.098481 -0.080763
v -0.061426 0.100573 -0.056013
v -0.034866 0.101606 0.118030
v -0.186151 0.143636 0.262285
v -0.227564 0.165157 0.266368
v -0.280548 0.185436 0.269423
v -0.291730 0.185973 0.269676
v -0.313259 0.190343 0.271027
v -0.333508 0.210604 0.268852
v -0.352756 0.246935 0.306003
v -0.293261 0.289558 0.379917
v 0.000758 0.344273 0.490808
v -0.009166 0.390523 0.510656
v 0.131632 0.574254 0.517055
v 0.070988 0.617622 0.525921
v -0.134114 1.020827 0.336504
v -0.229472 1.035805 0.309305
v -0.199397 1.070966 0.306519
v -0.184762 1.089423 0.298180
v -0.232707 1.108411 0.274774
v -0.243681 1.146424 0.273267
v -0.243598 1.244875 0.229763
v -0.824924 0.677418 -0.113215
v -0.205852 1.520932 -0.002357
v -0.209314 1.527688 -0.055217
v 0.103943 1.361471 -0.379846
v 0.213539 1.238152 -0.389105
v -0.825450 0.728261 -0.075780
v 0.282497 1.062665 -0.407804
v 0.390550 0.764214 -0.390468
v 0.389882 0.530468 -0.404736
v 0.370943 0.496342 -0.415180
v 0.107158 0.185299 -0.363837
v -0.063332 0.147891 -0.312475
v -0.218067 0.148087 0.257125
v -0.231267 0.159617 0.268575
v -0.252806 0.172206 0.268265
v -0.275058 0.176382 0.270417
v -0.320559 0.199364 0.268851
v -0.330851 0.253488 0.328952
v -0.064162 0.377365 0.501573
v -0.804319 0.715530 0.006614
v 0.125207 0.482220 0.514915
v 0.075650 0.547867 0.528034
v 0.061171 0.676424 0.518462
v -0.015832 0.757139 0.497304
v -0.238319 1.041742 0.311998
v -0.252476 1.114633 0.272960
v -0.263205 1.322439 0.186153
v -0.258040 1.345865 0.175991
v -0.260224 1.384875 0.147883
v -0.266300 1.359681 0.163041
v -0.222006 1.472125 0.081537
v -0.246459 1.462073 -0.209329
v -0.189848 1.484374 -0.238245
v -0.153825 1.469925 -0.279717
v -0.163355 1.444506 -0.298205
v -0.128298 1.430806 -0.327360
v -0.097678 1.400014 -0.360122
v -0.775935 0.608463 0.021337
v 0.128920 1.326357 -0.388164
v 0.322723 0.897132 -0.418491
v 0.381863 0.677639 -0.410431
v -0.760398 0.583265 0.004062
v 0.354693 0.471953 -0.422919
v -0.012158 0.157833 -0.332938
v -0.116336 0.150821 -0.308242
v -0.208167 0.153453 -0.279565
v -0.144925 0.140131 -0.276203
v -0.097241 0.129638 -0.262727
v -0.018952 0.106934 -0.181062
v -0.293209 0.141642 0.164335
v -0.345331 0.002892 -0.143947
v -0.459904 0.001332 -0.064128
v -0.488145 0.001331 -0.041712
v -0.297668 0.010023 0.291087
v -0.289836 0.006040 0.283899
v -0.276441 0.018164 0.292011
v -0.293578 0.001549 0.270390
v -0.309571 0.002505 0.275624
v -0.294830 0.020863 0.299836
v -0.262175 0.008319 0.266897
v -0.267148 0.003115 0.256932
v -0.306721 0.000352 0.256015
v -0.316281 0.009096 0.284302
v -0.366785 0.001178 0.251040
v -0.400869 0.000113 0.251449
v -0.390719 0.002600 0.281153
v -0.373306 0.005814 0.278064
v -0.416393 0.003700 0.244050
v -0.398974 0.006261 0.287601
v -0.386701 0.010593 0.294958
v -0.352334 0.001250 0.218250
v -0.333458 0.002964 0.204897
v -0.331381 0.007773 0.225669
v -0.331583 0.011332 0.236578
v -0.436889 0.004519 0.226665
v -0.744772 0.625289 -0.117963
v -0.485936 0.001855 0.217514
v -0.466909 0.000595 0.233115
v -0.474952 0.000556 0.193375
v -0.474144 0.007989 0.146272
v -0.483301 0.002688 0.236804
v -0.449567 0.002476 0.232734
v -0.439203 0.000761 0.211671
v -0.421546 0.012173 0.218264
v -0.414374 0.006334 0.198570
v -0.418318 0.009749 0.214510
v -0.542664 0.003202 0.114427
v -0.478477 0.005603 0.135384
v -0.479479 0.009762 0.143126
v -0.511824 0.001216 0.146641
v -0.527642 0.000655 0.132899
v -0.461238 0.002396 0.111242
v -0.507677 0.006393 0.160008
v -0.487232 0.014352 0.154471
v -0.409954 0.005670 0.202173
v -0.468718 0.006410 0.136549
v -0.542023 0.003882 0.067571
v -0.820952 0.687267 -0.105048
v -0.540303 0.004616 0.143893
v -0.488086 0.006402 0.184061
v -0.481084 0.010262 0.252221
v -0.468959 0.007986 0.250305
v -0.822743 0.707907 -0.101782
v -0.531277 0.001479 0.072782
v -0.553049 0.009477 0.117041
v -0.536419 0.009421 0.167316
v -0.522958 0.004695 0.162896
v -0.494946 0.009574 0.195363
v -0.493351 0.010733 0.244945
v -0.427825 0.013716 0.226451
v -0.413022 0.004374 0.266788
v -0.534543 0.004315 0.033841
v -0.549596 0.009263 0.056459
v -0.498636 0.011093 0.225532
v -0.423896 0.010560 0.233038
v -0.369327 0.017279 0.290446
v -0.356452 0.006015 0.260270
v -0.316234 0.001347 0.260849
v -0.326688 0.005069 0.215121
v -0.412350 0.002768 0.169196
v -0.502811 0.002011 -0.023531
v -0.546883 0.010568 0.151704
v -0.533429 0.014437 0.175483
v -0.492464 0.016522 0.159755
v -0.413358 0.010128 0.280442
v -0.405556 0.015876 0.294604
v -0.396079 0.017255 0.299578
v -0.376972 0.028708 0.300456
v -0.335081 0.014771 0.248353
v -0.324793 0.005033 0.263911
v -0.310588 0.016575 0.294872
v -0.313160 0.032126 0.299665
v -0.282756 0.030547 0.301156
v -0.263792 0.015388 0.278690
v -0.808240 0.727607 0.005539
v -0.450834 0.002939 0.143834
v -0.556573 0.015350 0.071672
v -0.496461 0.022100 0.165947
v -0.490496 0.019132 0.256237
v -0.475038 0.019466 0.258857
v -0.456695 0.012344 0.249567
v -0.439768 0.012035 0.238348
v -0.395428 0.029809 0.303339
v -0.332657 0.013602 0.251633
v -0.293041 0.037908 0.304507
v -0.246424 0.005616 0.237853
v -0.263704 0.000788 0.227798
v -0.397137 0.002477 0.180430
v -0.519859 0.006266 -0.012296
v -0.540345 0.009227 0.026120
v -0.559129 0.016431 0.104635
v -0.556718 0.021264 0.147504
v -0.548085 0.021532 0.170661
v -0.541603 0.024748 0.179570
v -0.512219 0.017774 0.174533
v -0.429429 0.019603 0.232851
v -0.424673 0.011309 0.259857
v -0.330242 0.009898 0.262443
v -0.320906 0.021931 0.291596
v -0.270309 0.031043 0.294252
v -0.238921 0.003308 0.207876
v -0.319469 0.001835 0.207081
v -0.418362 0.001359 0.063827
v -0.550292 0.020177 0.032376
v -0.561176 0.022678 0.125767
v -0.499134 0.025182 0.252341
v -0.476148 0.034266 0.263023
v -0.354625 0.022519 0.281025
v -0.357111 0.013343 0.274517
v -0.316418 0.039452 0.298534
v -0.505431 0.005829 -0.039807
v -0.543660 0.037289 0.181917
v -0.525590 0.029552 0.182673
v -0.502624 0.018415 0.209685
v -0.502663 0.022597 0.240727
v -0.493326 0.032054 0.260594
v -0.462909 0.032196 0.259774
v -0.415955 0.023157 0.289709
v -0.403217 0.044817 0.300624
v -0.373381 0.055063 0.298457
v -0.343723 0.021686 0.268527
v -0.336356 0.019865 0.256537
v -0.326506 0.013005 0.279037
v -0.300911 0.048970 0.301781
v -0.245926 0.014542 0.255748
v -0.393839 0.002187 -0.124746
v -0.429329 0.003888 -0.114960
v -0.752818 0.577022 -0.005206
v -0.536900 0.016060 0.005130
v -0.561157 0.030263 0.063986
v -0.564912 0.030029 0.100943
v -0.501730 0.032444 0.173847
v -0.503110 0.025501 0.191998
v -0.485010 0.046761 0.262665
v -0.451177 0.027446 0.253279
v -0.432103 0.024868 0.238262
v -0.431053 0.022523 0.251178
v -0.424116 0.021936 0.277230
v -0.414210 0.037914 0.295094
v -0.388119 0.048018 0.302125
v -0.333805 0.020619 0.271951
v -0.276990 0.043462 0.300571
v -0.261876 0.042722 0.288743
v -0.403167 0.004230 -0.133867
v -0.478312 0.004609 -0.072412
v -0.539312 0.047075 0.182567
v -0.514867 0.036214 0.179889
v -0.432232 0.030901 0.259768
v -0.362183 0.038435 0.293608
v -0.318877 0.050956 0.293853
v -0.286381 0.059769 0.297713
v -0.273645 0.053347 0.296768
v -0.251250 0.026304 0.272453
v -0.232543 0.027007 0.241894
v -0.236200 0.001747 0.173090
v -0.326526 0.000982 0.161935
v -0.735717 0.567349 -0.067049
v -0.315344 0.004285 -0.149580
v -0.374305 0.005972 -0.149280
v -0.562658 0.038259 0.138292
v -0.503988 0.033402 0.173187
v -0.507488 0.036518 0.230114
v -0.738947 0.590954 -0.098350
v -0.337194 0.024562 0.262518
v -0.251947 0.036785 0.276590
v -0.292793 0.002812 -0.137759
v -0.226345 0.002516 -0.092111
v -0.411225 0.009333 -0.139282
v -0.452019 0.003875 -0.095261
v -0.491552 0.009945 -0.067762
v -0.517195 0.013693 -0.031336
v -0.554072 0.030595 0.033541
v -0.556510 0.036494 0.163080
v -0.552388 0.040786 0.172504
v -0.505270 0.034668 0.241379
v -0.498763 0.043471 0.257306
v -0.433344 0.033319 0.242163
v -0.426159 0.037327 0.280370
v -0.401538 0.065988 0.293215
v -0.383181 0.061383 0.297790
v -0.336372 0.032804 0.268591
v -0.304779 0.059811 0.295781
v -0.238801 0.038151 0.256992
v -0.227983 0.018725 0.225745
v -0.220242 0.001551 0.079321
v -0.240082 0.001557 -0.095512
v -0.345602 0.010710 -0.159715
v -0.547160 0.057840 0.174119
v -0.523706 0.052865 0.180361
v -0.507091 0.043421 0.197805
v -0.494604 0.056214 0.256137
v -0.454804 0.047990 0.256867
v -0.436444 0.049179 0.246067
v -0.795537 0.671351 -0.127324
v -0.414190 0.055623 0.291535
v -0.339036 0.033402 0.268354
v -0.332025 0.031784 0.280971
v -0.332038 0.042266 0.281573
v -0.210519 0.002409 0.021492
v -0.252912 0.004082 -0.131170
v -0.440089 0.008505 -0.116806
v -0.472961 0.008681 -0.087252
v -0.528062 0.024486 -0.020854
v -0.542033 0.031062 0.003216
v -0.542907 0.044022 0.000659
v -0.556766 0.048988 0.037556
v -0.565443 0.045382 0.113640
v -0.485976 0.066288 0.254126
v -0.472786 0.058745 0.258970
v -0.349438 0.046923 0.281937
v -0.263685 0.062121 0.285420
v -0.820254 0.723772 -0.091901
v -0.267149 0.006595 -0.144325
v -0.305041 0.008239 -0.154822
v -0.490330 0.018180 -0.078179
v -0.564142 0.046710 0.076924
v -0.533885 0.062907 0.177008
v -0.506881 0.055129 0.174035
v -0.504855 0.051040 0.175905
v -0.502350 0.050813 0.248808
v -0.330301 0.057524 0.277705
v -0.319933 0.067807 0.282453
v -0.237492 0.057970 0.251747
v -0.228654 0.009848 0.212288
v -0.214597 0.002038 -0.042778
v -0.367357 0.015393 -0.160419
v -0.422463 0.015616 -0.138460
v -0.473802 0.014635 -0.093822
v -0.503328 0.020772 -0.062537
v -0.561013 0.051749 0.142744
v -0.459480 0.067003 0.253335
v -0.433416 0.051540 0.246250
v -0.248070 0.056072 0.270262
v -0.215995 0.004411 0.142140
v -0.202447 0.004677 0.035489
v -0.227529 0.006083 -0.114657
v -0.244984 0.008735 -0.135843
v -0.818302 0.731805 -0.014245
v -0.523301 0.035542 -0.035606
v -0.560975 0.060076 0.065322
v -0.564166 0.057592 0.104220
v -0.552287 0.059516 0.165483
v -0.505944 0.055355 0.226121
v -0.495834 0.067332 0.245954
v -0.431251 0.049614 0.262428
v -0.425238 0.054003 0.278685
v -0.419198 0.065045 0.280841
v -0.390419 0.070902 0.291978
v -0.336819 0.050389 0.266534
v -0.311473 0.074774 0.281442
v -0.217539 0.014399 0.191076
v -0.204247 0.004722 -0.039827
v -0.212928 0.006428 -0.089938
v -0.252446 0.015135 -0.146804
v -0.277371 0.015184 -0.155911
v -0.312332 0.016382 -0.162145
v -0.397682 0.016709 -0.152678
v -0.443368 0.022192 -0.127743
v -0.452871 0.015577 -0.114607
v -0.550344 0.071424 0.029792
v -0.369678 0.080795 0.282444
v -0.355552 0.059480 0.286413
v -0.227725 0.053429 0.232016
v -0.230711 0.015210 -0.130773
v -0.354676 0.033239 -0.169761
v -0.503974 0.067229 0.183935
v -0.296321 0.078021 0.281738
v -0.229675 0.070188 0.224538
v -0.197505 0.008213 0.048425
v -0.195918 0.009143 -0.009041
v -0.743466 0.672911 0.032756
v -0.215601 0.014791 -0.111787
v -0.333305 0.031296 -0.169840
v -0.381584 0.030389 -0.164026
v -0.421504 0.031498 -0.147501
v -0.479976 0.026775 -0.096030
v -0.541511 0.080383 0.012700
v -0.558269 0.067561 0.130921
v -0.513039 0.083734 0.165240
v -0.501314 0.067578 0.229059
v -0.495089 0.077829 0.229667
v -0.408848 0.079295 0.276987
v -0.357185 0.075836 0.279942
v -0.272675 0.072456 0.283264
v -0.225366 0.041703 0.229153
v -0.218267 0.028014 0.206112
v -0.211445 0.008797 0.155025
v -0.201184 0.009190 0.098803
v -0.190403 0.016247 0.004461
v -0.202909 0.008241 -0.066024
v -0.432851 0.038053 -0.142094
v -0.499034 0.038001 -0.077135
v -0.509553 0.051678 -0.062564
v -0.553286 0.080146 0.056074
v -0.540029 0.082360 0.155367
v -0.507702 0.072114 0.169285
v -0.428371 0.078977 0.249821
v -0.332160 0.066679 0.263820
v -0.325621 0.083062 0.263897
v -0.249666 0.071582 0.261773
v -0.204419 0.013045 0.139581
v -0.243928 0.025123 -0.146578
v -0.266385 0.028279 -0.158528
v -0.284795 0.033101 -0.164907
v -0.559071 0.072228 0.083615
v -0.556034 0.077723 0.113572
v -0.470577 0.076620 0.247888
v -0.192466 0.014230 0.047970
v -0.196543 0.013391 -0.052515
v -0.203747 0.016199 -0.088797
v -0.516499 0.061375 -0.048508
v -0.540759 0.060870 -0.001609
v -0.537911 0.094818 0.020500
v -0.548314 0.077474 0.148640
v -0.536784 0.073649 0.168429
v -0.497952 0.085008 0.192967
v -0.434292 0.070776 0.241947
v -0.393396 0.087243 0.276919
v -0.375021 0.092139 0.272752
v -0.335794 0.068103 0.262360
v -0.197444 0.017090 0.108312
v -0.186061 0.030112 -0.002918
v -0.189819 0.021430 -0.028457
v -0.193287 0.025947 -0.061309
v -0.214196 0.029560 -0.118256
v -0.250032 0.040431 -0.153606
v -0.406780 0.040859 -0.157513
v -0.466808 0.037581 -0.113970
v -0.550262 0.090309 0.078527
v -0.503828 0.078705 0.171192
v -0.487678 0.085153 0.230528
v -0.451098 0.082743 0.241661
v -0.260885 0.084136 0.261177
v -0.241976 0.082053 0.237502
v -0.807508 0.684577 -0.123593
v -0.232049 0.035657 -0.140299
v -0.321925 0.053567 -0.172016
v -0.371869 0.049618 -0.169402
v -0.433406 0.050477 -0.143310
v -0.454684 0.049629 -0.126854
v -0.490930 0.052965 -0.089634
v -0.542161 0.099225 0.050132
v -0.479747 0.086902 0.234832
v -0.344195 0.092014 0.260302
v -0.205569 0.029903 0.165195
v -0.198159 0.031722 -0.084251
v -0.310228 0.037652 -0.169596
v -0.499169 0.072427 -0.074882
v -0.510423 0.083230 -0.050002
v -0.497192 0.100371 0.171773
v -0.419426 0.096413 0.247875
v -0.333463 0.077812 0.258629
v -0.295119 0.093589 0.261964
v -0.275440 0.085920 0.268523
v -0.251354 0.086678 0.246123
v -0.233973 0.089470 0.206627
v -0.214691 0.051348 0.194300
v -0.200706 0.048640 0.147065
v -0.189365 0.025008 0.058758
v -0.262769 0.052231 -0.159636
v -0.793665 0.746949 0.005647
v -0.360827 0.055919 -0.171467
v -0.425911 0.068677 -0.146184
v -0.448279 0.067311 -0.131193
v -0.469456 0.056915 -0.113489
v -0.485273 0.066553 -0.094874
v -0.515943 0.095987 -0.028407
v -0.548466 0.089315 0.113695
v -0.515349 0.105015 0.145402
v -0.435611 0.083510 0.239242
v -0.431009 0.090024 0.240396
v -0.316611 0.103389 0.248868
v -0.197067 0.030460 0.129481
v -0.192416 0.045402 0.106096
v -0.212665 0.051096 -0.115881
v -0.298110 0.056901 -0.168840
v -0.399633 0.060614 -0.160699
v -0.517185 0.091965 0.158956
v -0.505130 0.100320 0.159549
v -0.489950 0.098113 0.194241
v -0.408263 0.112549 0.239628
v -0.325452 0.095636 0.254315
v -0.185691 0.045020 0.039594
v -0.185800 0.052834 -0.001505
v -0.202751 0.044811 -0.097365
v -0.243006 0.054612 -0.148694
v -0.329923 0.072727 -0.170283
v -0.371789 0.073683 -0.166676
v -0.529774 0.108438 0.024081
v -0.529527 0.104867 0.124169
v -0.454679 0.094250 0.232560
v -0.332697 0.090553 0.254637
v -0.205432 0.068396 0.148976
v -0.191649 0.049831 -0.057357
v -0.393451 0.078779 -0.158912
v -0.188231 0.043467 -0.037081
v -0.224749 0.071643 -0.125004
v -0.285217 0.069032 -0.163795
v -0.418644 0.083344 -0.145999
v -0.474575 0.086611 -0.100165
v -0.493057 0.090200 -0.074068
v -0.531179 0.114071 0.066085
v -0.538685 0.103594 0.097059
v -0.435852 0.102190 0.230624
v -0.355562 0.104814 0.255012
v -0.226976 0.053168 -0.135059
v -0.261891 0.074303 -0.154121
v -0.446994 0.084494 -0.127085
v -0.512606 0.114670 -0.008825
v -0.480877 0.102529 0.205273
v -0.250248 0.108943 0.202487
v -0.189067 0.069751 0.035194
v -0.203332 0.061645 -0.091210
v -0.342359 0.094773 -0.162950
v -0.454426 0.105926 0.220024
v -0.388673 0.113268 0.246993
v -0.335571 0.108301 0.245770
v -0.285365 0.104956 0.243015
v -0.260964 0.104468 0.226682
v -0.194083 0.088166 -0.008545
v -0.220138 0.091537 -0.106387
v -0.245355 0.072811 -0.144934
v -0.497143 0.103853 -0.055313
v -0.498900 0.116927 -0.033590
v -0.517214 0.120878 0.019234
v -0.522640 0.121215 0.048217
v -0.492230 0.115361 0.160136
v -0.233179 0.102635 0.179114
v -0.217033 0.084563 0.165584
v -0.197828 0.065355 0.119102
v -0.193051 0.075830 0.060937
v -0.301511 0.092510 -0.159697
v -0.396737 0.093177 -0.151884
v -0.476979 0.118092 0.181418
v -0.205955 0.083348 0.127731
v -0.199265 0.100105 0.016029
v -0.371553 0.091168 -0.160848
v -0.476737 0.106349 -0.083513
v -0.799451 0.766014 -0.065384
v -0.430998 0.117298 0.218721
v -0.369761 0.111776 0.250158
v -0.324493 0.124216 0.221548
v -0.198074 0.083241 -0.051008
v -0.214085 0.099961 -0.086072
v -0.312782 0.113346 -0.150526
v -0.409655 0.099793 -0.142168
v -0.453897 0.106328 -0.107715
v -0.503948 0.131959 0.015412
v -0.263751 0.102061 -0.142565
v -0.343561 0.110646 -0.154129
v -0.433894 0.099346 -0.128377
v -0.475546 0.122202 -0.065797
v -0.795119 0.725727 0.006916
v -0.239983 0.118966 0.158135
v -0.202918 0.099320 0.058029
v -0.374268 0.109874 -0.149851
v -0.411426 0.113990 -0.130316
v -0.498123 0.123699 0.135850
v -0.451020 0.125445 0.193592
v -0.265528 0.121702 0.194612
v -0.254905 0.129715 0.160188
v -0.207155 0.108214 -0.044825
v -0.230369 0.110367 -0.108343
v -0.239589 0.094164 -0.130309
v -0.289265 0.116202 -0.143490
v -0.461520 0.118389 -0.087863
v -0.406090 0.127254 0.218761
v -0.272495 0.104475 0.237117
v -0.482297 0.137251 -0.022262
v -0.502567 0.135593 0.079136
v -0.223851 0.111028 0.130364
v -0.212933 0.094909 0.131770
v -0.211707 0.121123 -0.010078
v -0.215817 0.120645 -0.054236
v -0.261278 0.113840 -0.133790
v -0.467772 0.134833 -0.054604
v -0.476218 0.132078 0.150842
v -0.366635 0.130688 0.218816
v -0.217978 0.125603 0.039282
v -0.214993 0.126314 0.028687
v -0.213781 0.122366 0.014498
v -0.335928 0.124302 -0.143245
v -0.435133 0.117967 -0.111673
v -0.495929 0.141636 0.039201
v -0.451715 0.132848 0.177964
v -0.229021 0.125805 -0.088368
v -0.465448 0.146623 -0.029949
v -0.489657 0.136563 0.113620
v -0.214243 0.122724 -0.030706
v -0.243001 0.116138 -0.118371
v -0.381732 0.122897 -0.135397
v -0.410754 0.129267 -0.113767
v -0.446864 0.135733 -0.078124
v -0.431342 0.136768 0.184774
v -0.284370 0.127109 0.196927
v -0.271240 0.137353 0.157946
v -0.218873 0.128758 0.079895
v -0.211601 0.124946 0.013547
v -0.217988 0.123420 -0.058013
v -0.222184 0.123153 -0.074647
v -0.809924 0.704045 -0.105719
v -0.301886 0.131051 -0.133449
v -0.359490 0.121023 -0.144035
v -0.817020 0.708791 -0.104620
v -0.476130 0.150185 0.009516
v -0.462794 0.142032 0.142275
v -0.233538 0.130009 0.103706
v -0.230338 0.130324 0.092324
v -0.221615 0.127088 0.064121
v -0.211487 0.124018 -0.027688
v -0.225066 0.129451 0.081420
v -0.224517 0.125550 0.080746
v -0.215787 0.124702 -0.070795
v -0.223503 0.126325 -0.082155
v -0.236241 0.126448 -0.099354
v -0.448631 0.147363 -0.053405
v -0.469241 0.156398 0.053825
v -0.476769 0.150543 0.081787
v -0.464569 0.154312 0.090786
v -0.189653 0.122241 0.080087
v -0.777819 0.785436 -0.023937
v -0.232488 0.127127 -0.098227
v -0.272265 0.128243 -0.127666
v -0.368365 0.132614 -0.128882
v -0.448862 0.148752 0.135457
v -0.333365 0.142276 0.184711
v -0.327341 0.146825 0.168006
v -0.253475 0.137236 0.128903
v -0.243690 0.130864 0.129512
v -0.243096 0.134532 0.117509
v -0.232913 0.133091 0.103517
v -0.200218 0.121321 -0.095122
v -0.256852 0.131172 -0.115731
v -0.321795 0.138767 -0.125643
v -0.797907 0.720584 0.015472
v -0.452898 0.156274 -0.017895
v -0.394745 0.140672 0.192372
v -0.238419 0.134070 0.108479
v -0.118850 0.109529 0.101483
v -0.096384 0.114728 0.204736
v -0.230208 0.156228 0.266644
v -0.299895 0.180865 0.271261
v -0.274834 0.323967 0.413279
v -0.228574 0.327594 0.436557
v -0.101989 0.392138 0.500913
v 0.057632 0.488437 0.527334
v -0.136718 0.958526 0.381335
v -0.258063 0.992692 0.336111
v -0.230338 1.093593 0.288380
v -0.258247 1.244035 0.229301
v -0.267117 1.287858 0.203043
v -0.244485 1.444080 0.098715
v -0.228523 1.495859 0.026976
v -0.245806 1.487133 -0.157992
v -0.132413 1.379551 -0.359537
v -0.103643 1.350010 -0.383939
v -0.067477 1.393243 -0.371712
v 0.033377 1.406347 -0.369197
v 0.262545 1.047197 -0.423260
v 0.380703 0.579158 -0.414491
v 0.044556 0.163935 -0.341284
v -0.265797 0.178994 -0.300458
v -0.130604 0.107344 -0.071903
v -0.243646 0.126369 -0.108724
v -0.331840 0.141283 -0.122147
v -0.416130 0.138560 -0.096154
v -0.462653 0.158054 0.021471
v -0.376233 0.148298 0.173080
v -0.239797 0.136439 0.120492
v -0.122481 0.125150 0.244204
v -0.187226 0.135749 0.236009
v -0.255779 0.164427 0.269978
v -0.251583 0.167077 0.270478
v -0.332400 0.200154 0.270888
v -0.351150 0.220668 0.268379
v -0.329388 0.299311 0.369103
v -0.174930 0.342569 0.463146
v -0.126311 0.362484 0.485336
v -0.057547 0.411163 0.513894
v -0.005115 0.447278 0.524849
v -0.056871 0.708171 0.513346
v -0.081279 0.731384 0.504584
v -0.077559 0.802008 0.476603
v -0.133444 0.781653 0.479314
v -0.260633 1.031805 0.301853
v -0.248570 1.033095 0.305414
v -0.254953 1.464401 0.051443
v -0.229937 1.440633 -0.253445
v -0.189660 1.440435 -0.285717
v -0.037221 1.394861 -0.374227
v 0.201524 1.178946 -0.415768
v 0.334890 0.802200 -0.428803
v 0.343358 0.525778 -0.436432
v 0.316313 0.378220 -0.423604
v 0.265943 0.310049 -0.419283
v 0.156234 0.236251 -0.406966
v -0.188177 0.185145 -0.342702
v -0.805507 0.728756 -0.105302
v -0.127500 0.125369 -0.237282
v -0.433408 0.155181 -0.048406
v -0.427066 0.150701 0.144688
v -0.249094 0.138262 0.120274
v -0.280020 0.172170 0.270039
v -0.301543 0.176256 0.263856
v -0.343478 0.209936 0.268696
v -0.317195 0.272512 0.355174
v -0.184534 0.367806 0.471003
v -0.116870 0.435373 0.509779
v 0.012986 0.523571 0.532466
v -0.019354 0.649797 0.525521
v -0.161017 0.892242 0.418804
v -0.286781 1.020118 0.300297
v -0.249453 1.101627 0.279388
v -0.253681 1.124910 0.271108
v -0.229711 1.508293 -0.022167
v -0.272377 1.456612 -0.172616
v -0.262105 1.439097 -0.220803
v -0.787065 0.737115 0.007493
v -0.191336 1.408140 -0.311411
v -0.798814 0.712068 0.021907
v 0.304540 0.889340 -0.432741
v 0.309205 0.727496 -0.455503
v 0.348745 0.642427 -0.436205
v 0.121866 0.250299 -0.424083
v -0.057302 0.176983 -0.359477
v -0.107618 0.182768 -0.360215
v -0.211343 0.209603 -0.366333
v -0.246288 0.130217 -0.133752
v -0.244984 0.129678 -0.109448
v -0.374464 0.141876 -0.112194
v -0.420237 0.148276 -0.075260
v -0.448075 0.163493 0.045522
v -0.443386 0.160032 0.088916
v -0.279956 0.146389 0.131499
v -0.265202 0.145194 0.131861
v -0.260112 0.160519 0.260915
v -0.346658 0.199054 0.264766
v -0.328731 0.193421 0.270072
v -0.355226 0.273161 0.330718
v -0.343404 0.277953 0.343844
v -0.287530 0.342808 0.416646
v -0.120625 0.710244 0.505199
v -0.149076 0.767277 0.482013
v -0.216007 0.860898 0.424477
v -0.257133 0.941671 0.369581
v -0.284599 0.980760 0.332908
v -0.252846 1.037917 0.307103
v -0.267560 1.235537 0.230564
v -0.283708 1.279804 0.200019
v -0.271476 1.315884 0.186347
v -0.286753 1.433287 0.059749
v -0.250309 1.487113 -0.002173
v -0.251994 1.495011 -0.062245
v -0.266346 1.475565 -0.131901
v -0.177082 1.341397 -0.361137
v -0.145409 1.322203 -0.383297
v 0.085134 1.317335 -0.402034
v 0.164140 1.201271 -0.421333
v 0.225702 0.296609 -0.427803
v 0.156512 0.278227 -0.436231
v 0.078740 0.242806 -0.423433
v 0.063272 0.195791 -0.380592
v -0.231983 0.147564 -0.248745
v -0.106394 0.108450 -0.145255
v -0.261837 0.134027 -0.117560
v -0.275455 0.135307 -0.120854
v -0.288848 0.149814 0.121081
v -0.709090 0.625615 -0.108298
v -0.348791 0.204922 0.269623
v -0.367618 0.232067 0.267987
v -0.379641 0.245348 0.274581
v -0.260341 0.357287 0.436049
v -0.145767 0.394674 0.491533
v -0.063724 0.481645 0.525903
v -0.091339 0.664757 0.519953
v -0.286357 1.024685 0.294243
v -0.272384 1.029198 0.298098
v -0.272393 1.107774 0.269984
v -0.254454 1.492568 -0.086690
v -0.206471 1.297279 -0.368821
v -0.214664 1.321561 -0.352090
v -0.181968 1.294333 -0.381383
v 0.291462 0.785117 -0.458753
v 0.300410 0.660393 -0.464305
v 0.312873 0.426711 -0.439408
v -0.140615 0.224103 -0.399098
v -0.179799 0.216953 -0.383940
v -0.264063 0.214553 -0.352671
v -0.262124 0.165851 -0.275863
v -0.275301 0.160423 -0.252925
v -0.168115 0.124447 -0.202485
v -0.273017 0.137444 -0.121131
v -0.292061 0.140604 -0.118320
v -0.432263 0.163798 -0.011467
v -0.405944 0.159360 0.116810
v -0.374601 0.154377 0.146530
v -0.307129 0.154390 0.111817
v -0.213324 0.131004 0.155689
v -0.315607 0.178131 0.253961
v -0.359581 0.223657 0.266314
v -0.379892 0.261705 0.294222
v -0.342743 0.340859 0.382120
v -0.781046 0.746633 0.006340
v -0.133323 0.503916 0.515126
v -0.073797 0.558572 0.529238
v -0.285625 1.033374 0.298408
v -0.263214 1.041232 0.305331
v -0.261054 1.079300 0.288110
v -0.773835 0.706738 0.031234
v -0.287668 1.111214 0.262689
v -0.297127 1.186340 0.237587
v -0.721961 0.736869 0.036331
v -0.252608 1.417268 0.123461
v -0.272105 1.470114 -0.015342
v -0.232972 1.406615 -0.283647
v -0.729431 0.639383 0.021658
v 0.283698 0.408127 -0.449361
v 0.252730 0.350465 -0.443254
v -0.267790 0.197601 -0.329255
v -0.268859 0.144306 -0.201462
v -0.201252 0.136287 -0.233902
v -0.230972 0.131011 -0.175473
v -0.299636 0.144741 -0.117676
v -0.307168 0.146504 -0.113404
v -0.307830 0.144145 -0.114991
v -0.344955 0.158516 0.118582
v -0.316444 0.157625 0.097414
v -0.306044 0.158087 0.111920
v -0.282293 0.150050 0.126017
v -0.277387 0.149735 0.131246
v -0.240019 0.147556 0.229523
v -0.744682 0.566021 -0.024776
v -0.364790 0.216413 0.269690
v -0.372329 0.233214 0.265766
v -0.078156 0.624499 0.526213
v -0.253680 0.879706 0.404175
v -0.291641 0.925355 0.364185
v -0.288346 1.142838 0.257067
v -0.279872 1.453112 0.026264
v -0.240135 1.294653 -0.350248
v -0.177126 1.200649 -0.416411
v -0.115201 1.268279 -0.412692
v -0.063020 1.296487 -0.413247
v -0.007910 1.328583 -0.405918
v 0.045067 1.303789 -0.413391
v 0.130636 1.173847 -0.438879
v 0.225855 1.098216 -0.428118
v 0.272583 0.883356 -0.451948
v 0.247833 0.419245 -0.467340
v 0.224999 0.342584 -0.450146
v 0.006240 0.225628 -0.412543
v -0.102882 0.244255 -0.421410
v -0.247615 0.236521 -0.381376
v -0.298353 0.187213 -0.293766
v -0.733225 0.665857 -0.127023
v -0.318370 0.175413 -0.251311
v -0.299322 0.159448 -0.223583
v -0.288820 0.141595 -0.120484
v -0.319979 0.149469 -0.105426
v -0.310032 0.157651 0.102459
v -0.271148 0.150258 0.170315
v -0.285885 0.163377 0.237386
v -0.389320 0.248831 0.264636
v -0.399449 0.257724 0.263788
v -0.402444 0.289900 0.295505
v -0.349281 0.300572 0.356321
v -0.334813 0.375029 0.400319
v -0.179072 0.758595 0.477299
v -0.259694 0.827063 0.424563
v -0.806276 0.704620 -0.115766
v -0.801365 0.714672 -0.108042
v -0.304035 1.020635 0.285382
v -0.296067 1.023912 0.289710
v -0.293316 1.039248 0.296190
v -0.264419 1.051450 0.301762
v -0.283774 1.344393 0.159299
v -0.283041 1.374312 0.134068
v -0.299498 1.412097 0.073829
v -0.302053 1.445673 -0.087445
v -0.307426 1.432271 -0.127658
v -0.240105 1.369260 -0.307875
v 0.184653 1.141408 -0.432848
v 0.251677 0.976516 -0.443289
v 0.174455 0.328320 -0.458603
v -0.788401 0.779128 -0.041541
v -0.315661 0.149134 -0.109885
v -0.775480 0.767445 0.005408
v -0.388468 0.151170 -0.085853
v -0.404437 0.166385 -0.025795
v -0.413053 0.165917 0.067850
v -0.368411 0.164380 0.085583
v -0.350989 0.193737 0.246349
v -0.384342 0.306975 0.328356
v -0.237875 0.427090 0.467361
v -0.143258 0.677725 0.506127
v -0.214676 0.808071 0.448231
v -0.300952 0.863986 0.390256
v -0.323362 0.948266 0.331954
v -0.317840 0.991642 0.302632
v -0.321970 1.013630 0.278583
v -0.324926 1.141494 0.237293
v -0.329394 1.172616 0.223128
v -0.302875 1.388189 0.098277
v -0.256020 1.421294 -0.248702
v -0.231396 1.227095 -0.384000
v 0.013627 1.240664 -0.435732
v 0.228773 0.829085 -0.481093
v 0.232354 0.694442 -0.493585
v 0.282119 0.565129 -0.471551
v 0.287013 0.467500 -0.459913
v 0.212501 0.401161 -0.474198
v -0.731999 0.661107 0.029346
v 0.109415 0.279609 -0.445453
v -0.151656 0.255025 -0.422115
v -0.188367 0.241628 -0.404015
v -0.339631 0.205703 -0.288830
v -0.315414 0.150326 -0.127538
v -0.329698 0.149450 -0.103753
v -0.292599 0.153569 0.117611
v -0.366755 0.210854 0.263303
v -0.377584 0.226168 0.269343
v -0.233199 0.504358 0.480868
v -0.163066 0.581841 0.508526
v -0.190373 0.733549 0.481061
v -0.312479 1.017234 0.281643
v -0.317703 1.256259 0.187264
v -0.295692 1.425441 -0.180896
v -0.266309 1.366244 -0.287907
v -0.237676 1.268632 -0.364529
v -0.246458 1.131217 -0.407321
v -0.704419 0.595439 -0.080279
v -0.022300 1.212986 -0.443370
v 0.183709 0.847446 -0.495211
v -0.044383 0.313320 -0.470384
v -0.282174 0.227577 -0.357831
v -0.309995 0.217196 -0.329495
v -0.359000 0.196676 -0.248483
v -0.326705 0.152476 -0.103709
v -0.329557 0.153512 -0.095103
v -0.376273 0.162375 -0.057121
v -0.397006 0.169631 0.006422
v -0.711536 0.636346 -0.114448
v -0.325093 0.161140 0.084575
v -0.331847 0.161634 0.078266
v -0.320917 0.161057 0.092548
v -0.341560 0.183625 0.223782
v -0.408794 0.275297 0.272557
v -0.280214 0.413451 0.443759
v -0.313014 1.025339 0.287812
v -0.310738 1.031396 0.289808
v -0.304553 1.245813 0.204243
v -0.308346 1.323719 0.149995
v -0.312908 1.410140 0.052712
v -0.311882 1.434744 -0.055017
v 0.196719 0.977369 -0.463498
v 0.206089 0.612005 -0.503497
v 0.199188 0.513259 -0.498706
v 0.188420 0.453448 -0.493598
v 0.165443 0.406812 -0.488427
v 0.121793 0.337214 -0.472565
v -0.076835 0.271584 -0.444138
v -0.148323 0.290712 -0.444997
v -0.341032 0.176323 -0.220718
v -0.357874 0.156128 -0.083770
v -0.339325 0.162589 0.076879
v -0.329631 0.166335 0.097825
v -0.382883 0.226868 0.266958
v -0.389618 0.236787 0.267543
v -0.374657 0.356033 0.363911
v -0.780250 0.788129 -0.067858
v -0.201594 0.635102 0.492503
v -0.281433 0.789824 0.428673
v -0.317712 0.906100 0.360252
v -0.337354 0.994336 0.283481
v -0.333358 1.216135 0.196793
v -0.329987 1.275963 0.161527
v -0.324737 1.345482 0.115367
v -0.323651 1.380578 0.079071
v -0.325170 1.417182 -0.092145
v -0.283329 1.427850 -0.203520
v -0.276180 1.126451 -0.390759
v 0.005749 1.107808 -0.469979
v 0.175834 0.755654 -0.509148
v -0.770026 0.758847 0.006371
v 0.073568 0.339268 -0.479768
v -0.349954 0.216668 -0.295812
v -0.323261 0.158894 -0.173995
v -0.357463 0.172633 -0.164756
v -0.337939 0.154496 -0.091040
v -0.343759 0.176413 0.148406
v -0.386146 0.221465 0.254353
v -0.337266 0.405447 0.408111
v -0.310621 0.421145 0.428586
v -0.266296 0.466934 0.460778
v -0.326951 0.749390 0.416263
v -0.350000 0.996005 0.266537
v -0.331923 1.008489 0.273541
v -0.326279 1.015998 0.278537
v -0.330764 1.021902 0.282000
v -0.333027 1.108344 0.238192
v -0.317182 1.417272 0.016779
v -0.278419 1.395604 -0.249239
v -0.291539 1.335211 -0.283219
v -0.264695 1.314007 -0.323230
v -0.180614 1.129544 -0.435148
v 0.056142 1.082450 -0.471765
v 0.078923 0.375400 -0.492263
v -0.232122 0.279948 -0.416310
v -0.389190 0.230944 -0.271206
v -0.343597 0.157894 -0.078205
v -0.363197 0.169333 -0.006891
v -0.713465 0.582189 -0.037966
v -0.372430 0.203055 0.229289
v -0.397363 0.238169 0.265970
v -0.408878 0.253884 0.265275
v -0.405981 0.262962 0.262039
v -0.412824 0.271892 0.261365
v -0.247565 0.593474 0.476620
v -0.242926 0.680857 0.471109
v -0.308840 0.714624 0.432785
v -0.335782 0.776341 0.403833
v -0.334799 0.862003 0.371593
v -0.357907 0.949459 0.301434
v -0.339520 1.004730 0.270215
v -0.312870 1.101922 0.252286
v 0.126477 0.673392 -0.524264
v 0.144207 0.459345 -0.504420
v 0.114063 0.408788 -0.498160
v 0.009553 0.324203 -0.476592
v -0.268536 0.266464 -0.393498
v -0.373009 0.196318 -0.223949
v -0.337927 0.157875 -0.092190
v -0.340040 0.158215 -0.081413
v -0.353972 0.166655 0.044103
v -0.350205 0.165399 0.047305
v -0.336205 0.164635 0.069285
v -0.333367 0.165044 0.078020
v -0.423877 0.285641 0.261566
v -0.777345 0.714143 -0.128927
v -0.323829 1.034301 0.282233
v -0.307578 1.080027 0.265074
v -0.355248 1.142613 0.214936
v -0.368217 1.156052 0.195360
v -0.342900 1.248431 0.165890
v -0.341243 1.338272 0.097861
v -0.336982 1.383514 0.039468
v -0.331281 1.400452 -0.124857
v -0.273605 1.276156 -0.335797
v -0.273485 1.202467 -0.367199
v -0.082808 1.173903 -0.447020
v -0.000819 0.929798 -0.508344
v 0.072594 0.925930 -0.504185
v 0.140428 0.868141 -0.503107
v 0.075079 0.734911 -0.529938
v -0.793644 0.765317 -0.085432
v -0.188275 0.282249 -0.430982
v -0.207973 0.258270 -0.410387
v -0.286078 0.242794 -0.368526
v -0.359693 0.169245 0.003752
v -0.344107 0.165645 0.054349
v -0.339934 0.165168 0.061335
v -0.378557 0.197783 0.177460
v -0.414067 0.244935 0.249775
v -0.450360 0.342249 0.271282
v -0.425767 0.355816 0.311179
v -0.369578 0.393878 0.381640
v -0.341705 0.457852 0.416159
v -0.295059 0.511660 0.450037
v -0.355075 0.818198 0.376121
v -0.351636 0.896284 0.341195
v -0.360316 0.989546 0.261671
v -0.352642 0.996982 0.265345
v -0.353069 1.003500 0.270029
v -0.343645 1.011213 0.275151
v -0.360956 1.102996 0.218647
v -0.333240 1.405622 -0.032528
v -0.326721 1.390002 -0.161994
v -0.295631 1.376053 -0.243646
v -0.312783 1.337100 -0.249915
v -0.293386 1.196164 -0.353938
v -0.781486 0.718475 0.027535
v 0.053355 0.837100 -0.521066
v 0.108873 0.589365 -0.524552
v 0.060097 0.625090 -0.532723
v 0.003384 0.346732 -0.485993
v -0.100255 0.338604 -0.476444
v -0.256924 0.306241 -0.420805
v -0.332641 0.244150 -0.339001
v -0.416889 0.245148 -0.251227
v -0.343962 0.161012 -0.073808
v -0.348584 0.161472 -0.064021
v -0.356026 0.168929 0.022093
v -0.380803 0.189634 0.111167
v -0.412554 0.251110 0.262254
v -0.416682 0.260962 0.264680
v -0.444368 0.376049 0.298817
v -0.340583 1.304625 0.128574
v -0.337065 1.359024 0.080287
v -0.345576 1.388456 -0.051040
v -0.308730 1.391180 -0.204042
v -0.275998 1.048152 -0.413955
v -0.125061 1.080373 -0.460704
v -0.057284 0.921760 -0.506751
v 0.014371 0.785392 -0.530495
v 0.081237 0.465329 -0.513317
v -0.071537 0.375313 -0.493066
v -0.137526 0.327996 -0.465830
v -0.399855 0.219275 -0.228917
v -0.352177 0.164552 -0.053330
v -0.353009 0.169345 0.044589
v -0.421792 0.269071 0.263245
v -0.436551 0.289767 0.260717
v -0.316150 0.602458 0.439966
v -0.707028 0.585458 -0.063713
v -0.365113 0.780600 0.381297
v -0.373137 0.978417 0.256308
v -0.364160 1.005251 0.267336
v -0.354080 1.016589 0.270743
v -0.383293 1.128524 0.188659
v -0.341139 1.386594 0.007526
v -0.322319 1.149541 -0.345128
v -0.314010 1.106208 -0.368416
v -0.299746 1.021818 -0.404884
v 0.000645 0.558733 -0.531066
v 0.026223 0.398622 -0.502876
v -0.291814 0.307054 -0.404263
v -0.313886 0.268712 -0.369889
v -0.350584 0.164694 -0.063100
v -0.355075 0.165173 -0.042275
v -0.358069 0.168015 -0.039969
v -0.358974 0.169114 -0.022615
v -0.362306 0.171609 -0.019541
v -0.363058 0.172591 0.005741
v -0.408781 0.227981 0.212558
v -0.431956 0.298296 0.260884
v -0.471827 0.376584 0.258712
v -0.449200 0.417733 0.308478
v -0.336697 0.684733 0.420883
v -0.352245 0.744049 0.400852
v -0.368905 0.994003 0.264047
v -0.379265 1.098952 0.202625
v -0.357483 1.220738 0.165918
v -0.360388 1.266595 0.127963
v -0.324341 1.348598 -0.218704
v -0.312220 1.298957 -0.279336
v -0.297704 1.228481 -0.336865
v -0.794636 0.720271 -0.117147
v -0.032971 0.772896 -0.530467
v 0.001675 0.651097 -0.536239
v -0.791615 0.736300 -0.109216
v -0.786544 0.748818 -0.109058
v -0.174419 0.316129 -0.452478
v -0.382212 0.193175 -0.191269
v -0.370574 0.175063 -0.114089
v -0.366478 0.174196 -0.035618
v -0.427796 0.269779 0.261845
v -0.436787 0.302931 0.258285
v -0.418976 0.402105 0.337202
v -0.354797 0.616531 0.414498
v -0.377747 0.865294 0.333986
v -0.386916 0.964762 0.250373
v -0.343790 1.062362 0.251182
v -0.352206 1.373404 -0.084123
v -0.350549 1.367127 -0.117419
v -0.298971 1.288777 -0.304661
v -0.249879 1.020968 -0.434573
v -0.170320 0.865681 -0.495526
v -0.013369 0.456992 -0.515862
v -0.143374 0.371170 -0.481581
v -0.759338 0.770336 0.006434
v -0.374572 0.248531 -0.307432
v -0.432737 0.246783 -0.217524
v -0.379319 0.182939 0.058725
v -0.781366 0.742331 0.014598
v -0.430949 0.267404 0.254872
v -0.384298 0.461112 0.383795
v -0.356148 0.519257 0.412775
v -0.381101 0.770280 0.370485
v -0.374635 0.910886 0.310490
v -0.379341 0.974243 0.253811
v -0.377737 0.991980 0.261394
v -0.399001 1.135109 0.160091
v -0.335116 1.354048 -0.189357
v -0.330822 1.274502 -0.266265
v -0.317324 1.195531 -0.331221
v -0.061480 0.673614 -0.532812
v -0.068182 0.584788 -0.529228
v -0.118550 0.424373 -0.501254
v -0.283764 0.344735 -0.425292
v -0.414514 0.260836 -0.277073
v -0.438052 0.275279 -0.257763
v -0.451570 0.272132 -0.222993
v -0.721547 0.629649 0.014616
v -0.391612 0.574952 0.386339
v -0.362266 0.697470 0.401166
v -0.404813 0.805603 0.334273
v -0.391395 0.952212 0.257522
v -0.372613 1.061039 0.228055
v -0.717849 0.593987 -0.014309
v -0.365869 1.294414 0.089961
v -0.353467 1.348711 0.050323
v -0.356512 1.360631 -0.001506
v -0.342153 1.293618 -0.232069
v -0.347337 1.055119 -0.354166
v -0.129497 0.915311 -0.496405
v -0.126944 0.801268 -0.515336
v -0.176734 0.370687 -0.474006
v -0.340486 0.337787 -0.389372
v -0.355215 0.280671 -0.348481
v -0.419583 0.283511 -0.291951
v -0.426309 0.231993 -0.194151
v -0.422785 0.218413 0.112715
v -0.445263 0.316455 0.256473
v -0.683215 0.608330 -0.075587
v -0.407406 0.930530 0.252648
v -0.389757 0.980720 0.256289
v -0.377293 1.187747 0.158502
v -0.679802 0.635618 -0.101706
v -0.144815 0.680064 -0.519261
v -0.113172 0.487311 -0.512834
v -0.171183 0.443075 -0.495663
v -0.387677 0.276206 -0.318852
v -0.391515 0.188702 -0.051644
v -0.401610 0.193949 0.032292
v -0.420882 0.210123 0.064246
v -0.432337 0.238021 0.164902
v -0.444195 0.258393 0.192678
v -0.443035 0.289778 0.258808
v -0.456827 0.335901 0.253948
v -0.789427 0.730439 -0.109977
v -0.462476 0.355496 0.260642
v -0.486305 0.423269 0.257743
v -0.424018 0.490181 0.350679
v -0.397447 0.654282 0.377108
v -0.411348 0.719695 0.353154
v -0.750905 0.698055 -0.131315
v -0.390973 0.967049 0.251037
v -0.391789 0.995726 0.248926
v -0.396570 1.089442 0.185065
v -0.359443 1.325208 -0.156134
v -0.753406 0.731489 -0.132124
v -0.180926 0.778868 -0.504837
v -0.384118 0.305207 -0.341003
v -0.457152 0.260278 -0.176197
v -0.388502 0.189970 -0.150798
v -0.453307 0.309986 0.257965
v -0.470580 0.347238 0.253000
v -0.431657 0.805980 0.301028
v -0.419735 0.921840 0.238422
v -0.408877 0.938024 0.242274
v -0.398032 0.952375 0.246110
v -0.401714 1.175210 0.119027
v -0.368453 1.305408 0.068456
v -0.326755 1.219146 -0.308455
v -0.347793 1.130590 -0.324367
v -0.245690 0.416811 -0.466719
v -0.322386 0.397143 -0.424483
v -0.369891 0.394211 -0.393283
v -0.390968 0.349932 -0.359422
v -0.449434 0.301138 -0.267287
v -0.465896 0.306097 -0.241866
v -0.751015 0.818363 -0.074065
v -0.444814 0.237249 -0.134574
v -0.401508 0.195744 -0.105455
v -0.455623 0.329575 0.254699
v -0.480613 0.361710 0.250000
v -0.470205 0.366445 0.249535
v -0.492286 0.462098 0.260733
v -0.482291 0.523266 0.285118
v -0.759153 0.808850 -0.031549
v -0.430527 0.647549 0.344905
v -0.407369 0.948649 0.245798
v -0.391302 1.064385 0.206172
v -0.367100 1.241673 -0.223250
v -0.368924 1.201888 -0.248307
v -0.361717 1.190821 -0.269630
v -0.215811 0.672722 -0.498874
v -0.174826 0.515063 -0.503886
v -0.234152 0.463683 -0.480745
v -0.315649 0.460154 -0.445065
v -0.444301 0.287887 0.256182
v -0.461722 0.320353 0.255609
v -0.476020 0.377576 0.246313
v -0.434775 0.571258 0.344656
v -0.469330 0.734075 0.276375
v -0.478047 0.685211 0.277528
v -0.495025 0.714272 0.240604
v -0.442315 0.740019 0.311825
v -0.442577 0.872539 0.241523
v -0.400220 0.966042 0.251197
v -0.405064 0.968285 0.248901
v -0.416678 1.084262 0.154942
v -0.369790 1.321321 0.028405
v -0.353218 0.940495 -0.383433
v -0.284579 0.975304 -0.426142
v -0.297684 0.891171 -0.436538
v -0.257073 0.805923 -0.472142
v -0.285411 0.710427 -0.469050
v -0.256817 0.718565 -0.481474
v -0.272152 0.662620 -0.477396
v -0.304617 0.721357 -0.458035
v -0.306511 0.664371 -0.460619
v -0.412981 0.307070 -0.316227
v -0.472662 0.340157 0.252222
v -0.458801 0.842246 0.235139
v -0.434414 0.896404 0.233894
v -0.415193 0.947898 0.245397
v -0.420044 1.137777 0.107883
v -0.699382 0.605984 -0.088507
v -0.371813 1.331466 -0.050227
v -0.296823 0.829891 -0.447879
v -0.691176 0.668383 -0.120948
v -0.261100 0.544554 -0.479575
v -0.285719 0.489779 -0.464024
v -0.345672 0.438853 -0.422712
v -0.404035 0.375972 -0.359319
v -0.443740 0.321737 -0.290133
v -0.473126 0.297377 -0.209129
v -0.451502 0.242405 0.092953
v -0.449676 0.276175 0.222645
v -0.460370 0.303246 0.242062
v -0.474169 0.330993 0.242279
v -0.482542 0.396037 0.244890
v -0.482966 0.403111 0.253417
v -0.455911 0.827110 0.251697
v -0.450128 0.866481 0.229876
v -0.444184 0.879282 0.230979
v -0.423419 0.914576 0.237265
v -0.429780 0.928175 0.240404
v -0.434046 1.087920 0.114403
v -0.400073 1.217161 0.069926
v -0.384390 1.237209 -0.182152
v -0.361587 1.139816 -0.300579
v -0.374885 0.972835 -0.353017
v -0.774972 0.734069 -0.125277
v -0.434432 0.355007 -0.319792
v -0.787186 0.727804 -0.120601
v -0.777237 0.743675 -0.112118
v -0.473044 0.276705 -0.162061
v -0.782103 0.764794 -0.102689
v -0.440192 0.225647 -0.061889
v -0.447063 0.229954 0.013863
v -0.487936 0.405349 0.242842
v -0.496636 0.446887 0.245794
v -0.481664 0.591160 0.286535
v -0.456113 0.852296 0.228936
v -0.439851 0.893167 0.232798
v -0.429474 0.907463 0.234776
v -0.435915 0.911474 0.237561
v -0.421986 0.946481 0.242078
v -0.410528 1.013396 0.215276
v -0.423468 1.018366 0.191790
v -0.389432 1.276062 -0.094963
v -0.383022 1.258507 -0.161720
v -0.334085 0.606898 -0.445327
v -0.358072 0.502955 -0.426916
v -0.476257 0.280435 0.122142
v -0.483593 0.360784 0.246759
v -0.489257 0.375551 0.245309
v -0.488974 0.415393 0.242381
v -0.501175 0.465899 0.244382
v -0.759489 0.784110 0.005624
v -0.510096 0.504203 0.237486
v -0.501374 0.623611 0.252901
v -0.507550 0.649823 0.236717
v -0.485125 0.780136 0.226290
v -0.460976 0.844955 0.227009
v -0.774665 0.741608 0.021371
v -0.403899 1.233620 -0.013309
v -0.471983 0.263507 -0.113144
v -0.472205 0.258871 -0.076566
v -0.468094 0.290376 0.187780
v -0.488910 0.385406 0.245635
v -0.496289 0.399360 0.243143
v -0.499274 0.417619 0.241992
v -0.503788 0.459518 0.239171
v -0.511719 0.536521 0.239541
v -0.509402 0.569509 0.245089
v -0.476400 0.807842 0.225612
v -0.467929 0.828491 0.226070
v -0.426590 1.138728 0.078047
v -0.403315 1.237226 -0.052291
v -0.416508 1.164435 -0.133250
v -0.398760 1.156865 -0.213307
v -0.371904 1.060365 -0.322601
v -0.313362 0.944541 -0.413976
v -0.377812 0.543938 -0.416111
v -0.408386 0.456322 -0.379790
v -0.427090 0.429450 -0.354773
v -0.468899 0.370646 -0.284004
v -0.474636 0.344542 -0.259950
v -0.488124 0.321098 -0.201720
v -0.496135 0.291868 -0.077235
v -0.494437 0.434458 0.241400
v -0.493927 0.749153 0.225381
v -0.489517 0.765228 0.225022
v -0.459878 0.873387 0.230436
v -0.453480 0.888346 0.232329
v -0.444824 0.903791 0.234969
v -0.403512 1.012850 -0.295408
v -0.412944 0.920717 -0.321400
v -0.371007 0.870047 -0.386153
v -0.347363 0.828133 -0.415273
v -0.419357 0.506046 -0.378117
v -0.488151 0.292511 -0.142181
v -0.501348 0.360216 0.192097
v -0.493627 0.370735 0.232161
v -0.508156 0.443668 0.239292
v -0.505244 0.478426 0.238300
v -0.513904 0.590493 0.232926
v -0.497688 0.732044 0.225227
v -0.481484 0.792436 0.225381
v -0.467788 0.863391 0.227482
v -0.449942 1.025967 0.131160
v -0.401494 0.750654 -0.383540
v -0.384013 0.751859 -0.399465
v -0.401707 0.529376 -0.396416
v -0.496071 0.288624 -0.025665
v -0.501474 0.320492 0.115395
v -0.514203 0.522284 0.234715
v -0.508409 0.653525 0.231917
v -0.504773 0.689944 0.226540
v -0.501765 0.711013 0.225463
v -0.479277 0.828366 0.226094
v -0.447048 0.913887 0.229068
v -0.441381 0.994255 0.178192
v -0.403602 1.074694 -0.259100
v -0.398117 0.901706 -0.348319
v -0.394523 0.844166 -0.369647
v -0.488858 0.383435 -0.258729
v -0.508308 0.340393 -0.161738
v -0.529812 0.363972 0.075267
v -0.503279 0.338550 0.149430
v -0.765155 0.798206 -0.086331
v -0.505743 0.423714 0.238556
v -0.513610 0.447990 0.234303
v -0.513836 0.479249 0.237822
v -0.509077 0.664382 0.227575
v -0.481548 0.835648 0.223467
v -0.466541 0.879789 0.221879
v -0.474526 0.990552 -0.074516
v -0.424478 0.633654 -0.378553
v -0.424984 0.568668 -0.377486
v -0.497703 0.459379 -0.272904
v -0.510637 0.312786 -0.046770
v -0.522302 0.513835 0.235079
v -0.514738 0.595028 0.230905
v -0.502181 0.766228 0.224457
v -0.473184 0.994636 0.087650
v -0.452391 1.063420 0.070455
v -0.431158 1.066363 -0.189608
v -0.750802 0.778282 0.006942
v -0.505806 0.314774 0.071233
v -0.519891 0.478379 0.233995
v -0.523719 0.540742 0.234166
v -0.512026 0.616457 0.230458
v -0.507288 0.732890 0.224597
v -0.494689 0.795264 0.223634
v -0.486335 0.806736 0.225333
v -0.485511 0.838044 0.215895
v -0.455132 0.916655 0.213304
v -0.411907 0.972371 -0.301666
v -0.718604 0.762821 -0.134810
v -0.694657 0.737204 0.038490
v -0.445324 0.677886 -0.349901
v -0.503399 0.419755 -0.247736
v -0.517920 0.377499 -0.176200
v -0.520678 0.653484 0.226892
v -0.694081 0.673995 0.027128
v -0.512639 0.691818 0.226289
v -0.512831 0.723158 0.223304
v -0.466936 0.990250 0.120973
v -0.538084 0.945273 -0.102313
v -0.487143 0.971687 -0.075753
v -0.498751 0.965459 -0.066533
v -0.482722 0.970379 -0.100368
v -0.501689 0.960567 -0.098425
v -0.503857 0.953773 -0.117203
v -0.482611 0.962219 -0.123905
v -0.486752 0.972983 -0.048640
v -0.711715 0.618580 0.003423
v -0.478933 0.979878 -0.082523
v -0.497069 0.960528 -0.020131
v -0.536211 0.951555 -0.063312
v -0.502634 0.960808 -0.036338
v -0.479792 0.985033 -0.035512
v -0.511806 0.943823 0.002837
v -0.513011 0.946004 -0.123264
v -0.475283 0.967436 -0.131736
v -0.497869 0.950871 0.008853
v -0.510425 0.935362 0.018880
v -0.549852 0.945130 -0.086184
v -0.483156 0.954290 -0.136925
v -0.487214 0.969495 -0.007269
v -0.567183 0.925830 -0.011244
v -0.566495 0.931993 -0.103579
v -0.533363 0.933266 -0.126373
v -0.669795 0.661523 -0.111535
v -0.526191 0.934219 0.006745
v -0.483844 0.942071 -0.151782
v -0.471574 0.981469 -0.120287
v -0.501337 0.940121 0.023999
v -0.579624 0.926614 -0.025767
v -0.561570 0.938906 -0.042305
v -0.567940 0.939065 -0.068800
v -0.499643 0.937355 -0.142488
v -0.581732 0.918202 -0.113435
v -0.467359 0.564352 -0.330170
v -0.552810 0.416230 0.042181
v -0.541015 0.425480 0.127677
v -0.508579 0.414910 0.228806
v -0.527503 0.594531 0.229439
v -0.522116 0.611264 0.230146
v -0.512140 0.751032 0.216633
v -0.500944 0.792437 0.216250
v -0.471954 1.011304 -0.007962
v -0.519638 0.921785 0.024413
v -0.530439 0.922451 0.018758
v -0.441218 0.953303 -0.254051
v -0.439393 0.850191 -0.311423
v -0.499789 0.522567 -0.282683
v -0.514460 0.487628 -0.250588
v -0.494460 0.353307 -0.223395
v -0.529307 0.366275 -0.112630
v -0.545747 0.459484 0.139541
v -0.525682 0.492959 0.226485
v -0.527453 0.533013 0.231656
v -0.521004 0.678313 0.223425
v -0.518537 0.723632 0.215193
v -0.500053 0.928444 0.043813
v -0.549487 0.912196 -0.135889
v -0.487402 0.921774 -0.158722
v -0.540355 0.374411 -0.048354
v -0.764782 0.793307 -0.012101
v -0.559907 0.462222 0.075308
v -0.492250 0.951626 0.035205
v -0.512995 0.921277 0.028132
v -0.494300 0.927976 -0.150637
v -0.475011 0.947465 -0.162917
v -0.563705 0.450123 -0.000589
v -0.531214 0.577381 0.225358
v -0.493596 0.916611 0.114418
v -0.504073 0.923545 0.037000
v -0.557461 0.912143 -0.133365
v -0.464110 0.856631 -0.269596
v -0.539110 0.494402 -0.192775
v -0.561652 0.451645 -0.059921
v -0.568734 0.493038 0.038354
v -0.556939 0.501756 0.123618
v -0.533129 0.546475 0.219987
v -0.533935 0.607083 0.214878
v -0.526204 0.658747 0.219886
v -0.537529 0.911472 0.023121
v -0.552874 0.910556 0.020186
v -0.572125 0.912779 0.007056
v -0.512723 0.924158 -0.143374
v -0.493267 0.916015 -0.151720
v -0.462357 0.941013 -0.210610
v -0.507751 0.575878 -0.274294
v -0.548768 0.494946 -0.162713
v -0.544399 0.435652 -0.143584
v -0.515503 0.910999 0.028325
v -0.548369 0.900493 0.020851
v -0.530293 0.916948 -0.139379
v -0.476608 0.814269 -0.266923
v -0.529191 0.541076 -0.229815
v -0.563613 0.509502 -0.105906
v -0.572567 0.510860 -0.016287
v -0.572296 0.571488 0.043347
v -0.524552 0.760728 0.174418
v -0.512199 0.897047 0.041435
v -0.613344 0.897558 -0.116398
v -0.514739 0.912240 -0.140688
v -0.502352 0.915058 -0.145344
v -0.496321 0.832158 -0.214914
v -0.531404 0.646774 -0.213717
v -0.545203 0.544094 -0.188179
v -0.571162 0.550751 -0.065726
v -0.562362 0.568870 0.109770
v -0.532344 0.655488 0.204969
v -0.538512 0.710864 0.159335
v -0.519308 0.839406 0.109793
v -0.527024 0.906799 0.023619
v -0.558191 0.897433 0.019495
v -0.575522 0.898833 0.019513
v -0.627454 0.894564 -0.006353
v -0.598216 0.924798 -0.076200
v -0.638064 0.891389 -0.104933
v -0.579477 0.902999 -0.129767
v -0.496394 0.907849 -0.153272
v -0.500804 0.887748 -0.157159
v -0.497771 0.758218 -0.248950
v -0.572523 0.596347 -0.028022
v -0.515102 0.903877 0.034346
v -0.596663 0.892528 0.016943
v -0.611884 0.916973 -0.046712
v -0.624987 0.909202 -0.085407
v -0.530167 0.908814 -0.137100
v -0.549003 0.607018 -0.173529
v -0.562529 0.595856 -0.117875
v -0.648540 0.733240 -0.128819
v -0.562178 0.650715 0.069806
v -0.539073 0.756412 0.122205
v -0.515904 0.905675 -0.147025
v -0.524800 0.725597 -0.197200
v -0.563426 0.639235 -0.085355
v -0.559327 0.698735 0.013380
v -0.574161 0.698167 -0.030093
v -0.558524 0.714960 -0.021068
v -0.558845 0.712116 -0.033976
v -0.560836 0.683346 -0.041787
v -0.557969 0.714564 -0.052398
v -0.559384 0.719195 -0.010264
v -0.616226 0.889683 0.009772
v -0.642130 0.895504 -0.094041
v -0.612121 0.887612 -0.126128
v -0.571648 0.902073 -0.132218
v -0.547002 0.904286 -0.133431
v -0.553678 0.896301 -0.139479
v -0.556009 0.717135 -0.067225
v -0.584209 0.688518 -0.043849
v -0.593777 0.685755 -0.020085
v -0.577368 0.701791 -0.012663
v -0.558296 0.723954 -0.002494
v -0.515944 0.871682 0.061025
v -0.516762 0.894684 0.038263
v -0.563282 0.892170 0.026872
v -0.573648 0.890434 0.018836
v -0.619785 0.879738 0.015667
v -0.754126 0.817056 -0.049715
v -0.554611 0.723148 -0.074259
v -0.573681 0.699323 -0.058042
v -0.519197 0.875650 0.044198
v -0.533044 0.899961 0.031192
v -0.587488 0.885933 0.017745
v -0.650509 0.890840 -0.027148
v -0.633868 0.906468 -0.072543
v -0.644296 0.874225 -0.118914
v -0.594489 0.893629 -0.128807
v -0.558377 0.898017 -0.132681
v -0.548025 0.726912 -0.113730
v -0.558837 0.718759 -0.068308
v -0.540397 0.783491 0.057700
v -0.530919 0.820978 0.061099
v -0.600918 0.880088 0.016375
v -0.635171 0.875143 0.013193
v -0.672153 0.876849 -0.092115
v -0.579073 0.890585 -0.128964
v -0.570590 0.894940 -0.129677
v -0.745812 0.797749 0.006004
v -0.567639 0.884761 -0.139914
v -0.522381 0.884446 -0.151101
v -0.553557 0.733277 -0.086127
v -0.555032 0.728406 -0.079366
v -0.557996 0.730518 0.006841
v -0.651681 0.867248 0.011731
v -0.509600 0.869214 -0.155611
v -0.518878 0.838671 -0.151942
v -0.521970 0.809925 -0.156603
v -0.575421 0.704664 -0.079044
v -0.624999 0.654525 -0.037884
v -0.573714 0.713050 0.000870
v -0.551335 0.764863 0.032684
v -0.551939 0.735106 0.044710
v -0.525022 0.869554 0.043111
v -0.586936 0.882859 0.026352
v -0.609230 0.876399 0.015866
v -0.636939 0.871302 -0.123899
v -0.597607 0.881782 -0.127730
v -0.584527 0.883261 -0.135364
v -0.605825 0.670273 -0.069890
v -0.670543 0.712056 0.034464
v -0.596845 0.690444 -0.006405
v -0.557941 0.739603 0.015505
v -0.525613 0.853422 0.046968
v -0.620840 0.870780 0.015739
v -0.637522 0.863904 0.014608
v -0.649711 0.856524 0.011917
v -0.674044 0.852288 0.010918
v -0.523853 0.838834 -0.149728
v -0.526347 0.817072 -0.145500
v -0.532012 0.801403 -0.138956
v -0.544011 0.741066 -0.123384
v -0.550634 0.742659 -0.097287
v -0.614626 0.660393 -0.052728
v -0.555152 0.746891 0.022500
v -0.599513 0.851449 0.038470
v -0.661179 0.889963 -0.076378
v -0.669299 0.852758 -0.121080
v -0.633854 0.861694 -0.124982
v -0.616127 0.872501 -0.125853
v -0.553291 0.740383 -0.095146
v -0.573819 0.728479 0.016439
v -0.556918 0.753137 0.024414
v -0.554484 0.764497 0.029809
v -0.545577 0.785166 0.039636
v -0.539099 0.814075 0.043312
v -0.640170 0.858944 0.021250
v -0.687545 0.844189 0.008907
v -0.652751 0.849914 -0.124074
v -0.604971 0.872735 -0.134528
v -0.537071 0.787548 -0.132245
v -0.626285 0.665808 -0.013751
v -0.593771 0.700574 0.003911
v -0.535262 0.823523 0.045511
v -0.530801 0.837988 0.046536
v -0.611315 0.872372 0.025295
v -0.668263 0.844428 0.011722
v -0.721653 0.818701 -0.113251
v -0.634000 0.857477 -0.131254
v -0.579314 0.868660 -0.140352
v -0.550176 0.750875 -0.103235
v -0.587776 0.872262 0.033248
v -0.681903 0.860752 -0.006953
v -0.659928 0.889840 -0.045619
v -0.706037 0.854047 -0.086473
v -0.685617 0.836944 -0.120926
v -0.653856 0.843514 -0.130679
v -0.539542 0.781833 -0.127881
v -0.543268 0.773412 -0.120729
v -0.546504 0.766789 -0.114534
v -0.572469 0.771784 0.037401
v -0.550694 0.779580 0.035018
v -0.546634 0.793087 0.039167
v -0.680768 0.835872 0.011158
v -0.699738 0.834384 0.008812
v -0.700345 0.828562 -0.119107
v -0.549394 0.815406 -0.139443
v -0.547520 0.757204 -0.110341
v -0.656970 0.628221 -0.038057
v -0.632681 0.676967 0.003728
v -0.603152 0.705826 0.014302
v -0.575726 0.836637 0.043034
v -0.662193 0.845907 0.019139
v -0.683624 0.831162 0.018378
v -0.699691 0.852866 -0.015780
v -0.687294 0.870979 -0.078627
v -0.684970 0.858932 -0.104688
v -0.728319 0.768604 -0.132839
v -0.670427 0.837661 -0.122128
v -0.573727 0.850964 -0.141683
v -0.552206 0.756299 -0.109480
v -0.573357 0.730240 -0.105330
v -0.582023 0.709633 -0.094345
v -0.632283 0.647581 -0.071710
v -0.692870 0.827375 0.010509
v -0.696012 0.861672 -0.031489
v -0.684322 0.874725 -0.061018
v -0.720619 0.832031 -0.100845
v -0.548036 0.785045 -0.129485
v -0.567520 0.807434 0.042768
v -0.702971 0.821126 0.007973
v -0.709550 0.827677 0.008227
v -0.772013 0.747293 -0.120547
v -0.714726 0.817199 -0.118358
v -0.684107 0.825850 -0.120675
v -0.638015 0.829424 -0.138137
v -0.769583 0.753870 -0.112514
v -0.556635 0.760447 -0.116538
v -0.612427 0.672579 -0.085428
v -0.656193 0.635446 -0.024853
v -0.605167 0.723094 0.026111
v -0.612435 0.735047 0.033867
v -0.630167 0.844033 0.034441
v -0.661844 0.840029 0.025336
v -0.664529 0.827089 -0.133485
v -0.575641 0.820159 -0.139406
v -0.669077 0.638231 -0.007783
v -0.686973 0.820032 -0.127840
v -0.609144 0.774985 0.042831
v -0.700950 0.817933 0.018669
v -0.728849 0.805173 -0.117608
v -0.696496 0.817102 -0.120479
v -0.566005 0.783550 -0.130292
v -0.566025 0.765914 -0.123411
v -0.595200 0.725555 -0.113567
v -0.722248 0.800511 0.017781
v -0.716568 0.808655 0.007988
v -0.729208 0.834256 -0.085727
v -0.714507 0.805162 -0.117679
v -0.705853 0.809976 -0.120126
v -0.658922 0.624661 -0.069091
v -0.656825 0.658937 0.002705
v -0.721842 0.815181 0.007817
v -0.733623 0.808467 0.006160
v -0.726331 0.826789 -0.007635
v -0.728929 0.839108 -0.044752
v -0.739579 0.770739 0.026211
v -0.726441 0.793969 -0.116677
v -0.640801 0.811587 -0.138970
v -0.617360 0.682643 -0.098771
v -0.658825 0.623170 -0.049877
v -0.722951 0.769694 0.031961
v -0.624761 0.793216 0.043366
v -0.607390 0.834959 0.041152
v -0.726763 0.836098 -0.026759
v -0.745954 0.811418 -0.097386
v -0.738330 0.782653 -0.115706
v -0.704892 0.805291 -0.128197
v -0.689109 0.801748 -0.134196
v -0.617921 0.786100 -0.136946
v -0.690874 0.770434 0.038410
v -0.649609 0.684344 0.017589
v -0.628643 0.742627 0.038718
v -0.711993 0.799509 0.025056
v -0.735162 0.790805 0.014813
v -0.726988 0.801365 0.006815
v -0.723485 0.844283 -0.068202
v -0.748087 0.791283 -0.114696
v -0.725462 0.790686 -0.124336
v -0.766541 0.771121 -0.112035
v -0.746892 0.774967 -0.114507
v -0.659453 0.785671 -0.137588
v -0.646318 0.651822 -0.093824
v -0.656403 0.635535 -0.085256
v -0.685240 0.655340 0.015804
v -0.740435 0.788422 0.006676
v -0.768307 0.786300 -0.098291
v -0.758494 0.763962 -0.113415
v -0.743381 0.773319 -0.124383
v -0.741166 0.767119 -0.129551
v -0.678708 0.740921 -0.133296
v -0.636667 0.718821 -0.122505
v -0.630760 0.700846 -0.114401
v -0.696779 0.600182 -0.028208
v -0.628390 0.686336 -0.106744
v -0.703950 0.586459 -0.048587
v -0.656534 0.698408 0.026921
v -0.648101 0.749565 0.041023
v -0.689482 0.796556 0.033860
v -0.756463 0.769417 0.016135
v -0.687080 0.599986 -0.057111
v -0.757661 0.760275 -0.123181
vn -0.8445 0.1078 -0.5247
vn -0.8041 0.0315 -0.5937
vn -0.8736 0.0511 -0.4840
vn -0.8034 0.2178 -0.5541
vn -0.8410 0.2481 -0.4807
vn -0.8369 0.2404 -0.4918
vn -0.6255 0.0630 -0.7777
vn -0.6955 0.0329 -0.7178
vn -0.7102 0.1109 -0.6953
vn -0.5983 0.2294 -0.7677
vn -0.6554 0.2202 -0.7225
vn -0.6308 0.2472 -0.7355
vn -0.6219 0.2039 -0.7561
vn -0.1858 -0.8611 -0.4733
vn -0.1321 -0.8406 -0.5253
vn -0.1025 -0.8905 -0.4433
vn 0.1188 -0.6015 0.7900
vn 0.1581 -0.5206 0.8391
vn 0.0825 -0.5353 0.8406
vn 0.2044 -0.5653 0.7992
vn 0.2302 0.3975 0.8883
vn 0.3215 0.2793 0.9048
vn 0.3272 0.3537 0.8763
vn 0.0227 -0.5939 -0.8042
vn -0.0154 -0.6879 -0.7256
vn -0.0050 -0.6634 -0.7483
vn 0.9596 -0.1989 0.1988
vn 0.3569 0.8813 -0.3097
vn 0.3502 0.7556 -0.5536
vn 0.0227 -0.5938 -0.8043
vn -0.0050 -0.6633 -0.7483
vn 0.0439 -0.5365 -0.8427
vn 0.4934 0.4839 0.7228
vn -0.1479 0.3342 -0.9308
vn -0.0801 0.3380 -0.9377
vn -0.1272 0.3355 -0.9334
vn 0.0436 -0.9612 0.2724
vn 0.6132 -0.3553 0.7055
vn 0.5340 0.0631 0.8432
vn 0.4789 -0.0320 0.8773
vn 0.5136 0.0265 0.8576
vn 0.0411 0.9441 0.3270
vn 0.0511 0.9489 0.3115
vn 0.0320 0.9396 0.3408
vn -0.0226 0.9990 -0.0393
vn -0.1939 0.3307 -0.9236
vn 0.3371 -0.8823 0.3284
vn 0.3488 -0.8956 0.2760
vn 0.3729 -0.9120 0.1708
vn -0.3081 0.7218 -0.6198
vn -0.4119 -0.7177 -0.5615
vn 0.3488 -0.8957 0.2759
vn 0.3940 -0.9094 0.1331
vn 0.5136 0.0264 0.8576
vn 0.4789 -0.0321 0.8773
vn 0.4592 -0.0635 0.8860
vn 0.0218 0.9341 0.3563
vn 0.0410 0.9441 0.3270
vn -0.3845 -0.1590 -0.9093
vn -0.3849 -0.1585 -0.9093
vn -0.3842 -0.1523 -0.9106
vn 0.0731 -0.9666 -0.2455
vn 0.7030 -0.2968 0.6464
vn 0.7052 -0.2947 0.6448
vn 0.7032 -0.2965 0.6462
vn 0.3576 0.3809 0.8527
vn 0.3280 0.3563 0.8749
vn 0.3666 0.3882 0.8455
vn -0.3375 0.9227 0.1861
vn -0.3069 0.9293 0.2055
vn -0.3075 0.9290 0.2059
vn -0.4400 0.2992 -0.8467
vn -0.5412 0.4883 -0.6846
vn -0.4497 -0.0876 -0.8889
vn -0.3844 -0.1590 -0.9094
vn 0.1437 -0.7924 -0.5929
vn 0.1677 -0.7999 -0.5762
vn 0.0881 -0.7020 -0.7067
vn 0.3980 -0.9071 0.1369
vn -0.4926 0.8569 0.1519
vn -0.0016 0.6845 0.7290
vn -0.0597 0.6656 0.7439
vn -0.0981 0.6456 0.7574
vn 0.7029 -0.2968 0.6464
vn 0.7009 -0.2986 0.6477
vn 0.5516 -0.0965 0.8285
vn 0.3666 0.3883 0.8455
vn 0.3943 0.4109 0.8220
vn -0.5561 0.8047 0.2081
vn -0.7290 0.5317 -0.4311
vn -0.6999 0.5700 -0.4305
vn -0.7174 0.5474 -0.4309
vn -0.4056 -0.0709 -0.9113
vn 0.0829 -0.6388 -0.7649
vn 0.7781 0.0763 0.6234
vn -0.1357 0.6078 0.7824
vn 0.5036 -0.8501 -0.1540
vn -0.5739 0.7680 0.2842
vn -0.6028 -0.0633 -0.7954
vn 0.1999 -0.6586 -0.7255
vn 0.7395 -0.6703 -0.0619
vn 0.2170 0.3584 0.9080
vn 0.2321 0.3279 0.9158
vn 0.2022 0.4422 0.8738
vn -0.1327 0.6015 0.7878
vn -0.7174 0.5474 -0.4310
vn -0.7459 0.5078 -0.4309
vn 0.2229 -0.6808 -0.6978
vn -0.8647 0.5023 -0.0032
vn -0.8424 0.5385 -0.0208
vn -0.8653 0.5013 -0.0027
vn -0.6046 -0.0476 -0.7951
vn 0.8026 -0.4723 -0.3644
vn 0.7993 -0.4746 -0.3685
vn 0.8192 -0.4599 -0.3425
vn 0.7782 -0.2051 0.5936
vn 0.8838 -0.1806 -0.4315
vn 0.2560 0.4514 0.8548
vn -0.6950 0.4613 0.5515
vn -0.6850 0.4435 0.5780
vn -0.7224 0.5161 0.4603
vn -0.8825 0.4702 0.0121
vn 0.8834 0.0187 0.4682
vn 0.8612 -0.0712 0.5033
vn 0.8736 0.0288 0.4858
vn 0.3177 0.4064 0.8567
vn -0.5000 0.4575 0.7353
vn -0.5040 0.4782 0.7193
vn -0.5020 0.4676 0.7275
vn -0.7302 0.5345 0.4256
vn -0.9163 0.2308 -0.3273
vn 0.2876 -0.4608 -0.8396
vn 0.2845 -0.4581 -0.8421
vn 0.3016 -0.4468 -0.8423
vn -0.5757 -0.0776 -0.8140
vn 0.4178 -0.3692 -0.8301
vn 0.8231 -0.4569 -0.3372
vn 0.7628 0.1804 0.6210
vn 0.9903 -0.0816 0.1123
vn 0.9934 -0.0837 0.0790
vn 0.9866 -0.0797 0.1423
vn 0.5757 0.3951 0.7158
vn 0.5742 0.4107 0.7083
vn 0.5784 0.3633 0.7304
vn 0.0037 0.9297 0.3682
vn 0.0754 0.9855 -0.1523
vn 0.9949 -0.0851 0.0541
vn -0.3924 0.8412 0.3720
vn -0.3257 0.8921 0.3132
vn -0.3824 0.8434 0.3773
vn -0.5976 0.3578 -0.7176
vn -0.6049 0.3568 -0.7119
vn -0.5880 0.3590 -0.7248
vn -0.3931 0.1478 -0.9076
vn 0.2371 -0.5913 -0.7708
vn 0.5794 0.3470 0.7375
vn -0.1282 -0.3569 -0.9253
vn -0.1062 -0.3594 -0.9271
vn -0.1070 -0.3610 -0.9264
vn 0.7667 -0.4886 0.4164
vn 0.7430 -0.5441 0.3897
vn 0.8097 -0.4009 0.4286
vn 0.3422 0.3741 0.8620
vn 0.3442 0.3674 0.8640
vn 0.3514 0.3872 0.8524
vn -0.5774 0.3603 -0.7326
vn 0.7668 -0.4886 0.4164
vn 0.8097 -0.4008 0.4286
vn 0.8350 -0.4031 0.3746
vn -0.4818 0.8140 0.3244
vn -0.4547 0.8059 0.3793
vn -0.2334 -0.3093 -0.9219
vn 0.4065 -0.8368 -0.3668
vn -0.7657 0.6417 0.0436
vn 0.8374 -0.4286 0.3392
vn 0.3881 0.3919 0.8342
vn 0.4957 -0.6404 -0.5866
vn 0.4374 -0.6752 -0.5940
vn 0.5816 -0.5806 -0.5698
vn 0.8170 -0.5379 -0.2080
vn -0.8883 0.4484 -0.0989
vn -0.8870 0.4497 -0.1048
vn -0.8913 0.4453 -0.0856
vn -0.8055 0.1935 -0.5600
vn -0.6917 0.1038 -0.7147
vn -0.7944 0.1837 -0.5789
vn -0.6785 0.0945 -0.7285
vn -0.2547 -0.2790 -0.9259
vn 0.4070 0.3917 0.8252
vn -0.4156 0.6052 0.6790
vn 0.8313 -0.4465 0.3309
vn 0.5723 0.0832 0.8158
vn -0.6434 0.4754 0.6000
vn -0.6443 0.4674 0.6053
vn -0.6433 0.4763 0.5994
vn -0.8931 0.4432 -0.0767
vn -0.2562 -0.2537 -0.9327
vn 0.6284 -0.5429 -0.5571
vn 0.9741 -0.2251 -0.0201
vn 0.9838 -0.1788 0.0132
vn 0.9640 -0.2619 -0.0468
vn -0.6424 0.4836 0.5946
vn 0.3371 -0.2978 -0.8931
vn 0.3479 -0.2744 -0.8965
vn 0.3361 -0.2999 -0.8928
vn 0.8960 0.1479 0.4188
vn 0.8852 0.2225 0.4087
vn 0.9067 0.1096 0.4072
vn -0.6793 -0.1564 -0.7170
vn -0.6839 -0.1571 -0.7124
vn -0.6424 -0.1684 -0.7476
vn -0.0794 0.3642 0.9279
vn -0.0713 0.3470 0.9352
vn -0.0980 0.3771 0.9210
vn -0.9788 0.0711 -0.1923
vn -0.9825 0.1275 -0.1359
vn -0.9812 0.1108 -0.1580
vn -0.8204 0.2838 0.4964
vn -0.8224 0.3319 0.4621
vn -0.8153 0.2789 0.5074
vn 0.9478 -0.3083 -0.0810
vn -0.9875 0.0360 -0.1537
vn -0.5053 -0.2563 -0.8240
vn 0.3251 -0.3230 -0.8888
vn 0.5531 -0.4028 -0.7293
vn 0.5868 -0.2971 -0.7532
vn 0.5803 -0.3198 -0.7490
vn 0.9650 -0.0908 -0.2460
vn 0.8883 0.0896 0.4503
vn 0.8840 0.0966 0.4574
vn -0.1386 0.3711 0.9182
vn -0.4820 -0.2716 -0.8330
vn 0.6077 -0.2126 -0.7651
vn 0.8083 -0.0801 -0.5833
vn 0.8863 0.0053 -0.4631
vn 0.8206 -0.0683 -0.5675
vn -0.9845 -0.0175 -0.1745
vn -0.5166 -0.2647 -0.8143
vn -0.0716 -0.3610 -0.9298
vn -0.0980 -0.4219 -0.9013
vn -0.0941 -0.4131 -0.9058
vn 0.3478 -0.1270 -0.9289
vn 0.9374 0.3473 -0.0273
vn 0.6494 0.3885 -0.6538
vn -0.5756 -0.0776 -0.8140
vn -0.5647 -0.0727 -0.8221
vn 0.4122 -0.3177 -0.8539
vn -0.5057 0.4876 0.7117
vn 0.7343 0.2687 0.6234
vn 0.3940 0.2798 0.8755
vn -0.1296 0.3678 0.9208
vn -0.7522 0.2730 0.5998
vn 0.9003 0.0244 -0.4345
vn -0.5659 -0.0700 -0.8215
vn -0.1138 -0.3578 -0.9269
vn -0.0946 -0.3171 -0.9437
vn -0.0853 -0.3252 -0.9418
vn 0.9357 -0.3075 -0.1730
vn 0.4968 0.5827 0.6431
vn 0.4531 0.5715 0.6842
vn 0.5237 0.5888 0.6157
vn -0.0946 0.3898 0.9160
vn -0.6597 0.2615 0.7046
vn -0.9929 0.0294 0.1151
vn -0.9435 0.1447 0.2981
vn -0.9574 0.1167 0.2642
vn 0.7242 0.2398 0.6466
vn 0.3428 0.3640 0.8660
vn 0.0479 0.2513 -0.9667
vn 0.0516 0.3513 -0.9349
vn 0.0472 0.2325 -0.9715
vn -0.1037 0.3598 0.9273
vn 0.0604 0.4351 0.8983
vn -0.0711 0.4354 0.8974
vn 0.9966 0.0394 0.0721
vn 0.5764 0.5984 0.5565
vn -0.9812 -0.0377 -0.1890
vn 0.0472 0.2324 -0.9715
vn 0.0438 0.1486 -0.9879
vn 0.6960 -0.2246 -0.6820
vn 0.9404 -0.1569 -0.3019
vn 0.2188 0.3370 0.9157
vn 0.2026 0.4222 0.8836
vn -0.0814 0.3989 0.9134
vn -0.6367 0.2600 0.7260
vn -0.5230 -0.2660 -0.8098
vn -0.1200 -0.4717 -0.8736
vn 0.8959 0.0949 0.4340
vn -0.9963 0.0217 0.0835
vn -0.4786 -0.1316 -0.8681
vn -0.3142 -0.1968 -0.9287
vn -0.2994 -0.2147 -0.9296
vn -0.2489 -0.2182 -0.9436
vn 0.4601 -0.2946 -0.8375
vn 0.8038 0.4051 -0.4356
vn 0.2517 0.3975 0.8824
vn 0.1868 -0.9171 0.3523
vn 0.4361 -0.8115 0.3888
vn 0.4660 -0.7784 0.4207
vn 0.2583 -0.9097 0.3251
vn -0.0704 -0.9632 0.2595
vn -0.2450 -0.9182 0.3112
vn 0.5472 -0.5939 0.5897
vn 0.8078 -0.5606 0.1822
vn 0.7854 -0.5890 0.1901
vn 0.8680 -0.4803 0.1260
vn 0.5279 -0.6079 0.5931
vn 0.9305 -0.3126 0.1908
vn -0.3429 -0.9251 0.1629
vn 0.0385 -0.7349 0.6771
vn 0.1786 -0.6407 0.7467
vn -0.0721 -0.6417 0.7636
vn 0.5402 -0.4873 0.6861
vn 0.9968 -0.0515 0.0609
vn 0.9748 -0.2229 0.0061
vn 0.5239 -0.8505 0.0469
vn 0.4735 -0.8783 0.0659
vn 0.5744 -0.8165 -0.0583
vn -0.4360 -0.7624 0.4782
vn -0.4598 -0.8801 0.1186
vn -0.1751 -0.7581 0.6282
vn 0.9007 -0.2833 0.3294
vn 0.9319 -0.1637 0.3236
vn 0.9527 -0.0113 0.3036
vn 0.2427 -0.9688 -0.0491
vn 0.1109 -0.9855 -0.1284
vn 0.2455 -0.9507 -0.1897
vn 0.2276 -0.4855 0.8441
vn 0.3682 -0.4766 0.7983
vn 0.6619 -0.7381 -0.1309
vn 0.0838 -0.9295 -0.3591
vn -0.2408 -0.9643 -0.1103
vn -0.2669 -0.6295 0.7297
vn 0.3379 -0.3356 0.8793
vn 0.0380 -0.2317 0.9720
vn 0.1056 -0.2214 0.9694
vn 0.1008 -0.2239 0.9694
vn 0.9956 -0.0476 -0.0813
vn 0.2609 -0.8799 -0.3971
vn 0.0783 -0.2486 0.9654
vn 0.9088 0.0171 0.4169
vn 0.9593 0.1045 0.2625
vn 0.9930 0.1181 -0.0089
vn 0.9500 0.1869 0.2500
vn 0.9801 0.0395 -0.1948
vn 0.6662 -0.7111 -0.2248
vn -0.1895 -0.8939 -0.4062
vn 0.0320 -0.4062 0.9132
vn 0.8467 -0.1100 0.5205
vn 0.9763 0.2157 0.0192
vn 0.7757 -0.5868 -0.2324
vn 0.7241 -0.6444 -0.2458
vn -0.5325 -0.8210 0.2060
vn 0.1333 -0.7221 -0.6788
vn -0.4240 -0.8749 -0.2339
vn -0.4887 -0.7151 0.4998
vn -0.4024 -0.6262 0.6677
vn 0.2716 -0.2590 0.9269
vn -0.0942 -0.1985 0.9756
vn 0.6018 -0.0268 0.7982
vn 0.9486 0.3027 0.0928
vn 0.9090 0.3382 0.2435
vn 0.9465 0.1055 -0.3050
vn -0.0681 -0.7509 -0.6570
vn 0.0301 -0.1030 0.9942
vn 0.9094 0.1508 0.3876
vn 0.8862 0.2604 0.3832
vn 0.9032 0.4285 0.0252
vn 0.8817 -0.2784 -0.3808
vn 0.9002 -0.3069 -0.3090
vn 0.8870 -0.2859 -0.3626
vn 0.4676 -0.6824 -0.5618
vn 0.4676 -0.6839 -0.5601
vn 0.4676 -0.6823 -0.5620
vn -0.5312 -0.8102 0.2479
vn -0.2134 -0.4777 0.8522
vn 0.7019 0.0544 0.7102
vn -0.2480 -0.2470 0.9367
vn -0.2715 -0.2658 0.9250
vn 0.9373 0.3152 -0.1487
vn 0.9597 0.2071 -0.1898
vn 0.8653 -0.2572 -0.4303
vn 0.4676 -0.6822 -0.5620
vn 0.4677 -0.6805 -0.5640
vn -0.3251 -0.7991 -0.5057
vn -0.5258 -0.8477 -0.0700
vn -0.3345 -0.5337 0.7767
vn 0.8467 0.3751 0.3773
vn 0.8493 0.4751 0.2302
vn 0.9366 0.0083 -0.3503
vn 0.9369 0.0072 -0.3495
vn 0.7793 -0.0503 0.6247
vn 0.9530 0.0389 0.3005
vn 0.9241 0.0428 -0.3797
vn 0.6631 -0.3724 -0.6493
vn -0.2426 -0.6803 -0.6916
vn -0.0657 -0.3418 0.9375
vn 0.1434 -0.2670 0.9530
vn 0.6436 -0.2611 0.7195
vn 0.3521 0.0266 0.9356
vn -0.0257 -0.6004 -0.7993
vn 0.7979 -0.4320 0.4203
vn -0.0371 -0.1716 0.9845
vn -0.0223 -0.1177 0.9928
vn -0.0170 -0.0878 0.9960
vn 0.8476 0.2420 0.4722
vn 0.8246 0.3201 0.4665
vn 0.8760 0.4069 -0.2588
vn 0.9044 0.1882 -0.3830
vn 0.3457 -0.2409 -0.9069
vn 0.3456 -0.2416 -0.9068
vn 0.3476 -0.2287 -0.9093
vn 0.8808 0.2194 0.4195
vn 0.8577 0.2287 0.4604
vn 0.9268 0.1937 0.3217
vn 0.7823 0.4640 0.4156
vn 0.7870 -0.1505 -0.5984
vn 0.1627 -0.5593 -0.8129
vn 0.1506 -0.5766 -0.8030
vn 0.1515 -0.4689 -0.8702
vn -0.4683 -0.8133 -0.3454
vn 0.2600 -0.1513 0.9537
vn 0.5868 -0.0499 0.8082
vn 0.3902 -0.0866 0.9167
vn 0.0311 -0.0554 0.9980
vn 0.0725 -0.0571 0.9957
vn 0.7994 0.3365 0.4977
vn 0.7969 0.3827 0.4674
vn 0.8277 0.5506 0.1082
vn 0.8574 0.2888 -0.4259
vn 0.8721 0.1226 -0.4738
vn 0.0920 -0.2126 -0.9728
vn 0.0992 -0.2401 -0.9657
vn 0.0646 -0.1494 -0.9867
vn 0.3436 -0.2540 -0.9041
vn -0.5451 -0.8381 0.0227
vn -0.4063 -0.5957 0.6929
vn 0.7344 0.0920 0.6724
vn 0.7621 0.0847 0.6419
vn 0.7152 0.1132 0.6897
vn 0.9252 0.2023 0.3211
vn 0.1167 -0.0349 0.9926
vn 0.1586 -0.0291 0.9869
vn 0.7837 0.5435 0.3008
vn 0.5270 -0.0575 -0.8479
vn 0.1509 -0.2350 -0.9602
vn -0.3703 -0.7186 -0.5887
vn -0.5577 -0.7531 0.3491
vn 0.0678 -0.2200 0.9731
vn 0.8493 0.2538 0.4630
vn 0.0311 -0.0555 0.9980
vn 0.8510 0.5162 -0.0961
vn 0.8305 0.2106 -0.5157
vn 0.1793 -0.1862 -0.9660
vn -0.0037 -0.4409 -0.8976
vn -0.5118 -0.8109 -0.2837
vn 0.8749 0.3154 0.3675
vn 0.0704 -0.0057 0.9975
vn 0.7471 0.5882 0.3097
vn 0.2532 -0.1089 -0.9613
vn 0.9241 0.0974 -0.3694
vn 0.9301 0.0668 -0.3611
vn 0.9245 0.0700 -0.3747
vn 0.9304 0.0697 -0.3597
vn 0.7867 -0.1497 -0.5989
vn 0.7868 -0.1501 -0.5987
vn -0.2105 -0.5724 -0.7925
vn 0.8947 0.2946 0.3357
vn 0.0553 0.0045 0.9985
vn 0.0677 0.0121 0.9976
vn 0.7369 0.4510 0.5036
vn 0.7248 0.5171 0.4553
vn 0.7846 0.6018 0.1490
vn 0.2620 -0.0791 -0.9618
vn -0.4875 -0.6641 0.5668
vn -0.0926 -0.2889 0.9529
vn 0.5805 0.1187 0.8056
vn 0.0624 -0.0190 0.9979
vn 0.0576 -0.0151 0.9982
vn 0.8069 0.5907 0.0016
vn 0.8133 0.5613 -0.1532
vn 0.2684 -0.1006 -0.9581
vn 0.4333 -0.2253 -0.8726
vn 0.2872 -0.3232 -0.9017
vn 0.2736 -0.2539 -0.9277
vn -0.5976 -0.7916 0.1276
vn -0.2362 -0.4161 0.8781
vn 0.1300 -0.1250 0.9836
vn 0.4093 0.0135 0.9123
vn 0.8682 0.3714 0.3291
vn 0.8718 0.3757 0.3145
vn 0.8009 0.4817 -0.3558
vn 0.2484 -0.0901 -0.9645
vn 0.9199 0.1985 -0.3382
vn 0.9258 0.1724 -0.3365
vn -0.4335 -0.7247 -0.5356
vn -0.3186 -0.4742 0.8207
vn 0.0736 0.0205 0.9971
vn 0.6848 0.5840 0.4358
vn 0.7783 0.4022 -0.4822
vn 0.3307 -0.1457 -0.9324
vn -0.5850 -0.8018 -0.1220
vn 0.8332 0.4178 0.3623
vn 0.8234 0.4419 0.3560
vn 0.7016 0.4705 0.5351
vn 0.6872 0.5298 0.4971
vn 0.7613 0.6439 0.0762
vn 0.7168 0.3059 -0.6266
vn 0.9032 0.2584 -0.3427
vn -0.1003 -0.4325 -0.8960
vn 0.7809 0.5192 0.3473
vn 0.1119 0.0566 0.9921
vn 0.7239 0.6365 0.2662
vn 0.6865 0.7014 0.1919
vn 0.6572 0.6544 0.3740
vn 0.7717 0.6233 -0.1262
vn 0.7191 0.2509 -0.6481
vn 0.9051 0.2432 -0.3487
vn -0.3360 -0.6094 -0.7182
vn -0.4112 -0.5579 0.7209
vn 0.5122 0.1932 0.8369
vn 0.6507 0.2433 0.7193
vn 0.1248 0.0594 0.9904
vn 0.6665 0.5498 0.5035
vn 0.7747 0.5540 -0.3048
vn 0.3171 0.0740 -0.9455
vn 0.3550 0.1093 -0.9284
vn 0.4128 0.1842 -0.8920
vn 0.3001 -0.1555 -0.9411
vn -0.5365 -0.7662 -0.3537
vn -0.0516 -0.2091 0.9765
vn 0.6598 0.3330 0.6736
vn 0.7705 0.5575 0.3090
vn 0.7919 0.5661 0.2290
vn 0.2632 0.0390 -0.9640
vn 0.2878 0.0409 -0.9568
vn 0.2672 0.0156 -0.9635
vn 0.5274 0.0680 -0.8469
vn 0.5681 0.0324 -0.8223
vn 0.4022 -0.0501 -0.9142
vn 0.0758 -0.2769 -0.9579
vn -0.2335 -0.5007 -0.8335
vn -0.4619 -0.7058 -0.5372
vn 0.2383 0.0249 0.9709
vn 0.7965 0.5608 0.2260
vn 0.1140 0.0541 0.9920
vn 0.1329 0.0664 0.9889
vn 0.6495 0.5544 0.5204
vn 0.7331 0.6801 0.0113
vn 0.7322 0.5882 -0.3435
vn 0.6307 0.2528 -0.7337
vn 0.8925 0.3274 -0.3101
vn 0.9031 0.3236 -0.2823
vn 0.8960 0.3077 -0.3202
vn -0.2297 -0.3736 0.8987
vn 0.6601 0.4020 0.6346
vn 0.1247 0.0743 0.9894
vn 0.1310 0.1260 0.9833
vn 0.1219 0.1099 0.9864
vn 0.6256 0.6161 0.4786
vn 0.6436 0.6023 0.4722
vn 0.6289 0.6839 0.3698
vn 0.6011 0.7490 0.2786
vn 0.7060 0.4790 -0.5217
vn 0.6582 0.4245 0.6217
vn 0.5919 0.6566 0.4674
vn 0.5697 0.7069 0.4193
vn 0.6885 0.7252 -0.0062
vn 0.7102 0.4286 -0.5585
vn 0.8607 0.3726 -0.3470
vn 0.1888 -0.1153 -0.9752
vn -0.5268 -0.6560 0.5405
vn 0.7781 0.5767 0.2489
vn 0.7608 0.6083 0.2263
vn 0.7612 0.6071 0.2280
vn 0.1044 0.0995 0.9896
vn 0.1013 0.0707 0.9923
vn 0.0220 0.0047 0.9997
vn 0.6188 0.6278 0.4721
vn 0.6372 0.7614 0.1194
vn 0.2767 0.0978 -0.9560
vn 0.8544 0.4059 -0.3244
vn 0.6545 0.1959 -0.7302
vn 0.4998 0.1162 -0.8583
vn -0.3662 -0.5835 -0.7248
vn 0.5313 0.3775 0.7584
vn 0.6575 0.4690 0.5898
vn 0.5380 0.4348 0.7221
vn 0.1064 0.1267 0.9862
vn 0.0516 0.0127 0.9986
vn 0.0726 0.0562 0.9958
vn 0.0651 0.0233 0.9976
vn 0.6188 0.6279 0.4721
vn 0.7043 0.6776 -0.2115
vn 0.6911 0.5042 -0.5179
vn 0.8739 0.4224 -0.2408
vn 0.5713 0.2224 -0.7900
vn 0.0368 -0.2161 -0.9757
vn -0.1051 -0.3603 -0.9269
vn 0.0632 -0.0801 0.9948
vn 0.2365 0.0968 0.9668
vn 0.3489 0.1761 0.9205
vn 0.7629 0.6131 0.2052
vn 0.4449 0.4427 0.7785
vn 0.5532 0.6807 0.4802
vn 0.2888 0.1260 -0.9491
vn -0.5657 -0.7343 -0.3752
vn -0.1614 -0.2957 0.9416
vn 0.7519 0.6248 0.2102
vn 0.7573 0.6236 0.1941
vn 0.0381 0.0259 0.9989
vn 0.0709 0.0404 0.9967
vn 0.5237 0.7324 0.4351
vn 0.6592 0.7421 -0.1211
vn 0.6715 0.6127 -0.4167
vn 0.6494 0.4509 -0.6123
vn 0.6269 0.4279 -0.6511
vn 0.2972 0.1338 -0.9454
vn 0.8576 0.4600 -0.2302
vn 0.2389 -0.0224 -0.9708
vn -0.5153 -0.6971 -0.4985
vn -0.4829 -0.6076 0.6306
vn -0.3292 -0.4738 0.8168
vn 0.0985 0.0358 0.9945
vn 0.1252 0.0812 0.9888
vn 0.0702 0.0172 0.9974
vn 0.2485 0.2244 0.9423
vn 0.6399 0.4478 -0.6245
vn 0.2790 0.1884 0.9416
vn 0.4076 0.3328 0.8503
vn 0.5990 0.5278 0.6022
vn 0.5309 0.4798 0.6985
vn 0.7120 0.6525 0.2596
vn 0.6927 0.6781 0.2456
vn 0.6963 0.6739 0.2470
vn 0.7026 0.6732 0.2304
vn 0.0583 0.0593 0.9965
vn 0.0409 0.0614 0.9973
vn 0.5211 0.6918 0.4999
vn 0.6346 0.6650 -0.3938
vn 0.6363 0.5354 -0.5554
vn 0.2578 0.0932 -0.9617
vn 0.2608 0.1056 -0.9596
vn 0.8021 0.5068 -0.3159
vn 0.5004 0.2233 -0.8365
vn -0.6231 -0.7778 0.0826
vn -0.5959 -0.7439 0.3025
vn 0.7091 0.6662 0.2311
vn 0.7128 0.6611 0.2343
vn 0.0463 -0.0317 0.9984
vn 0.0475 -0.0580 0.9972
vn 0.5770 0.8051 0.1375
vn 0.6153 0.7837 -0.0849
vn 0.6033 0.4479 -0.6598
vn 0.7885 0.5113 -0.3419
vn 0.6381 0.2879 -0.7141
vn -0.4678 -0.6258 -0.6242
vn 0.6112 0.5543 0.5650
vn 0.5177 0.4883 0.7025
vn 0.6620 0.7234 0.1960
vn 0.6987 0.6858 0.2035
vn 0.0584 -0.0112 0.9982
vn 0.0591 0.0057 0.9982
vn 0.4365 0.6752 0.5947
vn 0.5241 0.7895 0.3194
vn 0.5770 0.8168 0.0005
vn 0.2415 0.0977 -0.9655
vn -0.1830 -0.3802 -0.9066
vn -0.2971 -0.4660 -0.8334
vn -0.6171 -0.7781 -0.1169
vn -0.4181 -0.5499 0.7231
vn 0.0436 -0.0558 0.9975
vn 0.1237 0.0317 0.9918
vn 0.4150 0.3805 0.8264
vn 0.6096 0.7539 0.2450
vn 0.1055 0.0278 0.9940
vn 0.1683 0.0844 0.9821
vn 0.3384 0.4805 0.8091
vn 0.3468 0.4883 0.8008
vn 0.4530 0.6024 0.6572
vn 0.6118 0.7345 -0.2936
vn 0.2224 0.0708 -0.9724
vn 0.6496 0.4834 -0.5868
vn 0.7663 0.5877 -0.2596
vn 0.7597 0.5487 -0.3490
vn 0.7654 0.5527 -0.3297
vn 0.3523 0.1128 -0.9291
vn -0.0442 -0.1649 0.9853
vn 0.6068 0.7288 0.3173
vn 0.5273 0.8296 0.1836
vn 0.4894 0.8501 0.1944
vn 0.5528 0.8198 0.1492
vn 0.2004 0.1244 0.9718
vn 0.1932 0.0541 -0.9797
vn -0.3895 -0.5404 -0.7458
vn 0.2547 0.2032 0.9454
vn 0.5751 0.5896 0.5671
vn 0.5102 0.5289 0.6782
vn 0.5264 0.6241 0.5774
vn 0.6435 0.6798 0.3519
vn 0.5505 0.6840 0.4787
vn 0.1013 0.0321 0.9943
vn 0.1020 -0.0116 0.9947
vn 0.0253 0.0036 0.9997
vn 0.0152 -0.0197 0.9997
vn 0.4429 0.7721 0.4558
vn 0.4575 0.8311 0.3163
vn 0.5833 0.5801 -0.5686
vn 0.5775 0.4795 -0.6607
vn 0.1667 0.0095 -0.9860
vn 0.7773 0.5814 -0.2405
vn 0.5176 0.8339 0.1916
vn 0.7792 0.5783 -0.2418
vn 0.7375 0.5631 -0.3728
vn -0.0890 -0.2494 -0.9643
vn 0.1569 0.0850 0.9840
vn 0.5592 0.6235 0.5464
vn 0.5449 0.8087 0.2216
vn 0.0082 -0.0376 0.9993
vn 0.3969 0.7347 0.5502
vn 0.5670 0.6645 -0.4868
vn 0.2018 0.0775 -0.9764
vn 0.7328 0.5955 -0.3292
vn 0.4866 0.3165 -0.8143
vn 0.5649 0.3434 -0.7503
vn 0.4378 0.2330 -0.8684
vn 0.0356 -0.1237 -0.9917
vn 0.3529 0.3777 0.8560
vn 0.5234 0.8165 0.2438
vn 0.0697 0.0142 0.9975
vn 0.5551 0.8116 -0.1825
vn 0.4916 0.4797 -0.7268
vn 0.5792 0.5134 -0.6332
vn 0.1988 0.0685 -0.9777
vn 0.7025 0.6250 -0.3403
vn 0.7249 0.6436 -0.2455
vn 0.1551 -0.0229 -0.9876
vn -0.2381 -0.3636 -0.9006
vn 0.5246 0.8190 0.2327
vn 0.4960 0.8258 0.2682
vn 0.5171 0.8541 -0.0551
vn 0.7139 0.5977 -0.3648
vn -0.5345 -0.6861 0.4936
vn -0.2730 -0.4392 0.8559
vn 0.2112 0.1713 0.9623
vn 0.3408 0.4697 0.8144
vn 0.4035 0.5922 0.6975
vn 0.4563 0.8440 0.2819
vn 0.1628 0.0719 0.9840
vn 0.4779 0.8695 0.1247
vn 0.5386 0.7356 -0.4110
vn 0.1744 0.0247 -0.9844
vn 0.1897 0.0277 -0.9815
vn 0.6862 0.5317 -0.4964
vn -0.3378 -0.4336 -0.8354
vn -0.3813 -0.5398 0.7504
vn -0.1112 -0.2507 0.9617
vn 0.3214 0.5224 0.7898
vn 0.1620 0.0734 0.9840
vn 0.4228 0.8514 0.3104
vn 0.4889 0.3387 -0.8039
vn 0.3605 0.2278 -0.9045
vn 0.2267 0.0859 -0.9702
vn -0.1535 -0.2596 -0.9534
vn 0.3687 0.6425 0.6718
vn 0.4287 0.8632 0.2667
vn 0.4127 0.8748 0.2538
vn 0.0715 0.0264 0.9971
vn 0.3894 0.7850 0.4817
vn 0.4050 0.9015 0.1522
vn 0.5083 0.5956 -0.6221
vn 0.6676 0.6195 -0.4128
vn 0.4181 0.3236 -0.8488
vn -0.4484 -0.5483 -0.7059
vn -0.5323 -0.6606 -0.5295
vn -0.1989 -0.3669 0.9088
vn 0.0246 -0.0005 0.9997
vn 0.0251 -0.0009 0.9997
vn 0.3676 0.7238 0.5839
vn 0.4848 0.8105 -0.3286
vn 0.4020 0.3736 -0.8360
vn 0.3952 0.3745 -0.8388
vn 0.1790 0.0465 -0.9828
vn 0.0968 -0.0184 -0.9951
vn 0.6900 0.5845 -0.4269
vn 0.4752 0.4316 -0.7667
vn 0.1098 0.0144 -0.9939
vn -0.0516 -0.1500 -0.9873
vn 0.0794 0.0010 0.9968
vn 0.4159 0.8617 0.2907
vn 0.4300 0.8554 0.2888
vn 0.1006 0.1122 0.9886
vn 0.1033 0.0989 0.9897
vn 0.1041 0.1081 0.9887
vn 0.4431 0.8940 -0.0665
vn 0.4674 0.6274 -0.6228
vn 0.4319 0.4326 -0.7914
vn 0.0883 -0.0265 -0.9957
vn 0.6382 0.6585 -0.3989
vn -0.6239 -0.7678 0.1459
vn 0.2179 0.2813 0.9346
vn 0.3776 0.8663 0.3269
vn 0.0101 -0.4178 0.9085
vn 0.3389 0.6959 0.6332
vn 0.3067 0.6180 0.7239
vn 0.4764 0.5312 -0.7006
vn 0.1123 0.0172 -0.9935
vn 0.6325 0.7260 -0.2700
vn 0.6139 0.6721 -0.4140
vn 0.1901 0.3090 0.9319
vn 0.2883 0.5770 0.7642
vn 0.3489 0.8819 0.3172
vn 0.3547 0.8776 0.3224
vn 0.3706 0.8625 0.3447
vn -0.6182 -0.7242 -0.3054
vn 0.3039 0.5991 0.7408
vn 0.4526 0.7073 -0.5429
vn 0.4561 0.5603 -0.6914
vn 0.2016 0.1038 -0.9739
vn 0.1739 0.0534 -0.9833
vn 0.6380 0.6104 -0.4694
vn 0.6689 0.5701 -0.4770
vn 0.6055 0.6390 -0.4744
vn 0.6367 0.7254 -0.2616
vn 0.1674 0.0932 -0.9815
vn -0.6427 -0.7630 -0.0695
vn -0.5835 -0.7377 0.3397
vn 0.1245 0.1280 0.9839
vn 0.2209 0.4657 0.8570
vn 0.3341 0.8767 0.3460
vn 0.1042 0.1080 0.9887
vn 0.0828 0.0349 0.9960
vn 0.0634 0.0101 0.9979
vn 0.4500 0.8409 -0.3008
vn 0.1730 0.1246 -0.9770
vn 0.1782 0.1282 -0.9756
vn 0.5525 0.6612 -0.5075
vn 0.5963 0.6160 -0.5147
vn 0.3916 0.3953 -0.8309
vn -0.0346 -0.1442 0.9889
vn 0.0492 -0.0450 0.9978
vn 0.5376 0.6405 -0.5484
vn 0.4384 0.4655 -0.7688
vn -0.0032 -0.0707 -0.9975
vn -0.2436 -0.3080 -0.9197
vn 0.2559 0.5737 0.7781
vn 0.2450 0.5696 0.7846
vn 0.3505 0.8711 0.3442
vn 0.3845 0.6784 0.6260
vn 0.3993 0.7950 0.4566
vn 0.5402 0.6416 -0.5446
vn 0.3178 0.3410 -0.8847
vn 0.2316 0.2138 -0.9490
vn -0.1322 -0.1944 -0.9720
vn -0.4435 -0.6217 0.6456
vn -0.3056 -0.5321 0.7896
vn 0.1173 0.2435 0.9628
vn 0.2356 0.5842 0.7767
vn 0.3008 0.8757 0.3777
vn 0.1263 -0.0629 0.9900
vn 0.0987 -0.0353 0.9945
vn 0.4040 0.8602 -0.3112
vn 0.3815 0.9156 -0.1271
vn 0.1498 0.1258 -0.9807
vn 0.1593 0.1423 -0.9769
vn -0.2796 -0.3367 -0.8991
vn -0.3574 -0.4312 -0.8285
vn -0.4291 -0.4959 -0.7549
vn 0.2936 0.8738 0.3876
vn 0.1557 -0.0749 0.9850
vn 0.4058 0.5443 -0.7342
vn 0.0079 -0.0287 0.9996
vn 0.2220 0.5751 0.7874
vn 0.3937 0.6371 0.6627
vn 0.2736 0.5199 0.8092
vn 0.4167 0.7724 -0.4793
vn 0.1348 0.0911 -0.9867
vn 0.4683 0.6340 -0.6154
vn -0.5075 -0.7179 0.4765
vn -0.1293 -0.2669 0.9550
vn 0.0502 0.0683 0.9964
vn 0.1366 0.3085 0.9414
vn 0.1293 -0.0561 0.9900
vn 0.3482 0.9175 0.1922
vn 0.3460 0.9381 0.0168
vn 0.4162 0.6010 -0.6823
vn 0.1267 0.0673 -0.9897
vn 0.4644 0.6980 -0.5451
vn 0.2324 0.2625 -0.9365
vn -0.3903 -0.6560 0.6460
vn 0.2280 0.8666 0.4439
vn 0.1927 0.8720 0.4501
vn 0.2274 0.8684 0.4407
vn 0.3896 0.6482 -0.6542
vn 0.0686 -0.0094 -0.9976
vn 0.1049 0.0763 -0.9916
vn 0.0971 0.0450 -0.9943
vn 0.4752 0.7183 -0.5082
vn -0.5327 -0.5862 -0.6104
vn -0.6032 -0.6691 -0.4340
vn -0.2745 -0.4872 0.8290
vn 0.1663 0.2682 0.9489
vn 0.2736 0.5200 0.8092
vn 0.3833 0.6548 0.6514
vn 0.3670 0.7860 -0.4976
vn 0.0243 -0.0467 -0.9986
vn 0.1688 0.1723 -0.9705
vn 0.0805 0.0408 -0.9959
vn -0.1816 -0.2595 -0.9485
vn -0.1166 -0.1670 0.9790
vn 0.0995 -0.0379 0.9943
vn 0.2087 -0.3577 0.9102
vn 0.2046 0.0459 0.9778
vn 0.4345 0.8503 0.2970
vn 0.5124 0.7281 -0.4554
vn 0.5133 0.7209 -0.4657
vn -0.0912 -0.1798 -0.9795
vn -0.6550 -0.7475 0.1105
vn -0.5906 -0.7557 0.2829
vn -0.0440 -0.0930 0.9947
vn 0.2201 0.5726 0.7898
vn 0.4813 0.7722 0.4148
vn 0.3412 0.9214 -0.1859
vn 0.3666 0.8579 -0.3600
vn 0.3700 0.6964 -0.6149
vn -0.2167 -0.3298 0.9188
vn 0.2499 0.8608 0.4433
vn 0.4812 0.7333 -0.4804
vn -0.2922 -0.4023 -0.8676
vn -0.6818 -0.7256 -0.0928
vn -0.4463 -0.6265 0.6390
vn 0.0244 0.0177 0.9995
vn 0.2244 0.3007 0.9270
vn 0.2877 0.2837 0.9147
vn 0.3230 0.9439 0.0689
vn 0.3834 0.9117 0.1479
vn 0.3553 0.5707 -0.7403
vn 0.0800 -0.0556 -0.9952
vn 0.4677 0.7458 -0.4744
vn -0.4502 -0.7004 0.5539
vn 0.3336 0.2992 0.8940
vn 0.3236 0.2891 0.9010
vn 0.2478 0.8596 0.4468
vn 0.6083 0.5180 0.6013
vn 0.3506 0.5617 -0.7493
vn 0.0815 -0.0613 -0.9948
vn 0.0817 -0.0371 -0.9960
vn 0.2567 0.3175 -0.9129
vn 0.2665 0.3371 -0.9030
vn 0.2252 0.2930 -0.9292
vn -0.0392 -0.1404 -0.9893
vn -0.0227 -0.1197 0.9925
vn -0.0002 -0.2582 0.9661
vn 0.3710 0.0948 0.9238
vn 0.4690 0.1298 0.8736
vn 0.3994 0.1221 0.9086
vn 0.7538 0.5405 0.3737
vn 0.6820 0.5704 0.4578
vn 0.6428 0.5676 0.5145
vn 0.4539 0.7614 -0.4629
vn 0.1062 0.0969 -0.9896
vn -0.6183 -0.6325 -0.4665
vn -0.6961 -0.6476 -0.3101
vn -0.0941 -0.2872 0.9532
vn -0.0227 -0.1197 0.9926
vn 0.4874 0.1285 0.8637
vn 0.2680 0.3645 0.8918
vn 0.8024 0.2995 0.5162
vn 0.7337 0.3229 0.5979
vn 0.7580 0.3271 0.5643
vn 0.5998 0.7534 0.2695
vn 0.3458 0.6269 -0.6982
vn 0.4481 0.7547 -0.4791
vn 0.4265 0.7760 -0.4647
vn 0.0577 0.0090 -0.9983
vn -0.3381 -0.4772 0.8112
vn -0.0110 -0.2972 0.9547
vn 0.7632 0.0762 0.6416
vn 0.3621 0.0803 0.9287
vn 0.3710 0.0947 0.9238
vn 0.3994 0.1220 0.9086
vn 0.8511 0.2143 0.4793
vn 0.8570 0.2756 0.4354
vn 0.9061 0.3018 0.2966
vn 0.7631 0.3351 0.5526
vn 0.5354 0.7751 0.3355
vn 0.5307 0.8224 0.2051
vn 0.3153 0.9456 -0.0797
vn 0.4008 0.7807 -0.4794
vn 0.0592 -0.2142 -0.9750
vn 0.0364 -0.1457 -0.9887
vn -0.2118 -0.3586 -0.9092
vn -0.4680 -0.5309 -0.7065
vn 0.8963 0.2459 0.3691
vn 0.7155 0.3152 0.6235
vn 0.7336 0.3229 0.5979
vn 0.6698 0.4005 0.6253
vn 0.7667 0.5089 0.3914
vn 0.4217 0.8594 -0.2893
vn 0.3162 0.3683 -0.8743
vn 0.2108 0.2918 -0.9330
vn 0.2311 0.3067 -0.9233
vn 0.1267 -0.1893 -0.9737
vn 0.0743 -0.2462 -0.9664
vn 0.4041 0.7895 -0.4619
vn 0.9512 0.1938 0.2403
vn 0.9046 0.1813 0.3857
vn 0.8924 0.2073 0.4007
vn 0.9404 0.2810 0.1916
vn 0.7138 0.3148 0.6256
vn 0.2568 0.3810 -0.8882
vn -0.5905 -0.7164 0.3715
vn 0.8511 0.2142 0.4794
vn 0.9250 0.3307 0.1873
vn 0.8932 0.3443 0.2892
vn 0.7798 0.5541 0.2913
vn 0.3814 0.6631 -0.6441
vn 0.3493 0.6106 -0.7108
vn 0.1306 -0.0680 -0.9891
vn 0.3921 0.7904 -0.4707
vn 0.3871 0.7941 -0.4685
vn 0.2234 0.2943 -0.9292
vn -0.4938 -0.5542 0.6701
vn 0.3336 0.3807 -0.8624
vn 0.1879 -0.0661 -0.9800
vn 0.1138 -0.1099 -0.9874
vn 0.3636 0.7707 -0.5232
vn -0.1195 -0.2889 -0.9499
vn -0.7200 -0.6806 -0.1355
vn -0.3416 -0.4171 0.8422
vn 0.0940 -0.3676 0.9252
vn 0.3489 0.9330 0.0878
vn 0.3392 0.9153 0.2170
vn 0.4446 0.8874 0.1217
vn 0.5308 0.8444 0.0729
vn 0.5171 0.8333 0.1956
vn 0.4411 0.8626 0.2477
vn 0.5971 0.7762 0.2024
vn 0.5075 0.8120 0.2882
vn 0.5543 0.7623 0.3341
vn 0.4435 0.8959 -0.0261
vn 0.1718 -0.2559 0.9513
vn 0.0711 -0.2085 0.9754
vn 0.1059 -0.3031 0.9471
vn 0.2126 -0.3099 0.9267
vn 0.2506 -0.2383 0.9383
vn 0.2362 0.9377 0.2550
vn 0.2577 0.9352 0.2428
vn 0.1433 0.9458 0.2914
vn 0.0086 -0.3189 0.9477
vn 0.2060 -0.1104 0.9723
vn 0.6406 -0.1371 0.7555
vn 0.7420 -0.0700 0.6667
vn 0.7069 0.0108 0.7072
vn 0.7897 0.0169 0.6133
vn 0.7100 0.1678 0.6839
vn 0.8025 0.1169 0.5852
vn 0.8505 0.0252 0.5254
vn 0.8130 0.1149 0.5708
vn 0.8323 0.2357 0.5017
vn 0.1590 0.3868 0.9084
vn 0.7178 -0.1221 0.6855
vn 0.6962 -0.0290 0.7172
vn 0.5305 -0.1356 0.8368
vn 0.5714 0.0738 0.8174
vn 0.4132 0.0375 0.9098
vn 0.8504 0.0252 0.5255
vn -0.5245 0.6440 0.5569
vn -0.4221 0.7425 0.5201
vn -0.4906 0.6871 0.5360
vn -0.4263 0.7560 0.4967
vn 0.3663 -0.1422 0.9196
vn 0.7473 0.3337 0.5746
vn 0.8755 0.1786 0.4489
vn -0.5965 0.4416 0.6702
vn -0.5669 0.5488 0.6143
vn -0.5579 0.5155 0.6504
vn 0.5129 0.4249 0.7460
vn 0.0087 0.7813 0.6241
vn 0.7106 -0.1977 0.6753
vn 0.3768 -0.2728 0.8852
vn 0.2005 0.9434 0.2640
vn 0.3514 0.9114 0.2140
vn 0.7993 0.4144 0.4352
vn 0.8420 0.3112 0.4406
vn 0.8763 0.2510 0.4113
vn 0.8703 0.2173 0.4420
vn -0.4865 0.4346 0.7579
vn -0.3853 0.7669 0.5132
vn -0.4120 0.6769 0.6100
vn -0.3739 0.7756 0.5085
vn 0.5474 -0.2667 0.7932
vn 0.2853 -0.3087 0.9074
vn 0.3569 0.9085 0.2174
vn -0.0189 -0.2394 0.9707
vn 0.4871 0.1973 0.8508
vn 0.8610 0.3865 0.3305
vn -0.4495 0.3436 0.8246
vn -0.4719 0.4062 0.7825
vn -0.0315 0.5624 0.8263
vn -0.0993 0.6185 0.7795
vn -0.0909 0.6793 0.7282
vn -0.4279 0.7605 0.4884
vn 0.6298 -0.2211 0.7446
vn 0.6298 -0.2211 0.7447
vn 0.4915 -0.2516 0.8337
vn 0.3663 -0.3524 0.8612
vn 0.3396 -0.3407 0.8767
vn 0.0700 0.9593 0.2736
vn 0.1541 0.9367 0.3143
vn 0.2192 0.2940 0.9303
vn 0.2346 0.4028 0.8847
vn 0.2198 0.2920 0.9308
vn 0.3821 0.8896 0.2502
vn -0.0437 -0.1047 0.9935
vn 0.0474 0.0336 0.9983
vn 0.1626 0.0442 0.9857
vn 0.2837 0.0608 0.9570
vn 0.5517 0.4114 0.7255
vn -0.4989 0.2826 0.8193
vn -0.1824 0.7493 0.6366
vn -0.3387 0.8479 0.4079
vn 0.4022 0.4059 0.8207
vn 0.2616 0.2096 0.9422
vn 0.2378 0.6793 0.6943
vn 0.2814 0.6736 0.6834
vn 0.2170 0.5845 0.7818
vn 0.2866 0.5978 0.7486
vn 0.2528 0.6308 0.7336
vn -0.0634 -0.1836 0.9809
vn -0.4633 0.2820 0.8402
vn -0.0274 0.5017 0.8646
vn -0.0683 0.4418 0.8945
vn -0.0279 0.5273 0.8492
vn -0.2126 0.8989 0.3832
vn -0.2258 0.8840 0.4093
vn 0.4873 -0.1139 0.8657
vn -0.0608 0.9310 0.3598
vn -0.0296 0.9628 0.2685
vn -0.0777 0.9353 0.3453
vn -0.0258 0.9679 0.2500
vn 0.0090 0.7852 0.6192
vn -0.0139 0.7900 0.6129
vn 0.1130 0.6623 0.7407
vn 0.0549 0.9640 0.2601
vn 0.2920 0.5194 0.8031
vn 0.3807 0.8838 0.2721
vn -0.1033 0.0324 0.9941
vn 0.3307 0.2274 0.9159
vn 0.5221 0.2843 0.8041
vn 0.6344 0.3311 0.6985
vn -0.3909 0.2268 0.8921
vn -0.4632 0.2820 0.8402
vn -0.4046 0.2505 0.8795
vn 0.2143 0.4747 0.8536
vn -0.1324 0.9252 0.3558
vn -0.1323 0.9252 0.3557
vn 0.2067 0.2853 0.9359
vn 0.2330 0.2779 0.9319
vn 0.0162 -0.1166 0.9931
vn 0.0831 -0.0330 0.9960
vn 0.0076 -0.1866 0.9824
vn 0.0475 0.2044 0.9777
vn -0.3736 0.2302 0.8986
vn -0.4047 0.2505 0.8795
vn 0.3907 0.4184 0.8199
vn 0.3299 0.3928 0.8584
vn -0.1234 0.8012 0.5856
vn 0.2086 0.1768 0.9619
vn -0.0780 -0.2807 0.9566
vn 0.0829 0.0012 0.9966
vn 0.2831 0.5963 0.7512
vn 0.3724 0.8787 0.2986
vn -0.1635 -0.1354 0.9772
vn -0.1602 0.1717 0.9720
vn -0.2348 -0.0185 0.9719
vn 0.7845 0.4860 0.3851
vn -0.3385 0.2096 0.9173
vn -0.2797 0.1997 0.9391
vn 0.0076 0.3965 0.9180
vn 0.0046 0.4092 0.9124
vn 0.3103 0.4460 0.8395
vn 0.1216 0.5538 0.8237
vn -0.0306 -0.2526 0.9671
vn -0.0498 -0.2690 0.9619
vn -0.0804 -0.3388 0.9374
vn 0.4397 0.6071 0.6619
vn 0.4762 0.5829 0.6584
vn 0.3957 0.6205 0.6770
vn 0.4783 0.5769 0.6622
vn 0.3894 0.3231 0.8626
vn 0.2214 0.2443 0.9441
vn 0.3695 0.3089 0.8764
vn 0.2435 0.6245 0.7421
vn 0.1915 0.2883 0.9382
vn 0.3730 0.3679 0.8517
vn 0.6808 0.4946 0.5402
vn 0.2827 0.4435 0.8505
vn 0.4035 0.4632 0.7890
vn 0.4441 0.3745 0.8140
vn 0.0919 0.6630 0.7429
vn 0.2294 0.4324 0.8720
vn 0.8836 0.4266 0.1931
vn 0.4156 0.8840 0.2140
vn -0.3268 0.1439 0.9341
vn -0.1668 0.3313 0.9287
vn 0.7181 0.5551 0.4198
vn 0.2640 0.3875 0.8833
vn 0.2773 0.3762 0.8841
vn 0.2463 0.4011 0.8823
vn 0.0033 0.3919 0.9200
vn 0.5450 0.6942 0.4702
vn 0.5572 0.6771 0.4807
vn 0.5105 0.6698 0.5392
vn 0.2733 0.4073 0.8714
vn 0.4850 0.7230 0.4920
vn 0.5343 0.7723 0.3436
vn 0.5090 0.7738 0.3770
vn 0.1989 0.2512 0.9473
vn -0.3400 -0.2833 0.8967
vn -0.2664 -0.1104 0.9575
vn -0.3308 0.0084 0.9437
vn 0.9059 0.2499 0.3420
vn 0.8582 0.3285 0.3944
vn 0.8396 0.3372 0.4258
vn -0.3418 0.3483 0.8728
vn -0.5798 0.2199 0.7845
vn -0.4868 0.2731 0.8297
vn -0.5124 0.1908 0.8373
vn 0.6032 0.4612 0.6507
vn 0.4951 0.4423 0.7478
vn 0.2420 0.2017 0.9491
vn 0.0006 -0.0645 0.9979
vn 0.4396 0.6069 0.6622
vn 0.3957 0.6206 0.6770
vn 0.3456 0.6500 0.6768
vn 0.9439 0.0264 0.3291
vn 0.9555 -0.0526 0.2903
vn 0.9381 -0.0401 0.3439
vn 0.9555 -0.0525 0.2903
vn 0.9191 -0.0494 0.3909
vn 0.4269 0.7257 0.5395
vn 0.5320 0.8043 0.2645
vn 0.4233 0.8972 0.1264
vn -0.3591 0.2768 0.8913
vn -0.5295 0.1226 0.8394
vn 0.5420 0.4539 0.7073
vn 0.8338 0.3969 0.3838
vn 0.5397 0.3969 0.7425
vn 0.4642 0.4560 0.7593
vn 0.5463 0.3975 0.7373
vn 0.5034 0.4330 0.7478
vn 0.7597 0.5137 0.3987
vn -0.3813 0.1316 0.9150
vn -0.2861 0.1594 0.9448
vn 0.4909 0.5043 0.7105
vn 0.4180 0.5020 0.7571
vn 0.5319 0.3922 0.7505
vn 0.1224 -0.3580 0.9257
vn 0.0655 0.7544 0.6532
vn 0.0374 0.7530 0.6570
vn 0.0525 0.7952 0.6041
vn -0.0011 0.7668 0.6418
vn 0.4151 0.7723 0.4810
vn 0.1584 0.3253 0.9322
vn 0.1667 0.3068 0.9371
vn -0.4071 0.0883 0.9091
vn 0.8248 0.4402 0.3549
vn -0.4692 0.3477 0.8117
vn 0.0073 0.3505 0.9365
vn 0.7387 0.5747 0.3522
vn 0.2149 0.0863 0.9728
vn 0.0389 -0.1907 0.9809
vn -0.1795 -0.4965 0.8493
vn -0.1480 -0.4797 0.8648
vn -0.1777 -0.5000 0.8476
vn -0.1290 -0.4616 0.8777
vn 0.5726 0.6795 0.4587
vn 0.5565 0.7211 0.4127
vn 0.5403 0.6584 0.5240
vn 0.8892 -0.4209 0.1794
vn 0.9189 0.0917 0.3837
vn 0.3350 0.7151 0.6135
vn 0.3680 0.7829 0.5016
vn 0.3842 0.7238 0.5732
vn 0.1090 0.2199 0.9694
vn -0.2095 0.1691 0.9631
vn 0.6127 0.6237 0.4854
vn 0.2313 0.4056 0.8843
vn 0.0273 -0.2415 0.9700
vn 0.2351 0.7398 0.6304
vn 0.3445 0.6457 0.6815
vn 0.3496 0.7626 0.5442
vn 0.3224 0.6310 0.7057
vn 0.5500 0.7820 0.2932
vn -0.0045 0.4630 0.8864
vn 0.0698 0.4289 0.9006
vn 0.0213 0.5208 0.8534
vn 0.0628 0.4427 0.8945
vn 0.6916 0.6391 0.3365
vn 0.7948 0.5082 0.3318
vn 0.2973 0.5380 0.7888
vn 0.5561 0.3261 0.7645
vn 0.8653 0.2620 0.4273
vn -0.3098 0.4303 0.8479
vn 0.2416 0.4603 0.8543
vn 0.5393 0.5598 0.6291
vn 0.6076 0.3244 0.7250
vn 0.5045 0.2899 0.8133
vn 0.6380 0.7229 0.2653
vn 0.7388 0.5824 0.3391
vn 0.0436 0.4019 0.9147
vn 0.0660 0.4099 0.9098
vn 0.1227 0.4011 0.9078
vn 0.1492 0.4192 0.8955
vn 0.1228 0.4011 0.9078
vn 0.8317 0.2242 0.5080
vn -0.4672 0.3890 0.7940
vn -0.5031 0.3819 0.7753
vn 0.0894 0.4755 0.8752
vn 0.3647 0.5404 0.7582
vn -0.4017 0.0399 0.9149
vn -0.0913 0.2256 0.9699
vn 0.1712 0.0449 0.9842
vn 0.1685 0.0452 0.9847
vn 0.1700 0.0366 0.9848
vn -0.0011 0.7669 0.6418
vn 0.0814 0.7721 0.6303
vn 0.6750 -0.7050 0.2178
vn 0.6518 -0.7117 0.2620
vn 0.6585 -0.7146 0.2360
vn 0.6791 0.1294 0.7225
vn 0.6331 0.6799 0.3702
vn 0.1106 0.3458 0.9318
vn 0.1699 0.7485 0.6410
vn -0.1820 0.4949 0.8497
vn -0.4216 0.4173 0.8051
vn -0.3474 0.5312 0.7728
vn 0.0968 0.3867 0.9171
vn -0.0609 0.4787 0.8759
vn 0.6900 0.6156 0.3808
vn 0.6065 0.5236 0.5983
vn 0.6154 0.4706 0.6324
vn 0.6163 0.4201 0.6661
vn 0.6652 0.3815 0.6419
vn 0.3006 0.2836 0.9106
vn -0.1639 -0.4886 0.8570
vn 0.5757 0.6420 0.5063
vn 0.6103 0.4845 0.6267
vn 0.4468 0.5894 0.6731
vn 0.3485 0.6630 0.6625
vn 0.3484 0.6631 0.6625
vn 0.0565 0.8467 0.5291
vn 0.2676 0.6239 0.7343
vn 0.3272 0.5927 0.7359
vn 0.3445 0.6456 0.6815
vn 0.1890 0.4986 0.8460
vn 0.5321 0.8043 0.2645
vn 0.4233 0.6146 0.6656
vn -0.4538 0.4536 0.7670
vn 0.0430 0.3756 0.9258
vn -0.4346 0.4353 0.7884
vn -0.3256 0.0301 0.9450
vn -0.0213 0.2787 0.9601
vn 0.6755 0.2030 0.7089
vn 0.5717 0.1952 0.7969
vn 0.1395 -0.0404 0.9894
vn 0.5187 0.5484 0.6559
vn 0.6586 -0.7146 0.2360
vn 0.6518 -0.7117 0.2621
vn 0.5879 -0.7344 0.3391
vn 0.5766 -0.7340 0.3589
vn 0.7030 -0.2140 0.6782
vn -0.4842 0.5244 0.7004
vn -0.5627 0.3087 0.7669
vn -0.4961 0.3330 0.8018
vn -0.2047 0.5230 0.8274
vn 0.5638 0.6020 0.5654
vn 0.3914 0.3039 0.8686
vn -0.1769 -0.3513 0.9194
vn 0.1369 -0.0464 0.9895
vn 0.5954 0.4316 0.6777
vn 0.2152 0.6608 0.7191
vn 0.1317 0.4387 0.8889
vn -0.4927 0.3666 0.7892
vn 0.0182 0.4341 0.9007
vn 0.4180 0.6327 0.6519
vn 0.3971 0.5577 0.7289
vn 0.4674 0.6010 0.6483
vn 0.7162 0.3097 0.6254
vn 0.7358 0.2561 0.6269
vn 0.7407 0.1651 0.6512
vn -0.1665 -0.5014 0.8490
vn 0.5480 0.4594 0.6990
vn 0.0525 0.7952 0.6040
vn 0.0565 0.8467 0.5290
vn 0.0494 0.8905 0.4524
vn 0.1956 0.7124 0.6740
vn 0.0621 0.4694 0.8808
vn -0.7106 0.5915 0.3810
vn -0.7095 0.6013 0.3675
vn -0.7213 0.5708 0.3923
vn 0.3522 0.3924 0.8497
vn 0.3744 0.3970 0.8380
vn 0.4927 0.4242 0.7598
vn 0.1808 0.5718 0.8002
vn 0.6776 0.6237 0.3897
vn -0.3304 0.0204 0.9436
vn 0.2304 0.4046 0.8850
vn 0.7181 0.4192 0.5555
vn 0.6646 0.2235 0.7129
vn 0.4034 0.1906 0.8950
vn 0.2355 0.0775 0.9688
vn -0.1717 -0.5124 0.8414
vn 0.6311 0.5653 0.5311
vn 0.6115 0.3114 0.7275
vn 0.3316 0.6247 0.7069
vn 0.5026 -0.7736 0.3858
vn 0.3802 -0.6635 0.6443
vn 0.3636 -0.6740 0.6430
vn 0.3213 -0.6530 0.6858
vn 0.4286 -0.0547 0.9018
vn 0.3069 0.3090 0.9002
vn 0.3188 0.3060 0.8970
vn 0.3248 0.2871 0.9012
vn 0.8566 0.1748 0.4855
vn -0.0974 0.6007 0.7935
vn 0.0575 0.6220 0.7809
vn -0.0122 0.2891 0.9572
vn 0.3515 0.3270 0.8772
vn 0.6719 0.5494 0.4967
vn 0.7658 0.5493 0.3343
vn 0.6913 0.6252 0.3622
vn 0.5641 0.2134 0.7977
vn -0.1423 -0.7486 0.6476
vn 0.5525 0.0280 0.8330
vn 0.5489 -0.2061 0.8101
vn 0.5681 -0.0882 0.8182
vn 0.5549 -0.1268 0.8222
vn 0.4441 0.7174 0.5368
vn 0.2986 0.1073 0.9483
vn 0.4524 0.2780 0.8474
vn 0.4308 0.1728 0.8857
vn 0.4589 0.1984 0.8661
vn -0.8834 0.3591 0.3012
vn -0.8044 0.3493 0.4805
vn -0.8605 0.3662 0.3540
vn -0.5857 0.3067 0.7503
vn -0.0635 0.4306 0.9003
vn 0.4082 0.3897 0.8255
vn 0.4207 0.3760 0.8256
vn 0.4213 0.3762 0.8252
vn 0.8974 0.1338 0.4205
vn 0.9880 0.1167 0.1009
vn 0.4928 0.4242 0.7597
vn 0.3745 0.3970 0.8379
vn 0.4866 0.4488 0.7495
vn -0.3878 0.5075 0.7695
vn 0.4844 0.6977 0.5278
vn 0.5270 0.7238 0.4454
vn 0.6056 0.6694 0.4304
vn 0.7706 0.4774 0.4223
vn 0.7312 0.4559 0.5074
vn 0.6449 0.5350 0.5458
vn 0.5323 -0.2228 0.8167
vn 0.1911 0.7144 0.6732
vn 0.1778 0.8418 0.5097
vn 0.1880 0.7656 0.6152
vn 0.3803 -0.6635 0.6443
vn 0.3076 -0.6364 0.7074
vn 0.2249 0.5555 0.8005
vn 0.1613 0.6043 0.7802
vn 0.0577 0.7083 0.7036
vn -0.0083 0.5240 0.8517
vn -0.3617 0.6443 0.6738
vn -0.6905 0.6325 0.3510
vn -0.6190 0.7155 0.3238
vn -0.7007 0.6293 0.3361
vn 0.4280 0.0780 0.9004
vn -0.9040 0.3321 0.2693
vn -0.8036 0.3030 0.5122
vn -0.7654 0.3626 0.5316
vn -0.7372 0.4336 0.5183
vn -0.8897 0.2105 0.4051
vn -0.9085 0.1853 0.3746
vn -0.9215 0.1334 0.3646
vn -0.9140 0.1263 0.3856
vn -0.4425 0.3909 0.8071
vn -0.4395 0.5135 0.7370
vn -0.4459 0.4563 0.7700
vn 0.2228 0.6552 0.7218
vn -0.2360 -0.0351 0.9711
vn 0.6339 0.6593 0.4044
vn 0.7086 0.6716 0.2165
vn 0.7762 0.5996 0.1949
vn 0.7726 0.3707 0.5154
vn 0.8024 0.2292 0.5511
vn 0.0484 -0.0517 0.9975
vn -0.1718 -0.3862 0.9063
vn 0.6536 0.5252 0.5450
vn 0.6292 0.5419 0.5572
vn 0.6311 0.5654 0.5311
vn 0.5692 0.2184 0.7927
vn 0.5259 -0.2376 0.8167
vn 0.2654 0.1040 0.9585
vn -0.0082 0.4449 0.8956
vn -0.2335 0.5718 0.7864
vn 0.4244 0.0763 0.9023
vn -0.3886 0.4106 0.8248
vn -0.4265 0.3855 0.8183
vn -0.3970 0.4316 0.8100
vn -0.2830 0.5783 0.7651
vn 0.5991 0.7198 0.3507
vn 0.6657 0.7227 0.1860
vn 0.7869 0.3258 0.5241
vn 0.8087 0.2509 0.5320
vn 0.7363 0.3773 0.5617
vn 0.6825 0.3545 0.6391
vn 0.0229 -0.0353 0.9991
vn 0.0799 0.0623 0.9949
vn 0.0715 0.0478 0.9963
vn 0.6645 0.5136 0.5429
vn 0.5809 0.0861 0.8094
vn 0.4653 -0.2429 0.8511
vn 0.5159 -0.2468 0.8203
vn 0.4483 0.0949 0.8888
vn 0.4298 0.1062 0.8966
vn 0.4318 0.0956 0.8969
vn 0.2644 0.7142 0.6481
vn -0.1549 0.9778 0.1411
vn 0.1715 0.8541 0.4910
vn 0.2243 -0.6645 0.7128
vn 0.1884 -0.7049 0.6838
vn 0.0590 0.5904 0.8050
vn 0.1042 0.6247 0.7739
vn -0.0345 0.7488 0.6620
vn -0.1820 0.4949 0.8496
vn 0.4528 0.3097 0.8361
vn 0.4529 0.3370 0.8254
vn 0.5054 0.3745 0.7774
vn 0.4474 0.3972 0.8013
vn -0.4351 0.3798 0.8164
vn -0.9219 0.1065 0.3724
vn -0.8923 0.1497 0.4259
vn -0.8057 0.2045 0.5559
vn 0.0056 0.4959 0.8683
vn 0.3488 0.4445 0.8250
vn 0.4797 0.4557 0.7498
vn 0.3476 0.6965 0.6278
vn 0.0015 0.0449 0.9990
vn 0.0203 0.0502 0.9985
vn -0.0579 -0.0729 0.9957
vn 0.8095 0.4056 0.4244
vn 0.3114 0.2083 0.9272
vn 0.1090 -0.0120 0.9940
vn -0.3827 -0.4297 0.8179
vn -0.2483 -0.4119 0.8768
vn 0.3060 -0.5974 0.7413
vn 0.4205 -0.5401 0.7290
vn 0.4068 -0.6230 0.6682
vn 0.5429 -0.2373 0.8056
vn 0.2092 0.2506 0.9452
vn -0.0411 0.6074 0.7933
vn -0.6566 0.6644 0.3570
vn -0.3918 0.4471 0.8041
vn -0.3835 0.4646 0.7982
vn -0.4015 0.4274 0.8100
vn 0.9272 0.0915 0.3632
vn 0.9142 0.1519 0.3756
vn 0.3934 0.7764 0.4924
vn 0.4838 0.7836 0.3898
vn -0.0532 0.0005 0.9986
vn -0.1901 -0.1028 0.9764
vn -0.2482 0.0104 0.9687
vn 0.8544 0.4948 0.1587
vn 0.8588 0.4460 0.2522
vn 0.7555 0.3289 0.5666
vn 0.7581 0.3717 0.5358
vn 0.6810 0.3961 0.6159
vn 0.6467 0.2743 0.7117
vn 0.6039 0.3644 0.7089
vn 0.4315 0.1785 0.8843
vn 0.0151 -0.0484 0.9987
vn 0.6513 0.1274 0.7480
vn 0.4548 -0.2401 0.8576
vn 0.3817 0.1630 0.9098
vn 0.3532 0.1377 0.9254
vn 0.2767 0.6874 0.6716
vn 0.1416 0.8535 0.5014
vn 0.1510 0.8507 0.5035
vn 0.1938 0.2532 0.9478
vn 0.1747 0.2461 0.9534
vn -0.0670 0.5754 0.8151
vn -0.0847 0.4591 0.8843
vn 0.5029 0.4005 0.7660
vn -0.9540 0.1214 0.2740
vn 0.0307 0.7112 0.7023
vn 0.2237 0.7506 0.6217
vn 0.5341 0.6904 0.4879
vn 0.4715 0.7929 0.3860
vn 0.4275 0.8289 0.3606
vn 0.2957 0.9552 -0.0103
vn 0.3423 0.9305 -0.1305
vn 0.5303 0.8427 -0.0933
vn 0.5773 0.8076 0.1207
vn 0.7980 0.5942 0.1008
vn 0.8492 0.3604 0.3861
vn 0.8408 0.2863 0.4595
vn 0.8531 0.2759 0.4428
vn 0.7974 0.3659 0.4798
vn 0.8306 0.3476 0.4350
vn 0.7155 0.3367 0.6122
vn 0.6199 0.4260 0.6590
vn 0.5280 0.3185 0.7873
vn 0.4430 0.2689 0.8552
vn 0.6869 0.1660 0.7075
vn 0.4080 -0.2284 0.8839
vn 0.4297 -0.5561 0.7114
vn 0.1545 -0.7379 0.6570
vn -0.1224 0.6952 0.7083
vn 0.3619 0.3116 0.8786
vn 0.4198 0.4632 0.7806
vn 0.4325 0.4789 0.7639
vn 0.9333 0.0343 0.3575
vn -0.3979 0.5431 0.7394
vn -0.0519 -0.1374 0.9892
vn -0.0470 -0.1620 0.9857
vn 0.0740 0.4587 0.8855
vn 0.3547 0.8747 0.3303
vn 0.5856 0.8104 -0.0158
vn 0.6307 0.7719 0.0802
vn 0.7339 0.6791 -0.0134
vn 0.7597 0.6469 0.0663
vn 0.7887 0.6134 -0.0414
vn 0.8482 0.5296 0.0008
vn 0.8763 0.3932 0.2782
vn 0.8380 0.3428 0.4245
vn 0.7817 0.3137 0.5391
vn 0.6440 0.3799 0.6640
vn 0.0898 0.2614 0.9610
vn 0.1874 0.4202 0.8879
vn -0.3979 0.1045 0.9114
vn -0.4030 0.1139 0.9081
vn -0.4182 0.1426 0.8971
vn -0.4406 0.1865 0.8781
vn 0.0949 0.7394 0.6666
vn 0.0925 0.8149 0.5722
vn 0.0719 0.8082 0.5845
vn 0.2763 -0.5602 0.7809
vn 0.3028 -0.5356 0.7883
vn 0.2400 -0.6207 0.7464
vn 0.3435 -0.6909 0.6361
vn 0.3437 0.1237 0.9309
vn 0.0898 0.8341 0.5442
vn 0.0977 -0.7918 0.6029
vn -0.1691 0.6020 0.7804
vn -0.2009 0.7476 0.6330
vn 0.3767 0.0400 0.9255
vn 0.3146 0.1270 0.9407
vn -0.9490 0.0302 0.3138
vn -0.4116 0.4603 0.7866
vn 0.0526 0.5458 0.8363
vn 0.3646 0.4609 0.8091
vn 0.9347 0.0480 0.3522
vn 0.3479 0.4342 0.8309
vn 0.3075 0.4738 0.8252
vn 0.3402 0.4420 0.8300
vn -0.2252 0.6833 0.6946
vn -0.1160 0.7234 0.6806
vn 0.4346 0.7930 0.4270
vn -0.0845 -0.1605 0.9834
vn 0.8273 0.3097 0.4687
vn 0.8776 0.3260 0.3514
vn 0.2520 -0.0581 0.9660
vn 0.2700 -0.0696 0.9603
vn 0.3021 -0.0903 0.9490
vn 0.4981 0.1658 0.8511
vn 0.5182 0.1581 0.8405
vn 0.5771 0.1950 0.7930
vn 0.0461 0.2275 0.9727
vn 0.0458 0.2278 0.9726
vn 0.3686 -0.6001 0.7099
vn 0.3875 -0.5027 0.7727
vn 0.0715 -0.8298 0.5535
vn 0.0665 -0.2680 0.9611
vn 0.0356 -0.2418 0.9697
vn -0.0195 -0.1849 0.9826
vn -0.1724 0.2230 0.9595
vn -0.1727 0.2226 0.9595
vn -0.1783 0.2296 0.9568
vn -0.1876 0.6374 0.7474
vn -0.1066 0.3766 0.9202
vn -0.5533 0.7896 0.2654
vn 0.1409 0.2355 0.9616
vn 0.3083 0.5676 0.7634
vn 0.3847 0.4962 0.7783
vn 0.3373 0.5431 0.7689
vn -0.3073 0.6141 0.7270
vn -0.0476 -0.0995 0.9939
vn 0.4192 0.6900 0.5900
vn 0.4737 0.7485 0.4641
vn 0.2437 0.9613 0.1287
vn 0.4168 0.8887 -0.1912
vn 0.6836 0.7279 0.0530
vn 0.8545 0.5119 -0.0880
vn 0.8847 0.4622 0.0608
vn 0.8585 0.3350 0.3883
vn 0.8999 0.3110 0.3057
vn 0.8539 0.2927 0.4302
vn 0.6501 0.2639 0.7125
vn 0.6779 0.2843 0.6780
vn 0.7121 0.2903 0.6393
vn 0.4993 0.4181 0.7589
vn 0.4121 0.3051 0.8586
vn 0.3005 0.3918 0.8696
vn -0.1711 0.8061 0.5665
vn 0.2302 -0.6536 0.7209
vn 0.3926 -0.7132 0.5807
vn 0.3221 -0.4730 0.8201
vn 0.0993 0.8324 0.5453
vn 0.0604 0.8279 0.5576
vn -0.0415 -0.2046 0.9780
vn -0.0377 -0.2403 0.9700
vn -0.1725 0.2229 0.9595
vn -0.1783 0.2297 0.9568
vn -0.1934 0.2291 0.9540
vn -0.2744 0.7269 0.6295
vn 0.2930 0.4590 0.8387
vn 0.3214 0.6078 0.7262
vn -0.8053 0.1983 0.5587
vn 0.3715 0.4618 0.8054
vn -0.2947 0.5881 0.7532
vn 0.3108 0.8113 0.4951
vn 0.3728 0.8319 0.4111
vn -0.0654 -0.2490 0.9663
vn 0.0211 -0.0089 0.9997
vn 0.5083 0.8291 -0.2329
vn 0.6119 0.7769 -0.1480
vn 0.6647 0.7441 -0.0668
vn 0.7434 0.6597 -0.1101
vn 0.8179 0.5490 -0.1723
vn 0.2186 -0.0368 0.9751
vn -0.1152 -0.3490 0.9300
vn -0.0519 -0.3579 0.9323
vn -0.0959 -0.3539 0.9303
vn 0.3528 -0.0173 0.9355
vn 0.3592 -0.0400 0.9324
vn 0.3663 -0.0665 0.9281
vn 0.6081 0.4190 0.6743
vn 0.1022 0.9033 0.4166
vn 0.0949 0.7393 0.6666
vn 0.2694 -0.6882 0.6736
vn -0.0729 -0.9557 -0.2850
vn 0.3321 -0.7816 0.5280
vn 0.2035 0.4505 0.8692
vn 0.2158 0.4778 0.8515
vn 0.2207 0.4526 0.8640
vn 0.1028 0.6627 0.7418
vn 0.1111 0.6890 0.7162
vn 0.0059 -0.8612 0.5082
vn -0.2352 0.0852 0.9682
vn -0.2309 0.1028 0.9675
vn -0.2082 0.4434 0.8718
vn 0.2554 -0.1158 0.9599
vn 0.2087 0.0154 0.9779
vn 0.1936 0.2561 0.9471
vn 0.1209 0.3883 0.9136
vn -0.5787 0.3557 0.7338
vn -0.2738 0.5380 0.7972
vn -0.0565 -0.2720 0.9606
vn 0.2786 0.5320 0.7996
vn 0.2160 0.3626 0.9066
vn 0.3282 0.6040 0.7263
vn 0.3986 0.7889 0.4677
vn 0.3399 0.8264 0.4489
vn 0.2340 0.9191 0.3172
vn 0.9202 0.3755 0.1102
vn 0.8831 0.2992 0.3615
vn 0.7929 0.2712 0.5457
vn 0.7803 0.2837 0.5574
vn 0.6892 0.2553 0.6781
vn -0.0243 -0.1910 0.9813
vn -0.0852 -0.3534 0.9316
vn -0.0584 -0.2827 0.9574
vn -0.0518 -0.3579 0.9323
vn 0.0593 -0.2950 0.9536
vn 0.0237 -0.2098 0.9775
vn 0.0323 -0.2781 0.9600
vn 0.1007 -0.3760 0.9211
vn 0.4102 -0.3957 0.8217
vn 0.2651 -0.5427 0.7970
vn 0.2357 -0.3720 0.8978
vn 0.1594 -0.3670 0.9165
vn -0.0740 -0.8206 0.5666
vn -0.1935 -0.4077 0.8924
vn -0.1492 0.2806 0.9481
vn -0.3444 0.6579 0.6697
vn -0.6190 0.7156 0.3238
vn -0.5532 0.7896 0.2654
vn -0.4899 0.8476 0.2040
vn -0.5128 0.8309 0.2159
vn 0.1921 -0.1381 0.9716
vn 0.2524 -0.1721 0.9522
vn -0.9295 0.0054 0.3688
vn 0.2989 0.4819 0.8237
vn 0.0545 -0.0345 0.9979
vn 0.2757 0.8598 0.4297
vn 0.2224 0.9626 -0.1548
vn 0.9198 0.3497 0.1780
vn 0.9024 0.3367 0.2688
vn 0.8956 0.3258 0.3027
vn 0.9204 0.3101 0.2383
vn 0.9103 0.2988 0.2863
vn 0.9349 0.2681 0.2327
vn 0.2998 0.0102 0.9539
vn 0.2914 -0.0241 0.9563
vn 0.2968 -0.0171 0.9548
vn 0.5500 0.1801 0.8155
vn 0.0043 -0.1511 0.9885
vn 0.0354 -0.1646 0.9857
vn 0.0104 -0.1740 0.9847
vn 0.3845 0.0233 0.9228
vn 0.3720 0.0049 0.9282
vn -0.0055 -0.1992 0.9799
vn -0.0325 -0.2093 0.9773
vn -0.0080 -0.1889 0.9820
vn 0.0140 -0.2380 0.9712
vn 0.0602 -0.2932 0.9542
vn 0.5205 -0.3748 0.7672
vn 0.0134 -0.0582 0.9982
vn -0.0518 -0.3838 0.9220
vn 0.0353 -0.4448 0.8949
vn 0.1891 0.5249 0.8299
vn 0.1297 0.6824 0.7194
vn 0.1427 0.8374 0.5277
vn 0.2477 0.4915 0.8349
vn 0.3564 -0.0516 0.9329
vn 0.1524 -0.2096 0.9658
vn -0.0108 0.6229 0.7822
vn -0.0092 0.6140 0.7893
vn -0.0361 0.3955 0.9177
vn -0.1044 0.3287 0.9387
vn -0.0802 -0.8476 0.5245
vn -0.0856 -0.8458 0.5267
vn -0.2339 0.0861 0.9684
vn -0.3311 0.6623 0.6721
vn -0.3110 0.4840 0.8179
vn -0.2430 0.6019 0.7607
vn -0.3398 0.7520 0.5648
vn -0.3849 0.7780 0.4965
vn 0.2020 0.5973 0.7761
vn -0.0149 0.5572 0.8302
vn 0.0144 0.7995 0.6005
vn 0.2041 0.8321 0.5156
vn -0.0343 -0.2661 0.9633
vn 0.1433 0.9889 0.0381
vn 0.1655 0.9847 -0.0538
vn 0.3329 0.8849 -0.3257
vn 0.4283 0.8474 -0.3137
vn 0.7497 0.6232 -0.2227
vn 0.9152 0.4023 -0.0228
vn 0.9051 0.3032 0.2982
vn 0.9398 0.3012 0.1612
vn 0.9574 0.2396 0.1613
vn 0.8350 0.2511 0.4897
vn 0.7958 0.2742 0.5400
vn -0.0365 -0.1368 0.9899
vn -0.0023 -0.1571 0.9876
vn -0.0280 -0.1411 0.9896
vn -0.1321 -0.2082 0.9691
vn 0.1734 -0.3185 0.9319
vn -0.0242 -0.1910 0.9813
vn -0.0584 -0.2826 0.9575
vn 0.0001 -0.1249 0.9922
vn 0.4934 0.0964 0.8645
vn 0.1082 -0.3887 0.9150
vn 0.3721 -0.0887 0.9239
vn 0.5464 0.4482 0.7075
vn 0.3635 0.4388 0.8218
vn 0.0587 0.6040 0.7948
vn 0.1334 0.7903 0.5979
vn 0.1313 0.7765 0.6163
vn 0.1302 0.7772 0.6156
vn 0.4141 -0.7518 0.5132
vn 0.1488 -0.2114 0.9660
vn -0.1553 0.0723 0.9852
vn -0.1635 0.0655 0.9844
vn -0.1260 -0.8310 0.5418
vn -0.1475 -0.8344 0.5311
vn -0.2858 -0.3908 0.8750
vn -0.4669 0.2191 0.8568
vn -0.4472 0.2418 0.8611
vn -0.5897 0.1783 0.7877
vn -0.5430 0.2894 0.7883
vn -0.5525 0.3128 0.7726
vn -0.5433 0.2901 0.7878
vn -0.8986 0.0032 0.4387
vn 0.9255 -0.0438 0.3763
vn -0.3922 0.6523 0.6486
vn -0.2758 0.7097 0.6483
vn 0.2895 0.9227 -0.2545
vn 0.5833 0.7586 -0.2903
vn 0.6825 0.7111 -0.1687
vn 0.8934 0.4215 -0.1553
vn 0.9434 0.3313 0.0143
vn 0.7583 0.2141 0.6157
vn 0.4574 0.1180 0.8814
vn 0.4556 0.0925 0.8854
vn 0.4592 0.1006 0.8826
vn 0.0421 -0.0392 0.9983
vn -0.0789 -0.1325 0.9880
vn 0.8078 0.4286 0.4046
vn 0.7835 0.4567 0.4214
vn 0.7889 0.4232 0.4456
vn 0.4774 -0.3306 0.8141
vn -0.0051 -0.0521 0.9986
vn 0.4182 0.1560 0.8949
vn 0.1148 -0.2478 0.9620
vn 0.1072 -0.2810 0.9537
vn 0.2735 -0.4032 0.8733
vn 0.3158 -0.3929 0.8637
vn 0.2083 -0.3986 0.8931
vn 0.4294 0.1121 0.8961
vn 0.4288 0.1115 0.8965
vn 0.4319 0.1168 0.8943
vn 0.1335 0.7903 0.5979
vn 0.1301 0.7773 0.6155
vn 0.1607 0.4573 0.8747
vn 0.1462 0.4977 0.8549
vn 0.1388 0.6218 0.7708
vn 0.2058 0.9003 0.3836
vn 0.1585 -0.5791 0.7997
vn -0.0250 0.8448 0.5346
vn -0.0069 0.8222 0.5692
vn -0.2513 -0.1600 0.9546
vn -0.2342 -0.1635 0.9583
vn -0.1686 -0.8434 0.5101
vn -0.2657 -0.8482 0.4582
vn -0.4517 0.8755 0.1718
vn 0.0536 0.0871 0.9948
vn 0.1240 0.5603 0.8189
vn 0.3035 0.6145 0.7282
vn 0.2522 0.6484 0.7183
vn -0.9252 -0.0049 0.3795
vn 0.6602 0.3255 0.6769
vn 0.6522 0.3356 0.6797
vn 0.6764 0.2418 0.6957
vn 0.9024 -0.1054 0.4179
vn 0.3716 0.7470 0.5512
vn 0.2931 0.7973 0.5275
vn 0.1213 0.9734 0.1943
vn 0.2133 0.9319 -0.2932
vn 0.6849 0.6833 -0.2528
vn 0.8590 0.4459 -0.2515
vn 0.9236 0.3103 0.2251
vn 0.6660 0.7459 0.0039
vn 0.6110 0.7867 -0.0881
vn 0.8232 0.5670 0.0291
vn 0.1737 -0.0967 -0.9800
vn 0.1970 0.1640 -0.9666
vn 0.1384 -0.3880 0.9112
vn 0.5915 -0.0813 0.8022
vn 0.8545 0.2138 0.4733
vn 0.4960 0.1288 0.8587
vn 0.2741 0.0553 0.9601
vn 0.2434 0.0599 0.9681
vn 0.8161 0.1625 0.5546
vn 0.8241 0.1433 0.5480
vn 0.8808 0.1534 0.4480
vn 0.5007 0.1361 0.8549
vn 0.5023 0.1342 0.8542
vn 0.8123 0.1344 0.5676
vn 0.8928 0.1075 0.4374
vn -0.0646 0.0372 0.9972
vn -0.0643 0.0416 0.9971
vn -0.0837 0.0450 0.9955
vn 0.7677 0.1847 0.6136
vn 0.2903 0.1108 0.9505
vn 0.3073 0.1124 0.9450
vn -0.0202 -0.0604 0.9980
vn 0.1297 0.0101 0.9915
vn -0.0280 -0.1412 0.9896
vn 0.4940 0.1241 0.8605
vn 0.8144 0.4456 0.3716
vn 0.7574 0.4664 0.4569
vn 0.7315 0.4325 0.5271
vn 0.7350 0.4957 0.4626
vn 0.7609 0.5058 0.4065
vn 0.7641 0.5394 0.3537
vn 0.7351 0.4957 0.4626
vn 0.1729 -0.3828 0.9075
vn 0.3854 0.2219 0.8957
vn 0.3224 0.1642 0.9323
vn 0.3507 0.1801 0.9190
vn 0.3729 -0.6952 0.6146
vn -0.0904 0.8044 0.5871
vn -0.0949 0.8888 0.4484
vn -0.2934 -0.1787 0.9391
vn -0.6332 0.2157 0.7434
vn -0.6723 0.2871 0.6824
vn 0.0738 -0.1544 0.9852
vn -0.5634 0.3218 0.7610
vn 0.8680 -0.1388 0.4768
vn 0.7737 0.1168 0.6227
vn 0.7621 0.1211 0.6361
vn 0.7026 0.1413 0.6974
vn -0.1757 0.7600 0.6257
vn 0.2435 0.8762 0.4159
vn 0.0220 -0.3681 0.9295
vn 0.0907 -0.0142 0.9958
vn 0.0935 0.9202 0.3802
vn 0.7126 0.2684 0.6482
vn 0.4672 -0.2950 -0.8335
vn 0.0182 0.9995 -0.0250
vn 0.1024 0.9778 -0.1828
vn 0.4694 0.7990 -0.3759
vn 0.7866 0.5407 -0.2982
vn 0.9434 0.3165 -0.0988
vn 0.9386 0.3191 0.1308
vn 0.8890 0.4418 0.1204
vn 0.7882 0.6097 0.0837
vn 0.9162 0.3965 0.0584
vn 0.4567 0.7972 -0.3948
vn 0.0819 -0.1391 -0.9869
vn -0.1063 -0.4690 -0.8768
vn -0.6413 -0.5834 -0.4984
vn -0.6728 -0.7288 0.1271
vn 0.5185 -0.1581 0.8403
vn 0.9743 0.0331 0.2226
vn 0.9265 0.1299 0.3533
vn 0.9720 0.1385 0.1898
vn 0.9047 0.1813 0.3857
vn 0.7894 0.1809 0.5867
vn 0.9185 0.2569 0.3005
vn 0.7952 0.1081 0.5966
vn 0.8251 -0.5636 -0.0400
vn 0.7659 -0.6383 -0.0769
vn 0.8105 -0.5690 -0.1391
vn 0.8768 -0.0664 0.4762
vn 0.8733 -0.1473 0.4645
vn 0.9359 -0.1271 0.3285
vn 0.8170 -0.0997 0.5680
vn 0.7655 -0.1108 0.6339
vn 0.7027 -0.1018 0.7042
vn 0.6689 -0.6461 0.3675
vn 0.6536 -0.6043 0.4558
vn 0.6024 -0.7085 0.3677
vn 0.5475 -0.6936 0.4681
vn 0.5731 -0.7348 0.3628
vn -0.0317 0.0290 0.9991
vn -0.0221 0.0952 0.9952
vn -0.0077 0.1378 0.9904
vn 0.0231 0.1747 0.9843
vn 0.8656 -0.3959 0.3065
vn 0.8279 -0.4492 0.3360
vn 0.8133 -0.5071 0.2851
vn 0.8529 -0.3640 0.3743
vn 0.6711 -0.4103 0.6175
vn 0.7402 -0.4985 0.4511
vn 0.7339 -0.4323 0.5239
vn 0.2343 -0.1369 0.9625
vn 0.2126 -0.1485 0.9658
vn 0.3005 -0.1007 0.9484
vn 0.6420 -0.2812 0.7133
vn 0.6600 -0.2661 0.7025
vn 0.6576 -0.2747 0.7015
vn 0.7965 -0.2688 0.5416
vn 0.8937 -0.3914 0.2193
vn 0.8778 -0.2987 0.3745
vn 0.8557 -0.4695 0.2177
vn 0.5375 -0.1112 0.8359
vn 0.5217 -0.1243 0.8440
vn 0.5077 -0.1358 0.8508
vn 0.8653 -0.4743 0.1620
vn 0.8105 -0.5726 0.1231
vn 0.8508 -0.5190 0.0828
vn 0.7789 -0.5795 0.2397
vn 0.6713 -0.4076 0.6190
vn 0.4304 -0.2095 0.8780
vn 0.2934 -0.2152 0.9314
vn 0.3516 -0.1968 0.9152
vn 0.0408 0.0972 0.9944
vn 0.0165 0.1477 0.9889
vn 0.1024 0.0837 0.9912
vn 0.1390 0.1114 0.9840
vn 0.0389 0.1312 0.9906
vn 0.1474 -0.1822 0.9721
vn 0.6847 -0.2904 0.6685
vn 0.6956 -0.2906 0.6571
vn 0.7101 -0.2394 0.6622
vn 0.7154 -0.2110 0.6660
vn 0.9135 -0.3163 0.2557
vn 0.7949 -0.5810 0.1751
vn 0.4952 -0.3154 0.8095
vn 0.5401 -0.6070 0.5830
vn 0.7186 -0.5753 0.3907
vn -0.0565 0.2133 0.9754
vn -0.0682 0.1711 0.9829
vn -0.0924 0.1727 0.9806
vn -0.0157 0.1606 0.9869
vn 0.0109 0.1737 0.9847
vn 0.0082 0.1475 0.9890
vn 0.0134 0.1733 0.9848
vn 0.0234 0.0711 0.9972
vn 0.0455 0.0407 0.9981
vn 0.8123 -0.5817 0.0414
vn 0.7457 -0.6581 0.1039
vn 0.7364 -0.5948 0.3223
vn -0.1164 0.1048 0.9877
vn -0.1236 0.1900 0.9740
vn -0.1118 0.0548 0.9922
vn 0.5236 -0.7525 0.3995
vn 0.6363 -0.5027 0.5851
vn 0.4914 -0.1488 0.8581
vn 0.8604 -0.1939 0.4712
vn 0.8893 -0.2360 0.3918
vn 0.9083 -0.1914 0.3720
vn 0.6889 -0.1017 0.7177
vn 0.8500 -0.0081 0.5267
vn 0.7629 -0.6465 -0.0063
vn 0.7061 -0.7079 0.0188
vn 0.4999 -0.3617 0.7869
vn -0.0205 -0.0049 0.9998
vn 0.2111 0.1849 0.9598
vn 0.4925 -0.7730 0.3999
vn 0.4536 -0.7628 0.4609
vn 0.4296 -0.6992 0.5714
vn 0.7091 -0.5220 0.4741
vn 0.7334 -0.5402 0.4127
vn 0.7738 -0.5016 0.3868
vn 0.7466 -0.4667 0.4742
vn 0.8054 -0.4729 0.3574
vn 0.8316 -0.4541 0.3199
vn 0.7926 -0.4427 0.4192
vn 0.8338 -0.2272 0.5031
vn 0.5874 -0.0740 0.8059
vn 0.5982 -0.0808 0.7973
vn 0.5883 -0.0754 0.8051
vn 0.3743 -0.0003 0.9273
vn 0.4869 0.0006 0.8735
vn 0.4817 0.0005 0.8764
vn 0.9201 0.0158 0.3913
vn 0.8830 -0.4552 0.1143
vn 0.7218 -0.6766 -0.1459
vn 0.8033 -0.5519 -0.2238
vn 0.2724 -0.2321 0.9338
vn -0.1023 -0.0408 0.9939
vn 0.1363 0.1912 0.9720
vn 0.4196 -0.6547 0.6287
vn 0.8572 -0.4355 0.2749
vn 0.8404 -0.3956 0.3704
vn 0.8834 -0.3859 0.2658
vn 0.1824 0.2664 0.9465
vn -0.2313 0.1768 0.9567
vn 0.0971 0.1378 0.9857
vn 0.1035 0.1479 0.9836
vn 0.1572 0.1673 0.9733
vn 0.2555 0.0511 0.9654
vn 0.0769 0.0225 0.9968
vn 0.0583 0.0301 0.9978
vn 0.1871 0.0399 0.9815
vn 0.0344 0.0496 0.9982
vn 0.0325 0.0537 0.9980
vn 0.3697 -0.0003 0.9291
vn 0.8396 0.0322 0.5423
vn 0.5952 0.0788 0.7997
vn 0.5957 0.0816 0.7990
vn 0.5942 0.0729 0.8010
vn 0.0577 0.0356 0.9977
vn 0.0390 0.0519 0.9979
vn 0.2016 0.0410 0.9786
vn 0.2022 0.0409 0.9785
vn 0.2106 0.0825 0.9741
vn -0.0557 -0.0860 0.9947
vn 0.8150 0.3726 0.4438
vn 0.7250 0.5303 0.4396
vn 0.6891 0.5338 0.4901
vn 0.2082 -0.3986 0.8932
vn 0.1370 -0.4244 0.8951
vn 0.4602 0.4469 0.7671
vn 0.0444 0.0893 0.9950
vn 0.0521 0.1132 0.9922
vn -0.0142 -0.0930 0.9956
vn -0.1005 0.8897 0.4454
vn -0.1127 0.8808 0.4599
vn -0.2231 0.3008 0.9272
vn -0.3716 0.1989 0.9069
vn -0.2757 0.2664 0.9236
vn -0.6127 -0.3813 0.6922
vn -0.3274 0.7761 0.5390
vn -0.3625 0.7942 0.4878
vn -0.0403 0.2954 0.9545
vn 0.0012 0.4820 0.8762
vn 0.1376 0.6936 0.7071
vn -0.5332 0.2659 0.8031
vn -0.9273 -0.0411 0.3721
vn 0.3721 0.4643 0.8037
vn -0.2593 0.7400 0.6207
vn 0.2190 0.4555 0.8629
vn 0.2153 0.5760 0.7886
vn 0.1680 0.8714 0.4609
vn 0.5550 0.7652 0.3263
vn 0.2867 0.3843 0.8775
vn -0.6244 0.2603 0.7364
vn -0.9762 0.0676 0.2059
vn -0.2776 -0.2435 -0.9293
vn 0.0477 -0.2757 -0.9601
vn 0.0314 -0.2777 -0.9601
vn 0.3579 0.8316 -0.4247
vn 0.6177 0.6812 -0.3931
vn 0.7761 0.6255 -0.0803
vn 0.6703 0.7285 -0.1415
vn 0.1030 -0.2796 -0.9546
vn 0.3085 0.7769 -0.5489
vn 0.3638 0.7352 -0.5719
vn 0.3285 0.7750 -0.5399
vn 0.2684 0.2645 -0.9263
vn -0.3735 -0.4886 -0.7886
vn 0.6395 -0.4598 0.6161
vn 0.6703 -0.4480 0.5916
vn 0.6729 -0.4463 0.5899
vn 0.9419 -0.2064 0.2651
vn 0.9410 -0.2684 0.2060
vn 0.9174 -0.3585 0.1728
vn 0.8727 -0.4882 -0.0014
vn 0.8571 -0.5055 -0.0989
vn 0.7093 -0.6796 0.1871
vn -0.1344 0.2440 0.9604
vn -0.0915 0.2654 0.9598
vn -0.0723 0.2497 0.9656
vn -0.0732 0.2349 0.9693
vn 0.4000 -0.7623 0.5088
vn 0.4944 -0.5595 0.6653
vn 0.8554 -0.3222 0.4055
vn 0.1239 0.0858 0.9886
vn 0.1062 0.1279 0.9861
vn 0.0668 0.0813 0.9945
vn 0.0725 0.0399 0.9966
vn 0.0368 0.0141 0.9992
vn 0.2014 0.0737 0.9767
vn 0.5690 -0.0376 0.8215
vn 0.5703 0.0021 0.8214
vn 0.5702 -0.0025 0.8215
vn 0.5968 0.0875 0.7976
vn -0.0042 0.0674 0.9977
vn 0.0007 0.0605 0.9982
vn 0.0999 0.0407 0.9942
vn 0.0993 0.0184 0.9949
vn 0.0967 0.0035 0.9953
vn 0.0949 0.0168 0.9953
vn 0.8934 0.2921 0.3414
vn 0.8729 0.2790 0.4002
vn 0.8871 0.3108 0.3412
vn 0.0216 0.0322 0.9992
vn 0.0100 -0.0343 0.9994
vn -0.0190 -0.0593 0.9981
vn -0.0377 -0.0675 0.9970
vn 0.8088 0.3127 0.4981
vn 0.8457 0.3465 0.4058
vn 0.7184 0.3552 0.5980
vn 0.7783 0.3542 0.5185
vn 0.6688 0.6363 0.3845
vn 0.6231 0.5721 0.5333
vn 0.4235 0.1069 0.8996
vn 0.3737 0.2951 0.8794
vn 0.3311 0.4768 0.8143
vn 0.1697 0.5264 0.8332
vn 0.1038 0.4814 0.8703
vn 0.2829 -0.0596 0.9573
vn -0.1151 0.7312 0.6724
vn -0.1171 0.7360 0.6668
vn -0.0436 0.9054 0.4222
vn -0.4249 0.1584 0.8913
vn -0.2791 -0.8418 0.4621
vn -0.3552 -0.8212 0.4467
vn -0.6669 -0.6916 0.2773
vn -0.6261 -0.7250 0.2870
vn -0.6696 -0.6885 0.2786
vn -0.3859 0.7595 0.5237
vn -0.4135 0.9001 0.1371
vn -0.3666 0.7174 0.5924
vn 0.3793 0.7849 0.4900
vn 0.6140 0.2162 0.7591
vn 0.7620 0.1211 0.6361
vn 0.6914 0.1447 0.7078
vn 0.7026 0.1413 0.6975
vn 0.1297 0.8531 0.5053
vn 0.0673 -0.3649 0.9286
vn 0.1333 -0.1284 0.9827
vn 0.2767 0.6861 0.6728
vn 0.3108 0.7263 0.6131
vn 0.1504 0.8275 0.5410
vn 0.0582 0.9975 -0.0408
vn 0.0756 0.5069 0.8587
vn -0.0086 0.3071 0.9516
vn -0.0283 0.3452 0.9381
vn -0.0181 0.3255 0.9454
vn 0.1065 0.9545 -0.2787
vn 0.9069 0.3636 -0.2129
vn 0.9324 0.3048 0.1943
vn 0.2583 0.1417 -0.9556
vn -0.5734 -0.6264 0.5280
vn -0.5183 -0.5219 0.6775
vn 0.9442 0.1748 0.2791
vn 0.6783 -0.7323 -0.0594
vn 0.5816 -0.8134 -0.0128
vn 0.5983 -0.8012 0.0099
vn 0.6669 -0.7403 0.0848
vn 0.6865 -0.6569 0.3118
vn 0.6428 -0.6461 0.4115
vn -0.1360 0.2671 0.9540
vn -0.1480 0.2791 0.9488
vn 0.4483 -0.8030 0.3926
vn 0.4483 -0.8031 0.3926
vn 0.4469 -0.7898 0.4201
vn 0.8843 -0.3786 0.2732
vn 0.2445 0.0554 0.9681
vn 0.5707 0.0376 0.8203
vn 0.9417 0.1552 0.2986
vn 0.9223 0.1848 0.3395
vn 0.8996 0.1551 0.4082
vn 0.3549 -0.0432 0.9339
vn 0.0219 0.1167 0.9929
vn 0.0251 0.0418 0.9988
vn 0.0216 0.0323 0.9992
vn 0.8246 0.3589 0.4372
vn 0.1614 -0.4397 0.8835
vn 0.3871 0.0198 0.9218
vn 0.2956 -0.0743 0.9524
vn 0.2425 -0.6382 0.7307
vn -0.0215 -0.1153 0.9931
vn -0.2791 -0.8417 0.4621
vn -0.3552 -0.8211 0.4467
vn -0.3317 -0.7901 0.5155
vn -0.5444 -0.7826 0.3019
vn -0.6260 -0.7251 0.2870
vn -0.6231 -0.7279 0.2862
vn 0.1097 -0.2726 0.9558
vn 0.1920 -0.1382 0.9716
vn -0.0820 0.5561 0.8271
vn -0.0094 0.6702 0.7421
vn 0.1338 0.7255 0.6751
vn -0.5011 0.2076 0.8401
vn -0.7712 -0.1163 0.6259
vn -0.8118 -0.1646 0.5603
vn -0.7723 -0.1279 0.6222
vn -0.7264 -0.0110 0.6871
vn 0.4762 -0.0717 0.8764
vn 0.4740 -0.0724 0.8775
vn 0.4754 -0.0720 0.8768
vn 0.1460 0.3867 0.9106
vn -0.1183 0.7827 0.6110
vn -0.0907 0.7889 0.6078
vn 0.1115 0.8240 0.5555
vn 0.2219 0.7696 0.5988
vn -0.0198 0.9610 0.2758
vn -0.6219 0.2600 0.7387
vn -0.9657 0.0733 0.2490
vn -0.9338 -0.1647 -0.3177
vn -0.3026 -0.2765 -0.9121
vn 0.2462 0.8918 -0.3797
vn 0.9234 0.2958 -0.2446
vn 0.9457 0.2746 -0.1738
vn 0.9446 0.3105 0.1066
vn 0.4356 0.6175 0.6550
vn -0.0456 -0.3103 -0.9496
vn 0.6711 -0.4430 0.5944
vn 0.6730 -0.4462 0.5899
vn 0.9675 -0.0252 0.2515
vn 0.9668 -0.1426 0.2122
vn 0.8620 -0.4667 -0.1978
vn 0.5713 -0.6500 0.5011
vn 0.5665 -0.7016 0.4323
vn 0.5026 -0.6377 0.5838
vn -0.1511 0.3715 0.9160
vn 0.7601 -0.3741 0.5313
vn 0.8899 -0.3468 0.2962
vn 0.8899 -0.3468 0.2963
vn 0.8300 -0.3360 0.4453
vn 0.9074 -0.2535 0.3353
vn 0.1905 0.0714 0.9791
vn 0.6150 -0.1223 0.7790
vn 0.7332 -0.0107 0.6799
vn 0.6902 -0.0544 0.7216
vn 0.9298 -0.2119 0.3010
vn 0.9673 -0.2512 0.0349
vn 0.9494 -0.2214 0.2226
vn 0.4181 0.0231 0.9081
vn 0.9445 -0.1587 0.2877
vn 0.9224 -0.1814 0.3409
vn 0.9436 -0.1301 0.3045
vn 0.9063 -0.0921 0.4124
vn 0.9413 -0.0678 0.3306
vn 0.2392 0.0526 0.9695
vn 0.7311 0.0957 0.6755
vn 0.9322 0.0873 0.3512
vn 0.9259 0.1268 0.3558
vn 0.9005 0.0949 0.4243
vn 0.8853 0.2551 0.3888
vn 0.8897 0.3341 0.3110
vn 0.8640 0.3163 0.3917
vn 0.7346 0.2983 0.6095
vn 0.6335 0.3448 0.6926
vn 0.6367 0.4403 0.6331
vn 0.6742 0.5027 0.5411
vn 0.1762 -0.4342 0.8834
vn 0.3841 0.0037 0.9233
vn 0.4091 -0.0100 0.9125
vn 0.3914 0.2411 0.8881
vn 0.2603 0.4758 0.8402
vn 0.1134 0.3942 0.9120
vn 0.0689 -0.5357 0.8416
vn 0.0260 -0.4369 0.8991
vn -0.0541 -0.4913 0.8693
vn -0.1612 0.8385 0.5206
vn -0.3590 0.7308 0.5805
vn -0.1524 0.2178 0.9640
vn -0.1337 0.1768 0.9751
vn -0.3905 0.9126 0.1214
vn -0.1109 0.1085 0.9879
vn -0.1901 0.2783 0.9415
vn 0.0583 0.6887 0.7227
vn 0.0766 0.7261 0.6833
vn 0.0765 0.7261 0.6833
vn 0.1337 0.7255 0.6751
vn -0.0341 0.7287 0.6840
vn 0.1900 -0.1018 0.9765
vn -0.7462 -0.1171 0.6554
vn -0.2865 0.5513 0.7836
vn 0.8269 -0.5327 0.1803
vn 0.4777 -0.0712 0.8756
vn 0.5947 -0.3969 0.6991
vn 0.5057 -0.3812 0.7739
vn 0.5303 -0.4079 0.7432
vn 0.1359 -0.3435 0.9293
vn 0.0390 0.8565 0.5147
vn -0.0951 0.9109 0.4016
vn -0.7956 -0.3773 -0.4741
vn 0.2320 0.8523 -0.4689
vn 0.6944 0.6219 -0.3619
vn 0.7850 0.4906 -0.3782
vn 0.8313 0.4219 -0.3618
vn 0.9604 0.2727 -0.0580
vn 0.9490 0.3129 0.0390
vn 0.9307 0.3647 -0.0278
vn 0.4278 0.7444 -0.5127
vn 0.4025 0.5647 -0.7204
vn 0.3826 0.2121 -0.8992
vn 0.2905 0.2674 -0.9188
vn 0.1682 -0.0375 -0.9850
vn -0.7256 -0.6859 -0.0555
vn -0.6430 -0.6721 0.3672
vn 0.2050 -0.5983 0.7746
vn 0.4058 -0.5106 0.7580
vn 0.3895 -0.5190 0.7609
vn 0.9619 -0.2477 0.1155
vn 0.9290 -0.3580 0.0936
vn 0.7117 -0.6700 -0.2113
vn 0.5941 -0.8007 -0.0769
vn 0.6434 -0.7521 0.1427
vn 0.0889 -0.0757 0.9932
vn 0.1007 -0.0823 0.9915
vn 0.1493 -0.1334 0.9798
vn -0.1543 0.3674 0.9172
vn 0.3793 -0.6161 0.6903
vn 0.4426 -0.7746 0.4518
vn 0.3995 -0.7989 0.4496
vn 0.3561 -0.8031 0.4777
vn 0.3739 -0.7215 0.5827
vn 0.3065 -0.7684 0.5618
vn 0.6024 -0.4408 0.6654
vn 0.4728 -0.4758 0.7417
vn 0.9374 -0.2793 0.2080
vn 0.9370 -0.2801 0.2087
vn 0.5667 -0.1617 0.8079
vn 0.8454 0.0121 0.5339
vn 0.9323 0.0781 0.3531
vn 0.8741 0.2016 0.4419
vn 0.9138 0.2224 0.3398
vn 0.8428 0.2580 0.4723
vn 0.8810 0.3358 0.3333
vn 0.8383 0.3464 0.4211
vn 0.1753 -0.4292 0.8860
vn 0.0852 0.3395 0.9367
vn 0.2098 0.0173 0.9776
vn -0.1080 0.1764 0.9784
vn -0.1601 0.0352 0.9865
vn -0.1149 0.1551 0.9812
vn -0.1896 0.0569 0.9802
vn -0.2128 0.4204 0.8820
vn -0.2206 0.4363 0.8723
vn -0.2551 0.4988 0.8283
vn -0.2454 0.6524 0.7170
vn -0.1114 0.7966 0.5942
vn -0.1610 0.7421 0.6507
vn -0.2726 0.6715 0.6890
vn -0.9356 -0.1163 0.3334
vn -0.9348 -0.1236 0.3329
vn -0.9228 -0.1362 0.3605
vn -0.2776 0.5758 0.7690
vn -0.2762 0.5832 0.7639
vn -0.1546 0.4294 0.8898
vn -0.0337 0.4703 0.8819
vn -0.0315 0.4862 0.8733
vn -0.0211 0.6062 0.7950
vn 0.5560 0.1788 0.8117
vn 0.6140 0.2161 0.7592
vn 0.4642 0.2057 0.8615
vn 0.7809 -0.1695 0.6013
vn 0.7406 -0.1564 0.6535
vn -0.0549 0.8607 0.5061
vn -0.0808 0.9834 0.1624
vn -0.0358 0.9984 0.0444
vn 0.0073 0.2757 0.9612
vn -0.0180 0.3255 0.9454
vn -0.0873 -0.6707 -0.7366
vn 0.0231 0.9749 -0.2214
vn -0.0570 0.9691 -0.2398
vn 0.1219 0.8985 -0.4217
vn 0.8676 0.3871 -0.3123
vn 0.8941 0.3191 -0.3142
vn 0.9206 0.3387 -0.1945
vn 0.8820 0.3757 -0.2843
vn 0.8149 0.5148 -0.2663
vn 0.7074 0.6837 -0.1792
vn 0.6341 0.6853 -0.3583
vn 0.3008 0.1708 -0.9383
vn -0.4505 -0.4898 -0.7465
vn -0.7244 -0.5908 -0.3553
vn -0.7379 -0.6024 -0.3044
vn -0.6883 -0.6879 0.2301
vn 0.9897 0.0477 0.1347
vn 0.9721 0.1570 0.1741
vn 0.9685 0.0861 0.2338
vn 0.9646 0.0584 0.2572
vn 0.9097 -0.4144 0.0286
vn 0.1633 -0.2514 0.9540
vn -0.1434 0.2810 0.9489
vn 0.3826 -0.8301 0.4057
vn 0.3749 -0.6019 0.7051
vn 0.6835 -0.4018 0.6094
vn 0.8496 -0.1667 0.5005
vn 0.8550 -0.0079 0.5186
vn 0.7838 0.0312 0.6202
vn 0.9052 0.0591 0.4209
vn 0.8730 0.0607 0.4839
vn 0.9207 0.2211 0.3216
vn 0.5684 0.3913 0.7237
vn 0.5645 0.5546 0.6114
vn 0.5181 0.3241 0.7915
vn 0.1716 -0.4034 0.8988
vn 0.1648 -0.4436 0.8809
vn 0.1995 0.5198 0.8307
vn 0.1673 0.3619 0.9171
vn 0.1629 0.0761 0.9837
vn -0.0732 -0.4113 0.9085
vn -0.1954 0.0664 0.9785
vn -0.9090 -0.3619 0.2069
vn -0.5609 0.6855 0.4642
vn -0.7240 -0.4292 0.5400
vn -0.7964 -0.1482 0.5863
vn -0.4292 0.2954 0.8535
vn 0.6257 -0.4133 0.6617
vn 0.4349 -0.4641 0.7717
vn 0.3184 -0.4904 0.8113
vn 0.0364 -0.0845 0.9958
vn 0.1062 0.7656 0.6345
vn -0.1090 0.9940 -0.0019
vn -0.1117 0.9780 -0.1764
vn 0.0232 0.9749 -0.2214
vn 0.3827 0.7768 -0.5000
vn 0.4982 0.7495 -0.4359
vn 0.9572 0.2586 -0.1301
vn 0.9279 0.3547 -0.1151
vn 0.7200 0.5856 -0.3723
vn 0.2304 -0.2829 -0.9310
vn 0.1719 -0.2501 -0.9528
vn 0.0299 -0.4186 -0.9077
vn -0.5261 -0.5490 -0.6495
vn -0.7422 -0.6362 -0.2107
vn 0.1895 -0.6037 0.7743
vn 0.3894 -0.5190 0.7609
vn 0.9815 -0.1570 0.1099
vn 0.9004 -0.4228 -0.1025
vn 0.8221 -0.4693 -0.3225
vn 0.7704 -0.5497 -0.3229
vn 0.5961 -0.7867 -0.1608
vn 0.5451 -0.7976 -0.2584
vn 0.6385 -0.7149 -0.2849
vn -0.7820 -0.2279 0.5802
vn -0.7944 -0.2773 0.5404
vn -0.7584 -0.2338 0.6084
vn 0.5122 -0.1505 0.8456
vn 0.5106 -0.1367 0.8489
vn 0.5131 -0.1589 0.8435
vn 0.9789 -0.2043 -0.0098
vn 0.9756 -0.1007 0.1952
vn 0.9166 -0.3974 0.0439
vn 0.7326 -0.4083 0.5446
vn 0.7333 -0.3934 0.5545
vn 0.7646 -0.4429 0.4682
vn 0.0970 -0.4478 0.8889
vn -0.0248 -0.3997 0.9163
vn -0.0616 -0.3906 0.9185
vn 0.5132 -0.1590 0.8434
vn 0.5143 -0.1698 0.8406
vn 0.9477 0.0672 0.3121
vn 0.8459 0.1392 0.5148
vn 0.9036 0.0270 0.4276
vn 0.7387 -0.5444 0.3973
vn 0.2458 -0.7907 0.5608
vn 0.3066 -0.6791 0.6670
vn 0.2963 -0.6181 0.7281
vn -0.0617 -0.3905 0.9185
vn -0.0248 -0.3996 0.9163
vn -0.1151 -0.3589 0.9263
vn -0.1232 -0.3420 0.9316
vn -0.0961 -0.0609 0.9935
vn -0.0596 -0.0048 0.9982
vn -0.2275 0.0598 0.9719
vn 0.2702 0.0191 0.9626
vn 0.8220 0.2199 0.5254
vn -0.0537 0.2505 0.9666
vn 0.9997 0.0195 0.0159
vn 0.9245 -0.3696 -0.0935
vn 0.7315 -0.6151 0.2942
vn 0.4400 0.4557 0.7738
vn 0.4813 0.3429 0.8067
vn 0.4871 0.4541 0.7460
vn 0.9747 -0.1832 -0.1283
vn 0.9766 0.0911 -0.1948
vn 0.9259 0.0485 -0.3747
vn 0.9434 0.1857 -0.2747
vn 0.8854 -0.0457 -0.4625
vn 0.8734 0.1797 -0.4526
vn 0.8965 0.2443 -0.3697
vn 0.8208 -0.0941 -0.5634
vn 0.8314 0.1661 -0.5303
vn 0.9953 -0.0141 -0.0959
vn 0.9454 -0.1857 -0.2680
vn -0.0226 -0.3305 0.9435
vn 0.1192 -0.2772 0.9534
vn 0.0608 -0.2773 0.9589
vn 0.6591 -0.0414 0.7509
vn 0.7178 -0.1531 0.6792
vn 0.7270 -0.1354 0.6731
vn -0.0896 -0.3935 0.9150
vn -0.0218 0.0836 0.9963
vn 0.2798 0.0315 0.9595
vn 0.1812 0.1513 0.9717
vn 0.7995 -0.2901 0.5259
vn 0.7271 -0.1354 0.6731
vn 0.7996 -0.2901 0.5259
vn 0.8941 -0.2210 0.3896
vn 0.3546 -0.4068 0.8419
vn -0.3870 -0.1563 0.9087
vn -0.3673 -0.0578 0.9283
vn 0.8817 -0.4268 0.2011
vn 0.9771 -0.0398 0.2089
vn -0.1307 -0.4777 0.8687
vn -0.0573 0.2660 0.9623
vn 0.9440 0.0240 0.3290
vn 0.7385 -0.5853 0.3347
vn -0.4878 -0.3819 0.7850
vn -0.4480 -0.4155 0.7916
vn 0.3395 0.4101 0.8465
vn 0.4439 0.4226 0.7901
vn 0.4865 0.5551 0.6747
vn 0.7174 0.4541 0.5283
vn 0.7638 0.2751 0.5838
vn 0.7939 0.2703 0.5447
vn 0.8348 0.3735 -0.4046
vn 0.9968 -0.0527 0.0598
vn 0.9665 -0.2440 -0.0798
vn 0.3926 -0.6517 0.6489
vn -0.4177 -0.1514 0.8959
vn 0.8642 -0.5002 -0.0548
vn 0.2211 -0.8790 0.4225
vn -0.4685 -0.4803 0.7415
vn -0.4507 -0.2873 0.8452
vn -0.5023 -0.3612 0.7856
vn -0.5023 -0.3611 0.7857
vn -0.4506 -0.2873 0.8452
vn -0.4897 -0.1381 0.8609
vn -0.3873 -0.1094 0.9154
vn 0.4444 0.3251 0.8347
vn 0.9463 0.2837 0.1549
vn -0.2156 0.2223 0.9508
vn 0.9091 0.2655 0.3209
vn 0.9505 0.2770 0.1410
vn 0.9805 0.1935 -0.0350
vn 0.7853 0.0705 -0.6151
vn 0.6884 -0.2236 -0.6901
vn 0.7303 -0.2928 -0.6172
vn 0.9056 -0.1782 -0.3849
vn 0.9693 -0.2323 0.0806
vn 0.0079 -0.2631 0.9647
vn 0.9251 -0.3504 -0.1462
vn 0.8016 -0.5974 0.0230
vn 0.5737 -0.8092 0.1265
vn -0.2309 -0.5716 0.7874
vn -0.5032 -0.6023 0.6196
vn 0.9301 -0.3435 0.1299
vn 0.8747 -0.3059 0.3759
vn 0.7939 -0.4242 0.4356
vn -0.0080 -0.1452 0.9894
vn 0.2339 -0.1229 0.9645
vn 0.1490 -0.0301 0.9884
vn 0.4120 -0.0050 0.9112
vn 0.4846 -0.1514 0.8615
vn -0.5080 -0.1761 0.8432
vn -0.4937 -0.3514 0.7954
vn -0.4282 -0.3251 0.8432
vn 0.2202 0.2942 0.9300
vn 0.6881 -0.0863 0.7205
vn -0.1253 -0.4686 0.8745
vn -0.1654 -0.4439 0.8807
vn -0.1005 -0.4857 0.8683
vn -0.1696 -0.4443 0.8797
vn -0.3483 0.0154 0.9372
vn -0.3384 0.0147 0.9409
vn -0.2566 0.0287 0.9661
vn 0.7278 0.0195 0.6855
vn 0.4858 -0.5390 0.6881
vn 0.3479 -0.5488 0.7601
vn 0.4132 -0.6537 0.6340
vn 0.0050 0.2780 0.9606
vn 0.0060 0.2549 0.9670
vn 0.4753 0.2761 0.8354
vn 0.7000 -0.4393 0.5631
vn 0.5668 -0.6132 0.5502
vn -0.0013 -0.5425 0.8400
vn -0.6329 -0.3099 0.7095
vn -0.5162 0.1317 0.8463
vn 0.7919 0.0360 0.6095
vn -0.6968 -0.1195 0.7073
vn -0.0548 0.4421 0.8953
vn 0.8114 -0.1189 0.5723
vn 0.9836 -0.1601 0.0824
vn 0.9742 -0.0385 0.2222
vn -0.5361 -0.2168 0.8159
vn 0.8600 0.4049 0.3107
vn 0.8659 0.3896 0.3137
vn 0.9990 -0.0023 -0.0451
vn 0.8527 0.4061 -0.3288
vn 0.8146 0.3301 -0.4768
vn 0.7263 0.0063 -0.6874
vn 0.8352 -0.2261 -0.5012
vn 0.6432 -0.7473 0.1669
vn 0.0575 -0.8500 0.5236
vn 0.0032 -0.7634 0.6459
vn 0.0122 -0.8247 0.5654
vn -0.0756 -0.6933 0.7166
vn 0.8898 -0.4296 -0.1539
vn 0.6003 -0.7600 0.2491
vn 0.0835 -0.9553 0.2836
vn -0.6023 -0.5728 0.5560
vn -0.4409 -0.2669 0.8569
vn 0.9346 -0.3539 -0.0362
vn 0.9836 -0.1602 0.0824
vn 0.4421 0.4408 0.7812
vn -0.2276 0.0599 0.9719
vn -0.2060 0.3547 0.9120
vn -0.0537 0.2506 0.9666
vn 0.3000 0.6491 0.6991
vn -0.4201 -0.0634 0.9053
vn 0.4694 0.3543 0.8088
vn -0.3378 0.1866 0.9225
vn 0.9240 0.3650 -0.1141
vn 0.8968 0.3984 -0.1924
vn 0.8870 -0.4283 -0.1727
vn 0.8567 -0.5147 -0.0335
vn 0.5990 -0.6789 0.4245
vn 0.5574 -0.7731 0.3027
vn -0.4707 -0.5984 0.6483
vn -0.4679 -0.6172 0.6325
vn -0.3590 -0.6072 0.7088
vn -0.1746 -0.7949 0.5811
vn -0.1730 -0.7931 0.5840
vn -0.1770 -0.7978 0.5763
vn -0.4178 -0.6907 0.5902
vn -0.1310 -0.9033 0.4085
vn -0.3962 -0.2410 0.8860
vn 0.8737 -0.4842 -0.0476
vn 0.5052 -0.7780 0.3735
vn 0.5739 -0.7638 0.2954
vn -0.4492 -0.6849 0.5737
vn -0.4640 -0.6684 0.5813
vn -0.5687 -0.6179 0.5429
vn -0.5565 -0.5978 0.5770
vn -0.6240 -0.6184 0.4777
vn 0.6360 0.4454 0.6302
vn 0.8022 0.1298 0.5827
vn 0.7942 0.1514 0.5884
vn -0.0888 -0.6040 0.7920
vn -0.4148 0.1317 0.9003
vn 0.7744 0.5549 0.3041
vn 0.9289 0.3670 0.0503
vn 0.8435 -0.3268 -0.4264
vn 0.7575 -0.6493 0.0682
vn 0.0766 -0.9058 0.4167
vn -0.2341 -0.7306 0.6414
vn 0.5738 -0.8166 -0.0633
vn 0.4936 -0.8596 -0.1321
vn 0.3151 -0.9443 0.0951
vn -0.1746 -0.7949 0.5810
vn -0.1786 -0.7997 0.5733
vn -0.6023 -0.5729 0.5560
vn -0.6061 -0.6420 0.4696
vn -0.6126 -0.6443 0.4577
vn -0.0541 -0.2375 0.9699
vn 0.2061 -0.5196 0.8291
vn -0.1094 -0.4842 0.8681
vn -0.1008 -0.4921 0.8647
vn -0.0950 -0.4973 0.8624
vn 0.2623 -0.0934 0.9604
vn 0.3509 -0.1935 0.9162
vn 0.3471 -0.1543 0.9251
vn 0.4054 -0.3195 0.8565
vn 0.4037 -0.2492 0.8803
vn -0.3660 -0.0662 0.9282
vn -0.2686 -0.0228 0.9630
vn -0.5305 0.0077 0.8477
vn -0.2099 0.3261 0.9218
vn 0.0373 0.2821 0.9586
vn -0.0668 0.4452 0.8930
vn 0.2077 0.4221 0.8824
vn 0.3378 0.3198 0.8852
vn 0.6080 -0.4765 0.6350
vn 0.5610 -0.5458 0.6224
vn 0.6242 -0.4662 0.6269
vn 0.4019 -0.6577 0.6371
vn -0.4044 -0.5242 0.7495
vn -0.4546 -0.4772 0.7521
vn -0.5086 -0.5821 0.6345
vn -0.6129 -0.2178 0.7595
vn 0.0764 -0.7880 0.6110
vn 0.3243 -0.7329 0.5981
vn 0.3243 -0.7329 0.5980
vn 0.0763 -0.7880 0.6110
vn -0.0390 -0.8858 0.4624
vn -0.1839 -0.7958 0.5769
vn -0.2511 0.5142 0.8201
vn 0.6477 0.0498 0.7603
vn 0.7339 -0.0248 0.6788
vn 0.7092 0.0366 0.7041
vn 0.7566 0.0115 0.6538
vn 0.7822 -0.1922 0.5926
vn 0.7798 -0.0960 0.6187
vn -0.3367 0.3543 0.8724
vn -0.3471 0.4590 0.8178
vn 0.9411 -0.1197 0.3161
vn 0.9104 -0.1659 0.3790
vn 0.0474 0.4596 0.8869
vn -0.0964 0.4621 0.8816
vn 0.9871 0.1530 0.0481
vn 0.7683 0.4874 -0.4149
vn 0.5627 -0.5315 -0.6331
vn 0.7086 -0.4941 -0.5037
vn 0.7608 -0.4910 -0.4243
vn 0.7876 -0.5157 -0.3371
vn 0.8824 -0.3522 -0.3121
vn 0.1116 -0.9227 0.3689
vn -0.4326 -0.6909 0.5793
vn 0.6137 -0.7860 -0.0741
vn 0.6898 -0.7022 0.1763
vn 0.6743 -0.7200 0.1639
vn 0.7124 -0.6933 0.1084
vn -0.3250 -0.9024 0.2830
vn -0.2863 -0.8951 0.3416
vn -0.3749 -0.8440 0.3836
vn 0.7548 -0.6434 0.1278
vn 0.8974 -0.3575 0.2585
vn 0.7685 -0.5745 0.2816
vn -0.3631 -0.8278 0.4277
vn 0.4564 0.4826 0.7475
vn 0.6046 0.3442 0.7183
vn 0.9010 -0.4072 0.1500
vn 0.9439 -0.2090 0.2556
vn -0.6921 0.1364 0.7088
vn 0.2258 0.5963 0.7703
vn -0.5289 0.0535 0.8470
vn 0.1872 0.6741 0.7145
vn 0.6428 0.6161 0.4553
vn 0.6443 0.6141 0.4559
vn -0.2083 0.3043 0.9295
vn 0.5408 0.6819 0.4926
vn 0.7238 0.3474 -0.5961
vn 0.7043 0.2384 -0.6686
vn 0.6451 -0.0872 -0.7591
vn 0.5869 -0.3347 -0.7372
vn 0.4681 -0.8605 0.2008
vn 0.3758 -0.8773 0.2984
vn 0.4833 -0.8383 0.2522
vn 0.4609 -0.8478 0.2624
vn 0.6727 -0.7087 -0.2128
vn 0.6922 -0.6881 -0.2178
vn 0.6724 -0.7134 -0.1974
vn 0.9117 -0.3882 -0.1344
vn 0.0161 -0.9954 0.0946
vn -0.1874 -0.9313 0.3124
vn -0.1714 -0.9648 0.1994
vn 0.7845 -0.6110 -0.1060
vn 0.1803 -0.9677 0.1762
vn 0.0885 -0.9471 0.3084
vn -0.0432 -0.9730 0.2269
vn 0.0153 -0.9398 0.3415
vn -0.4764 -0.8186 0.3208
vn -0.6110 -0.6357 0.4717
vn -0.4843 -0.7031 0.5207
vn 0.7964 -0.6047 0.0045
vn -0.7120 0.1469 0.6867
vn -0.6321 0.2971 0.7157
vn -0.7679 -0.1059 0.6317
vn 0.5392 0.5760 0.6144
vn 0.9455 0.2084 0.2503
vn 0.9744 0.1431 0.1733
vn -0.1180 -0.0335 0.9925
vn 0.5311 0.7191 0.4482
vn 0.6532 0.1429 0.7436
vn 0.6497 0.1431 0.7466
vn 0.6438 0.2394 0.7268
vn 0.6439 0.2394 0.7267
vn 0.6243 0.1748 0.7614
vn 0.7739 0.5620 0.2919
vn 0.7653 0.5546 -0.3267
vn 0.6275 -0.5197 -0.5798
vn 0.8010 -0.5885 -0.1096
vn 0.7379 -0.6744 0.0259
vn 0.5603 -0.8218 0.1035
vn 0.1627 -0.9854 -0.0510
vn -0.3040 -0.9232 0.2350
vn -0.1517 -0.9813 0.1186
vn -0.5686 -0.6540 0.4990
vn -0.1526 -0.9639 0.2182
vn -0.1337 0.6710 0.7293
vn 0.1519 0.6361 0.7565
vn -0.6409 0.2707 0.7183
vn 0.9571 0.1389 0.2542
vn 0.9559 0.1421 0.2569
vn 0.9251 0.3680 0.0936
vn 0.1121 0.5467 0.8298
vn 0.1101 0.5441 0.8317
vn 0.1004 0.5313 0.8412
vn 0.8272 0.5388 0.1596
vn 0.7988 0.5545 -0.2333
vn 0.5848 -0.7991 -0.1397
vn 0.9433 -0.1671 0.2870
vn 0.9303 -0.2173 0.2956
vn -0.0713 0.6245 0.7777
vn -0.4269 0.2289 0.8749
vn -0.3835 0.2701 0.8832
vn 0.2493 0.7507 0.6118
vn 0.9967 0.0149 0.0801
vn -0.1795 0.3169 0.9313
vn 0.8313 0.5556 0.0151
vn 0.4699 -0.5645 -0.6786
vn 0.7140 -0.6687 -0.2076
vn 0.6945 -0.6816 -0.2304
vn -0.2707 -0.8866 0.3750
vn -0.2068 -0.9472 0.2452
vn -0.1302 -0.9672 0.2181
vn -0.4041 -0.7021 0.5862
vn 0.6656 -0.7161 -0.2103
vn -0.6574 -0.6634 0.3573
vn 0.6137 -0.7861 -0.0741
vn 0.3159 -0.9467 0.0631
vn 0.2093 -0.9778 0.0022
vn -0.5700 -0.7581 0.3169
vn 0.7524 -0.6575 0.0396
vn 0.4673 -0.8474 0.2521
vn 0.2217 -0.9386 0.2644
vn 0.4622 -0.8808 0.1028
vn 0.1811 -0.9786 0.0979
vn 0.0389 -0.9871 0.1550
vn -0.7299 -0.3949 0.5579
vn 0.9242 0.0465 0.3791
vn 0.9185 0.0568 0.3914
vn 0.9173 0.0587 0.3938
vn 0.9094 0.0722 0.4097
vn 0.8002 0.5958 -0.0687
vn 0.6928 0.6482 -0.3160
vn 0.7231 0.4676 -0.5084
vn 0.6492 0.1558 -0.7445
vn 0.5464 -0.2044 -0.8122
vn 0.4537 -0.3596 -0.8154
vn 0.4774 -0.7382 -0.4766
vn 0.2442 -0.9693 0.0292
vn 0.1208 -0.9903 0.0684
vn 0.2138 -0.9768 -0.0127
vn 0.0509 -0.9979 0.0412
vn 0.3579 -0.8824 0.3054
vn -0.1682 -0.9322 0.3205
vn 0.3009 -0.9520 -0.0560
vn 0.5847 -0.7991 -0.1397
vn -0.4484 -0.8704 0.2035
vn -0.7646 -0.1395 0.6293
vn -0.7731 0.2472 0.5842
vn 0.7086 0.4171 0.5692
vn 0.8095 0.2983 0.5056
vn -0.0791 0.3950 0.9153
vn 0.5984 0.7188 0.3538
vn 0.3744 0.6933 0.6158
vn 0.6230 0.7223 0.3003
vn 0.5816 0.0284 -0.8130
vn 0.6249 -0.6558 -0.4235
vn 0.6608 -0.6871 -0.3021
vn 0.3438 -0.9383 0.0367
vn 0.4464 -0.8929 0.0592
vn 0.3957 -0.9166 -0.0573
vn -0.0648 -0.9974 0.0322
vn -0.2076 -0.9705 0.1226
vn -0.6628 0.4777 0.5766
vn -0.4301 0.6418 0.6349
vn 0.8480 0.3340 0.4114
vn 0.8786 0.2808 0.3862
vn -0.7430 -0.0529 0.6672
vn 0.8777 0.3591 0.3173
vn 0.8457 0.4374 0.3057
vn 0.3447 0.2373 0.9082
vn 0.3310 0.2418 0.9121
vn 0.4328 0.2062 0.8776
vn 0.9357 0.2968 0.1906
vn 0.5139 0.3747 0.7717
vn 0.0984 0.5286 0.8431
vn 0.6947 0.7107 -0.1109
vn 0.6655 0.6085 -0.4322
vn 0.3186 -0.5512 -0.7711
vn 0.4460 -0.7133 -0.5407
vn 0.4259 -0.8167 -0.3894
vn 0.6763 -0.6446 -0.3564
vn 0.2948 -0.9491 -0.1110
vn 0.4345 -0.8915 -0.1284
vn 0.3408 -0.9371 -0.0754
vn 0.4710 -0.8796 -0.0669
vn 0.3497 -0.9368 -0.0136
vn 0.2063 -0.9780 -0.0295
vn 0.1272 -0.9391 0.3192
vn -0.0103 -0.9991 0.0406
vn -0.3844 -0.9039 0.1874
vn 0.7077 -0.7051 0.0441
vn -0.2455 0.6440 0.7245
vn 0.1074 0.7275 0.6777
vn 0.6421 0.4995 0.5816
vn 0.4461 0.2012 0.8721
vn -0.0503 0.4972 0.8662
vn 0.7329 0.6126 0.2960
vn 0.9385 0.2071 0.2761
vn 0.3732 0.6931 0.6167
vn 0.7062 0.6877 0.1685
vn 0.6604 0.7229 -0.2031
vn 0.5450 0.2134 -0.8108
vn 0.1859 -0.7556 -0.6281
vn 0.3247 -0.7803 -0.5344
vn 0.3598 -0.8412 -0.4036
vn -0.0037 -0.9981 0.0623
vn -0.4406 -0.6992 0.5630
vn 0.0588 -0.9908 0.1216
vn -0.1284 -0.9837 0.1256
vn -0.0118 -0.9995 0.0298
vn -0.1829 -0.9766 0.1128
vn -0.4598 -0.8323 0.3096
vn -0.6797 -0.5671 0.4652
vn 0.0843 0.7462 0.6604
vn 0.4355 0.5826 0.6862
vn -0.7405 -0.0669 0.6687
vn -0.6714 0.2495 0.6979
vn -0.4091 0.5433 0.7332
vn 0.4027 0.6787 0.6141
vn 0.9291 0.2506 0.2721
vn 0.0476 0.0936 0.9945
vn 0.8599 0.4672 0.2057
vn 0.5325 0.7453 0.4012
vn 0.6316 0.5106 -0.5834
vn 0.6015 0.3796 -0.7029
vn 0.4700 -0.0731 -0.8797
vn 0.3232 -0.2599 -0.9100
vn 0.2029 -0.9743 -0.0974
vn 0.3065 -0.9388 -0.1574
vn 0.0975 -0.9950 -0.0197
vn 0.1087 -0.9554 0.2745
vn 0.1389 -0.9441 0.2988
vn 0.1356 -0.9455 0.2962
vn -0.8510 -0.0517 0.5226
vn 0.8043 0.1622 0.5716
vn 0.7832 0.1126 0.6114
vn 0.7189 0.1968 0.6667
vn 0.6696 0.7417 0.0396
vn 0.6123 0.7152 -0.3372
vn 0.1613 -0.4963 -0.8530
vn -0.0026 -0.6766 -0.7363
vn 0.1575 -0.9245 -0.3471
vn 0.1266 -0.9847 -0.1197
vn 0.1979 -0.9722 -0.1252
vn 0.0890 -0.9939 -0.0645
vn 0.0855 -0.9960 -0.0271
vn 0.0226 -0.9997 0.0045
vn 0.6961 -0.7168 0.0405
vn 0.0642 -0.9978 -0.0139
vn 0.8926 0.2244 0.3910
vn -0.6379 0.2399 0.7318
vn 0.7442 0.4827 0.4617
vn -0.0481 0.4073 0.9120
vn 0.0554 0.3817 0.9226
vn 0.4374 0.3943 0.8082
vn 0.4187 0.3951 0.8176
vn 0.0481 -0.9107 -0.4102
vn 0.1643 -0.9591 -0.2305
vn 0.0927 -0.9868 -0.1327
vn 0.1547 -0.9690 -0.1927
vn 0.1810 -0.9833 0.0173
vn -0.7987 0.3759 0.4698
vn 0.8963 0.1864 0.4023
vn -0.1007 0.2707 0.9574
vn -0.1053 0.2709 0.9568
vn 0.1342 0.2279 0.9644
vn -0.4922 0.4923 0.7179
vn -0.3172 0.6123 0.7242
vn -0.0185 0.5014 0.8650
vn 0.9384 0.1563 0.3081
vn 0.6372 0.5383 0.5516
vn 0.5989 0.5136 0.6145
vn 0.5879 0.5113 0.6268
vn 0.5631 0.7837 -0.2621
vn 0.5680 0.6965 -0.4385
vn 0.4764 0.3748 -0.7954
vn 0.4089 0.2118 -0.8876
vn -0.0691 -0.7977 -0.5990
vn 0.0072 -1.0000 0.0012
vn 0.1683 -0.9316 0.3221
vn -0.0653 -0.9977 0.0198
vn -0.3416 -0.9307 0.1306
vn -0.0669 0.7809 0.6211
vn 0.0249 0.2574 0.9660
vn -0.5841 0.2191 0.7816
vn 0.3036 0.7487 0.5892
vn 0.7354 0.5686 0.3686
vn 0.7479 0.4414 0.4958
vn 0.5458 0.6186 -0.5651
vn 0.5043 0.5226 -0.6874
vn -0.2843 0.7767 0.5620
vn 0.7050 0.2547 0.6619
vn 0.4309 0.8416 -0.3258
vn 0.0461 -0.3898 -0.9197
vn 0.0313 -0.9931 -0.1128
vn -0.6575 -0.6839 0.3162
vn -0.5561 0.6666 0.4964
vn 0.4587 0.5654 0.6856
vn 0.7296 0.4606 0.5056
vn -0.1444 0.7426 0.6539
vn 0.2991 0.6111 0.7328
vn 0.1647 0.7427 0.6490
vn 0.1865 0.7000 0.6893
vn 0.5107 0.8421 -0.1734
vn 0.3973 0.5358 -0.7450
vn 0.3581 0.0443 -0.9326
vn -0.1393 -0.7023 -0.6982
vn -0.5083 -0.8410 0.1852
vn -0.7426 0.5282 0.4116
vn 0.5982 0.4850 0.6380
vn 0.4390 0.7976 0.4136
vn 0.5645 0.7380 0.3697
vn 0.5955 0.7817 0.1854
vn 0.5223 0.8516 -0.0442
vn 0.1185 -0.1811 -0.9763
vn -0.1209 -0.4753 -0.8715
vn -0.2622 -0.7093 -0.6543
vn -0.0957 -0.9696 -0.2252
vn -0.0387 -0.9899 -0.1362
vn -0.0907 -0.9894 -0.1135
vn -0.0318 -0.9749 -0.2203
vn -0.1741 -0.9844 0.0272
vn -0.8406 -0.3664 0.3990
vn -0.8811 0.1516 0.4479
vn -0.4607 0.4978 0.7348
vn 0.2895 0.7605 0.5812
vn 0.4668 0.2787 0.8393
vn 0.2056 -0.0782 -0.9755
vn -0.1040 -0.2894 -0.9515
vn -0.2767 -0.5290 -0.8022
vn -0.0772 -0.9969 -0.0127
vn -0.2157 -0.9749 0.0557
vn 0.1343 0.2279 0.9644
vn 0.1585 0.2216 0.9622
vn -0.0032 0.7961 0.6051
vn 0.1371 0.8149 0.5631
vn 0.3960 0.5673 0.7220
vn 0.3536 0.7752 0.5234
vn 0.4542 0.7683 -0.4510
vn 0.3224 0.4089 -0.8537
vn -0.5443 -0.8233 0.1607
vn 0.2165 0.6175 0.7562
vn 0.0810 0.7420 0.6655
vn -0.3138 0.3062 0.8988
vn -0.1511 0.7116 0.6862
vn 0.3961 0.5673 0.7220
vn 0.3487 0.7172 0.6034
vn 0.5842 0.5059 0.6347
vn 0.5481 0.8269 0.1254
vn 0.4249 0.6863 -0.5904
vn -0.0342 -0.1604 -0.9865
vn -0.4648 -0.4937 -0.7350
vn -0.7986 -0.5201 0.3029
vn -0.9157 -0.0958 0.3904
vn -0.4564 0.7692 0.4473
vn 0.2992 0.6111 0.7328
vn 0.4469 0.8922 0.0652
vn 0.3723 0.9038 -0.2109
vn 0.3227 0.6839 -0.6543
vn 0.2079 0.1359 -0.9687
vn -0.4671 -0.3465 -0.8134
vn -0.3018 -0.8673 -0.3958
vn -0.3130 -0.8641 -0.3941
vn -0.3066 -0.8660 -0.3951
vn -0.5417 -0.8286 0.1415
vn -0.8612 -0.4197 0.2866
vn -0.6497 0.6605 0.3763
vn 0.0364 0.6027 0.7972
vn 0.2808 0.4860 0.8276
vn 0.2618 0.8173 0.5134
vn 0.5104 0.8163 0.2705
vn 0.3744 0.9228 -0.0907
vn 0.2794 0.5843 -0.7619
vn -0.2761 -0.1973 -0.9407
vn -0.2358 -0.9718 -0.0000
vn -0.4499 -0.8894 0.0809
vn -0.8690 0.3085 0.3868
vn 0.4251 0.8889 0.1708
vn 0.3098 0.8448 -0.4363
vn -0.1426 -0.9863 -0.0830
vn -0.5604 -0.8184 0.1272
vn -0.8391 -0.4954 0.2244
vn -0.9389 -0.1476 0.3110
vn -0.1096 0.8334 0.5417
vn -0.0606 0.6787 0.7319
vn 0.2845 0.8532 0.4371
vn 0.2962 0.9551 0.0045
vn 0.1772 0.3302 -0.9271
vn 0.0261 0.0381 -0.9989
vn -0.1363 -0.0035 -0.9907
vn -0.3178 -0.8627 -0.3933
vn -0.4546 -0.8901 0.0310
vn -0.9069 -0.3442 0.2428
vn 0.4274 0.8492 0.3102
vn 0.2992 0.7793 -0.5506
vn 0.2108 0.6592 -0.7218
vn -0.5069 -0.1147 -0.8543
vn -0.6526 -0.3280 -0.6831
vn -0.5532 -0.6552 -0.5146
vn -0.5304 -0.6735 -0.5148
vn -0.6216 -0.5985 -0.5054
vn -0.6836 -0.7241 0.0917
vn -0.9311 0.1341 0.3391
vn -0.8731 0.3563 0.3330
vn -0.2295 0.8361 0.4982
vn 0.3145 0.8827 0.3493
vn 0.2189 0.9671 -0.1293
vn 0.2142 0.9392 -0.2682
vn 0.1773 0.5262 -0.8316
vn -0.2874 -0.9420 -0.1734
vn -0.4778 -0.8778 -0.0340
vn -0.8748 -0.4485 0.1833
vn -0.0284 0.8574 0.5139
vn 0.2489 0.9623 0.1096
vn 0.0057 0.2180 -0.9759
vn -0.3866 0.0135 -0.9222
vn -0.6594 -0.1881 -0.7278
vn -0.4001 -0.9093 -0.1144
vn -0.7197 -0.6942 0.0033
vn 0.2813 0.9405 0.1907
vn 0.2878 0.9239 0.2521
vn -0.1258 0.2320 -0.9645
vn -0.2422 0.1290 -0.9616
vn -0.5865 0.1186 -0.8012
vn -0.8814 -0.4637 0.0901
vn -0.9214 -0.3573 0.1526
vn 0.0982 0.9114 0.3997
vn 0.1751 0.9842 -0.0272
vn 0.1701 0.7662 -0.6197
vn -0.4090 0.2284 -0.8835
vn -0.7363 0.0053 -0.6766
vn -0.7688 -0.4143 -0.4871
vn -0.5728 -0.8152 -0.0857
vn -0.9640 -0.1620 0.2109
vn -0.9599 0.0250 0.2793
vn -0.8047 0.5024 0.3163
vn -0.5799 0.7394 0.3422
vn 0.1086 0.9911 0.0774
vn 0.0802 0.9916 -0.1010
vn 0.0767 0.9754 -0.2068
vn 0.1338 0.6750 -0.7256
vn 0.0529 0.4023 -0.9140
vn -0.4982 -0.8382 -0.2221
vn -0.5597 -0.8006 -0.2139
vn -0.8681 -0.4870 -0.0966
vn -0.8468 -0.5319 -0.0038
vn -0.9579 -0.2806 0.0605
vn -0.3925 0.8284 0.3997
vn 0.1172 0.9742 0.1927
vn 0.1806 0.9091 -0.3755
vn 0.1961 0.8566 -0.4772
vn -0.8146 -0.1216 -0.5671
vn -0.7283 -0.5406 -0.4211
vn -0.9542 -0.2903 -0.0717
vn -0.9853 -0.1072 0.1327
vn 0.1618 0.9374 0.3084
vn -0.0072 0.5079 -0.8614
vn -0.1100 0.4034 -0.9084
vn -0.2251 0.8758 0.4270
vn -0.0822 0.9107 0.4049
vn 0.0185 0.9997 0.0128
vn 0.0128 0.9891 -0.1466
vn 0.1117 0.9339 -0.3397
vn -0.2649 0.3915 -0.8812
vn -0.7432 0.1797 -0.6445
vn -0.8814 -0.3420 -0.3258
vn -0.9627 -0.2704 0.0080
vn -0.9908 -0.1346 -0.0173
vn -0.9770 0.0641 0.2032
vn -0.7414 0.6065 0.2873
vn -0.0206 0.9995 -0.0251
vn 0.5485 0.8318 -0.0846
vn 0.5244 0.8463 -0.0931
vn 0.5452 0.8339 -0.0858
vn -0.0087 0.6780 -0.7350
vn -0.8803 -0.4355 -0.1882
vn -0.9345 -0.2655 -0.2372
vn -0.9343 0.2419 0.2618
vn -0.4403 0.8399 0.3172
vn 0.6278 -0.7742 -0.0798
vn 0.6100 -0.7909 -0.0489
vn 0.6233 -0.7786 -0.0719
vn -0.0078 0.9913 -0.1311
vn 0.0652 0.9671 -0.2460
vn 0.1054 0.8698 -0.4821
vn -0.6182 0.3023 -0.7255
vn -0.9948 0.0410 0.0933
vn -0.1841 0.9237 0.3360
vn 0.0011 0.9612 0.2759
vn -0.0099 0.9924 0.1225
vn 0.5205 0.8486 -0.0945
vn 0.0128 0.9891 -0.1465
vn -0.0081 0.9861 -0.1660
vn -0.1501 0.5349 -0.8315
vn -0.4289 0.4054 -0.8073
vn -0.9041 -0.1654 -0.3940
vn -0.9756 -0.0360 -0.2166
vn -0.9903 0.0238 -0.1370
vn 0.9750 0.0931 0.2017
vn 0.5169 0.3053 -0.7998
vn -0.1200 0.6950 -0.7089
vn -0.8649 0.1786 -0.4690
vn -0.9954 0.0959 -0.0055
vn -0.0410 0.9962 0.0767
vn 0.5459 -0.8371 0.0369
vn 0.6174 -0.7842 0.0622
vn 0.5354 -0.8445 0.0145
vn 0.6038 -0.7962 -0.0384
vn 0.0054 0.8248 -0.5654
vn -0.5886 0.4091 -0.6973
vn -0.7744 0.2770 -0.5689
vn -0.9606 0.2211 0.1686
vn -0.8789 0.4078 0.2474
vn -0.0687 0.9796 0.1888
vn 0.5096 -0.8595 0.0400
vn 0.5732 -0.8144 0.0902
vn 0.6174 -0.7486 0.2419
vn 0.3384 -0.8387 0.4266
vn 0.2969 -0.8196 0.4900
vn 0.2694 -0.8500 0.4526
vn 0.3018 -0.7119 0.6341
vn 0.3741 -0.6624 0.6491
vn 0.7774 -0.2812 0.5626
vn 0.1792 -0.4293 0.8852
vn 0.1953 0.2926 0.9361
vn -0.0742 0.8171 0.5717
vn -0.1088 0.6193 0.7776
vn -0.7086 -0.0280 0.7050
vn -0.0969 -0.1209 0.9879
vn -0.1837 0.0209 0.9828
vn -0.3110 0.1773 0.9337
vn -0.1501 0.6478 0.7469
vn -0.0207 0.7845 0.6198
vn -0.4858 -0.3727 0.7906
vn -0.5694 -0.3475 0.7450
vn -0.4633 -0.2867 0.8386
vn -0.4984 -0.1621 0.8517
vn -0.4967 -0.1864 0.8476
vn -0.2246 0.4008 0.8882
vn -0.0150 0.5572 0.8302
vn 0.7684 -0.1081 0.6307
vn 0.4235 0.2181 0.8792
vn 0.3152 -0.4492 0.8360
vn 0.2080 -0.5245 0.8256
vn 0.1096 -0.4387 0.8919
vn 0.1186 -0.4293 0.8953
vn 0.1870 0.2990 0.9358
vn -0.0000 0.7661 0.6427
vn -0.1998 0.9323 0.3016
vn -0.1425 0.9885 -0.0508
vn -0.3313 0.7514 0.5707
vn -0.7964 0.5859 -0.1501
vn 0.6949 0.5691 -0.4395
vn 0.8622 0.3418 -0.3738
vn 0.9041 0.2662 -0.3344
vn 0.9285 0.2525 -0.2722
vn 0.6331 0.5876 -0.5039
vn 0.4324 0.5538 -0.7116
vn 0.3046 0.7455 -0.5928
vn 0.2951 0.7742 -0.5600
vn 0.1535 -0.2871 -0.9455
vn -0.1063 -0.4691 -0.8767
vn 0.0243 -0.5691 -0.8219
vn -0.7149 -0.6956 0.0713
vn 0.6558 -0.6893 0.3080
vn 0.4692 -0.6348 0.6139
vn 0.2461 -0.7735 0.5841
vn 0.9954 0.0937 0.0215
vn 0.9989 0.0401 -0.0253
vn 0.9916 0.1058 0.0740
vn 0.9864 0.0972 0.1326
vn 0.9854 -0.0259 0.1681
vn 0.9869 -0.1613 -0.0021
vn 0.9333 -0.3521 -0.0704
vn 0.8767 -0.4066 -0.2569
vn 0.9208 0.3333 -0.2024
vn 0.0627 0.9529 -0.2968
vn -0.9194 0.0502 -0.3901
vn -0.1268 0.9571 0.2605
vn -0.0596 0.9914 0.1163
vn 0.9132 0.3669 0.1774
vn 0.8939 0.4066 0.1886
vn 0.8927 0.4093 0.1886
vn 0.6147 -0.7785 0.1268
vn 0.6022 -0.7807 0.1669
vn 0.5026 -0.6376 0.5838
vn 0.4836 -0.7492 0.4527
vn 0.1757 -0.3042 0.9363
vn 0.3723 -0.6551 0.6575
vn 0.8343 0.1174 0.5386
vn 0.6731 0.2889 0.6808
vn 0.5894 0.2711 0.7610
vn 0.5103 0.3385 0.7906
vn 0.5343 0.6243 0.5699
vn 0.1662 -0.4579 0.8733
vn -0.1577 -0.4170 0.8951
vn -0.2592 -0.1837 0.9482
vn -0.2826 -0.3541 0.8915
vn -0.3230 0.5030 0.8017
vn -0.3248 0.6760 0.6615
vn -0.4390 0.6769 0.5908
vn -0.1301 0.1286 0.9831
vn -0.0216 -0.2095 0.9776
vn -0.2750 0.3805 0.8830
vn -0.2220 0.5531 0.8030
vn 0.0854 0.7485 0.6576
vn -0.2866 -0.3504 0.8916
vn 0.0818 0.5982 0.7971
vn 0.2018 0.5008 0.8417
vn 0.4396 -0.1391 0.8874
vn 0.4208 -0.1166 0.8996
vn 0.3141 0.0043 0.9494
vn 0.2935 0.0266 0.9556
vn 0.2344 -0.2755 0.9323
vn 0.1736 -0.0956 0.9802
vn 0.1791 -0.1112 0.9775
vn 0.0832 -0.4166 0.9053
vn 0.1440 -0.1608 0.9764
vn -0.1869 0.9818 -0.0335
vn -0.2115 0.9659 -0.1496
vn -0.0377 0.9358 -0.3505
vn 0.2867 0.7881 -0.5447
vn 0.5318 0.6791 -0.5060
vn 0.3115 -0.3488 -0.8839
vn 0.0613 -0.6422 -0.7641
vn 0.2951 -0.4208 -0.8578
vn 0.3317 -0.4319 -0.8387
vn 0.2753 -0.4146 -0.8674
vn -0.4403 -0.5687 -0.6947
vn -0.4403 -0.5688 -0.6947
vn 0.9541 -0.2995 -0.0015
vn 0.9191 -0.3540 -0.1732
vn 0.8553 -0.3661 -0.3666
vn 0.6989 -0.6328 -0.3333
vn 0.4773 -0.8780 -0.0343
vn 0.7358 -0.6616 -0.1449
vn 0.8484 -0.4825 -0.2178
vn 0.8320 -0.5153 -0.2056
vn 0.7519 0.4294 -0.5002
vn 0.8405 -0.4781 -0.2550
vn 0.8975 -0.3535 -0.2636
vn 0.8529 -0.3727 -0.3656
vn 0.0582 0.9197 -0.3883
vn -0.3587 0.5377 -0.7631
vn -0.9178 0.3572 0.1733
vn -0.3080 0.9022 0.3020
vn 0.0215 0.9849 0.1716
vn 0.9132 0.3670 0.1774
vn 0.8368 0.5149 0.1863
vn 0.5181 -0.7869 0.3352
vn 0.1709 -0.3729 0.9120
vn -0.1544 0.3674 0.9172
vn -0.1229 0.2625 0.9571
vn -0.1168 0.2655 0.9570
vn -0.1454 0.3007 0.9426
vn -0.1157 0.2764 0.9540
vn 0.2231 -0.8320 0.5079
vn 0.1818 -0.7993 0.5727
vn 0.7267 -0.2941 0.6208
vn 0.8342 -0.2115 0.5093
vn 0.8199 -0.0815 0.5667
vn 0.4690 0.7031 0.5346
vn 0.4381 0.6712 0.5979
vn 0.4436 0.7265 0.5248
vn 0.3712 0.6972 0.6133
vn 0.1496 -0.4981 0.8541
vn 0.1265 -0.5229 0.8430
vn 0.3102 -0.0106 0.9506
vn 0.2893 -0.0168 0.9571
vn 0.2644 0.1618 0.9507
vn 0.2553 0.0998 0.9617
vn 0.2267 0.0666 0.9717
vn 0.2401 0.2092 0.9479
vn 0.2073 0.0453 0.9772
vn 0.2500 0.0171 0.9681
vn 0.2276 -0.1995 0.9531
vn 0.0645 0.5439 0.8367
vn -0.3333 -0.3208 0.8865
vn -0.9121 -0.0434 0.4077
vn -0.9190 -0.0995 0.3815
vn -0.4675 0.7729 0.4290
vn -0.2714 0.5715 0.7744
vn -0.2892 0.9094 0.2988
vn -0.0710 -0.1888 0.9794
vn -0.2735 -0.0435 0.9609
vn -0.3112 0.6454 0.6976
vn -0.1765 0.7222 0.6687
vn -0.3649 -0.2714 0.8906
vn 0.2013 0.5014 0.8415
vn 0.1464 0.3776 0.9143
vn 0.0819 0.5982 0.7972
vn 0.1613 0.2370 0.9580
vn 0.1772 0.7079 0.6838
vn -0.1348 0.8335 0.5358
vn -0.1895 0.9797 0.0647
vn -0.1434 0.9821 -0.1222
vn -0.1715 0.9438 -0.2824
vn 0.5844 0.6042 -0.5416
vn 0.7099 0.5109 -0.4848
vn 0.7854 0.4273 -0.4478
vn 0.8225 0.3576 -0.4422
vn 0.8518 0.3015 -0.4283
vn 0.9462 0.2528 -0.2019
vn 0.4375 0.5598 -0.7037
vn 0.4320 0.2027 -0.8788
vn 0.2853 0.2548 -0.9239
vn 0.2116 -0.1230 -0.9696
vn 0.2174 -0.2795 -0.9352
vn 0.3497 -0.4371 -0.8286
vn 0.9442 0.0938 -0.3157
vn 0.8254 -0.0212 -0.5641
vn 0.7643 -0.0178 -0.6446
vn -0.7205 -0.5913 -0.3623
vn -0.3103 -0.7750 -0.5505
vn 0.9355 -0.3514 0.0369
vn 0.9410 -0.2991 0.1585
vn 0.9420 -0.3091 0.1309
vn 0.9239 -0.2834 0.2570
vn 0.9977 0.0586 0.0340
vn 0.9954 0.0938 0.0215
vn 0.9961 -0.0747 0.0476
vn -0.2484 0.6138 -0.7494
vn -0.7081 0.4399 -0.5523
vn -0.9488 0.1755 -0.2625
vn -0.9642 0.2415 -0.1096
vn -0.9667 0.2479 0.0644
vn -0.5960 0.7601 0.2589
vn 0.0429 0.9890 0.1412
vn 0.4293 0.6882 0.5849
vn 0.9199 0.3504 0.1760
vn 0.8368 0.5148 0.1863
vn 0.4798 -0.8717 0.0996
vn 0.4290 -0.8242 0.3697
vn 0.1577 -0.3541 0.9218
vn -0.1079 0.2404 0.9647
vn 0.2245 -0.7182 0.6586
vn 0.3724 -0.5598 0.7402
vn 0.6859 -0.2964 0.6646
vn 0.7861 0.2048 0.5832
vn 0.7275 0.2196 0.6500
vn 0.4869 0.4759 0.7324
vn 0.3023 0.6616 0.6862
vn 0.3056 0.7337 0.6069
vn 0.2238 -0.2210 0.9492
vn 0.2018 0.0817 0.9760
vn 0.0991 0.1069 0.9893
vn 0.1664 -0.5802 0.7973
vn -0.1231 0.0967 0.9877
vn -0.3411 0.9324 0.1193
vn -0.4083 0.3244 0.8533
vn 0.0098 0.8183 0.5747
vn -0.2231 0.3741 0.9002
vn -0.1991 0.3720 0.9067
vn -0.0200 0.6827 0.7304
vn -0.0736 0.5534 0.8296
vn 0.1470 0.3670 0.9185
vn 0.2402 -0.2937 0.9252
vn 0.1562 0.3653 0.9177
vn -0.2498 0.9477 0.1985
vn 0.0339 0.8575 -0.5134
vn 0.8857 0.3774 -0.2703
vn 0.3466 -0.4031 -0.8470
vn 0.6882 -0.0732 -0.7218
vn 0.6153 -0.1267 -0.7781
vn 0.6220 -0.1239 -0.7731
vn 0.4242 -0.4033 -0.8108
vn 0.8883 0.0580 -0.4557
vn 0.4043 -0.4893 -0.7727
vn 0.8999 -0.3270 -0.2884
vn 0.8903 -0.3608 -0.2779
vn 0.8963 -0.3404 -0.2843
vn 0.3133 -0.8128 -0.4911
vn 0.5673 -0.6737 -0.4736
vn 0.5919 -0.6318 -0.5005
vn 0.5612 -0.6696 -0.4865
vn 0.9346 -0.3542 0.0335
vn 0.9956 0.0934 0.0051
vn 0.9982 0.0327 0.0507
vn 0.9695 -0.2220 -0.1043
vn 0.7923 -0.4001 -0.4606
vn 0.8474 -0.4847 -0.2166
vn -0.7747 0.5915 0.2233
vn 0.0513 0.9807 0.1889
vn 0.4083 0.8931 0.1892
vn 0.3854 0.8995 0.2057
vn 0.4509 -0.8887 0.0837
vn 0.1575 -0.3525 0.9225
vn 0.2557 -0.8662 0.4294
vn 0.2715 -0.8832 0.3824
vn 0.2523 -0.8925 0.3738
vn 0.2199 -0.8916 0.3958
vn 0.1419 -0.8639 0.4833
vn 0.5983 -0.3580 0.7169
vn 0.4214 0.4096 0.8091
vn 0.4311 0.5768 0.6939
vn 0.1367 -0.5542 0.8211
vn 0.1174 -0.5561 0.8227
vn 0.1532 -0.4799 0.8638
vn 0.1738 -0.3035 0.9368
vn 0.1070 -0.5546 0.8252
vn 0.1110 -0.5596 0.8213
vn 0.1019 -0.6234 0.7752
vn 0.1940 0.1485 0.9697
vn 0.0389 0.4748 0.8792
vn 0.1628 0.0761 0.9837
vn 0.0588 0.1244 0.9905
vn 0.0748 -0.5928 0.8019
vn -0.0576 -0.5226 0.8506
vn -0.2006 -0.5342 0.8212
vn -0.3382 -0.5004 0.7970
vn -0.4621 0.4799 0.7457
vn -0.2726 0.6715 0.6891
vn -0.0641 0.5726 0.8173
vn -0.5555 0.6219 0.5519
vn -0.7029 0.5685 0.4274
vn -0.6079 0.6969 0.3806
vn -0.4450 0.0517 0.8940
vn -0.3219 0.7123 0.6238
vn -0.1535 0.8184 0.5538
vn 0.0758 0.6968 0.7132
vn -0.2376 0.8831 0.4046
vn -0.0882 0.8982 -0.4307
vn 0.4406 0.7140 -0.5441
vn 0.7282 0.4420 -0.5239
vn 0.7792 0.3587 -0.5140
vn 0.8714 0.2646 -0.4130
vn 0.6570 0.5376 -0.5285
vn 0.6987 0.4853 -0.5256
vn 0.3965 0.5841 -0.7082
vn 0.3399 0.6799 -0.6497
vn 0.2697 0.1901 -0.9440
vn 0.2382 0.0179 -0.9711
vn 0.9255 -0.1969 -0.3235
vn 0.9268 -0.2238 -0.3014
vn 0.9330 -0.1650 -0.3199
vn 0.6111 -0.1619 -0.7748
vn 0.8384 -0.4724 -0.2718
vn 0.8866 -0.3726 -0.2741
vn 0.9490 0.2840 0.1371
vn 0.9349 -0.3533 0.0330
vn 0.9028 -0.3129 -0.2949
vn 0.7358 -0.5011 -0.4555
vn 0.4551 -0.8688 -0.1951
vn 0.7933 -0.4990 -0.3487
vn 0.7867 -0.5119 -0.3451
vn 0.0178 0.8995 -0.4365
vn -0.8164 0.3787 -0.4360
vn -0.1071 0.9736 0.2016
vn 0.2435 0.9448 0.2191
vn 0.3814 0.3178 0.8681
vn 0.4227 0.8886 0.1780
vn 0.3982 0.8959 0.1969
vn 0.3857 0.8994 0.2056
vn 0.7797 -0.4729 0.4104
vn 0.5070 -0.8348 0.2149
vn 0.3935 -0.7956 0.4607
vn 0.1553 -0.7455 0.6481
vn 0.4903 -0.3740 0.7872
vn 0.7701 -0.1902 0.6089
vn 0.6511 0.2012 0.7318
vn 0.5272 0.2454 0.8136
vn 0.1671 -0.2962 0.9404
vn 0.1320 -0.6395 0.7574
vn 0.1049 -0.6375 0.7633
vn 0.0982 -0.6393 0.7627
vn 0.1999 -0.7857 0.5854
vn 0.2151 -0.7290 0.6498
vn 0.2190 -0.7369 0.6396
vn 0.1715 0.1113 0.9789
vn 0.1616 0.0863 0.9831
vn 0.1806 -0.0144 0.9835
vn 0.0171 0.5367 0.8436
vn -0.0117 -0.5574 0.8302
vn -0.1449 -0.5633 0.8135
vn -0.3957 -0.4641 0.7925
vn -0.4487 0.2959 0.8433
vn -0.4572 0.2881 0.8414
vn -0.4385 0.3200 0.8398
vn -0.4473 0.3211 0.8347
vn -0.2195 0.9622 0.1613
vn -0.5112 0.2263 0.8291
vn -0.3451 0.4985 0.7953
vn -0.1607 -0.4058 0.8997
vn -0.2455 -0.4550 0.8560
vn -0.2020 0.1407 0.9692
vn -0.2331 0.0883 0.9684
vn -0.2378 0.0790 0.9681
vn 0.1380 0.6719 0.7276
vn -0.0488 0.6950 0.7173
vn 0.0032 0.6903 0.7235
vn -0.1334 0.7660 0.6288
vn 0.1500 0.8111 -0.5653
vn 0.3731 0.7071 -0.6007
vn 0.2537 0.7350 -0.6288
vn 0.4602 0.6408 -0.6145
vn 0.8146 0.2819 -0.5070
vn 0.4363 0.1899 -0.8795
vn 0.7286 0.2428 -0.6405
vn 0.6832 0.2376 -0.6905
vn 0.7720 0.2619 -0.5791
vn 0.6457 0.0396 -0.7626
vn 0.7354 0.0383 -0.6765
vn 0.8882 0.0581 -0.4557
vn 0.9291 0.1235 -0.3487
vn 0.8595 0.1038 -0.5004
vn 0.9053 -0.2337 -0.3546
vn 0.9054 -0.2337 -0.3545
vn 0.9397 -0.1737 -0.2947
vn 0.9261 -0.2063 -0.3159
vn 0.7677 -0.3330 -0.5475
vn 0.5700 -0.6724 -0.4721
vn 0.5674 -0.6737 -0.4736
vn 0.6002 -0.6213 -0.5038
vn 0.9963 0.0741 -0.0425
vn 0.9964 -0.0237 -0.0814
vn 0.9829 -0.1128 -0.1453
vn 0.5536 -0.7340 -0.3933
vn 0.4883 -0.8080 -0.3295
vn 0.4589 -0.8818 -0.1090
vn 0.4391 -0.8983 0.0165
vn -0.1079 0.8001 -0.5901
vn -0.5608 0.5412 -0.6266
vn -0.8695 0.4651 0.1662
vn -0.2468 0.9343 0.2573
vn -0.1308 0.9638 0.2324
vn -0.0663 0.9715 0.2274
vn 0.6963 -0.3137 0.6455
vn 0.4982 -0.8578 0.1263
vn 0.3436 -0.8585 0.3806
vn 0.3153 -0.8306 0.4590
vn 0.1571 -0.3529 0.9224
vn -0.1007 0.1971 0.9752
vn -0.0954 0.2107 0.9729
vn 0.1157 -0.4579 0.8815
vn 0.1165 -0.4594 0.8805
vn 0.1307 -0.4869 0.8636
vn 0.1368 -0.4988 0.8559
vn 0.3222 -0.5849 0.7444
vn 0.7862 0.0172 0.6178
vn 0.7728 0.1039 0.6260
vn 0.7104 0.1305 0.6916
vn 0.4309 0.2725 0.8603
vn 0.4029 0.3408 0.8495
vn 0.2755 0.7304 0.6249
vn 0.3416 0.1554 0.9269
vn 0.2448 0.1445 0.9587
vn 0.2762 0.1482 0.9496
vn 0.1782 0.1363 0.9745
vn 0.1253 -0.5405 0.8320
vn 0.2054 -0.8285 0.5209
vn 0.2614 -0.7032 0.6611
vn -0.5392 0.6233 0.5664
vn -0.1633 0.0165 0.9864
vn -0.1122 -0.0018 0.9937
vn -0.1777 -0.1808 0.9673
vn -0.3845 -0.1349 0.9132
vn -0.2488 0.8143 0.5244
vn -0.1832 0.0521 0.9817
vn -0.1425 0.5005 0.8539
vn -0.0783 0.5797 0.8111
vn -0.2429 0.9230 -0.2986
vn 0.7784 0.3055 -0.5483
vn 0.9025 0.2448 -0.3544
vn 0.7163 0.2117 -0.6649
vn 0.6855 0.1690 -0.7082
vn 0.9930 0.0988 -0.0654
vn 0.9474 -0.2355 -0.2169
vn 0.6449 -0.6095 -0.4611
vn 0.4129 -0.9106 -0.0206
vn 0.7227 -0.1177 -0.6810
vn 0.7211 -0.1436 -0.6778
vn 0.7213 -0.1413 -0.6781
vn 0.4669 0.2062 -0.8600
vn -0.0325 0.8754 -0.4824
vn -0.9256 0.3786 0.0058
vn -0.9061 0.4119 0.0965
vn -0.4202 0.8643 0.2764
vn 0.0327 0.3826 0.9233
vn 0.3243 0.9267 0.1898
vn 0.3911 -0.9134 0.1126
vn 0.5542 -0.8069 0.2043
vn -0.0662 0.0921 0.9935
vn -0.1754 0.3047 0.9362
vn -0.1693 0.1634 0.9719
vn -0.1750 0.2990 0.9381
vn 0.2507 -0.9046 0.3448
vn 0.2070 -0.9257 0.3166
vn 0.0998 -0.8374 0.5373
vn 0.3501 -0.4975 0.7937
vn 0.6146 -0.2535 0.7470
vn 0.7040 -0.1588 0.6922
vn 0.7637 -0.0913 0.6391
vn 0.2703 0.7306 0.6270
vn 0.2434 0.6553 0.7150
vn 0.2184 0.6847 0.6953
vn 0.1740 0.6697 0.7219
vn 0.2060 0.6092 0.7658
vn 0.1447 0.5828 0.7996
vn 0.0831 0.6961 0.7132
vn 0.3261 0.2611 0.9086
vn 0.2702 -0.7059 0.6548
vn 0.2826 -0.6582 0.6978
vn 0.2859 -0.6645 0.6904
vn 0.0563 0.3315 0.9418
vn 0.0625 -0.1714 0.9832
vn -0.0223 0.1651 0.9860
vn -0.0256 0.0097 0.9996
vn -0.0223 0.1615 0.9866
vn -0.5541 0.5018 0.6642
vn -0.5130 0.6574 0.5520
vn -0.4434 0.6480 0.6192
vn -0.4610 0.6627 0.5902
vn -0.2872 -0.2621 0.9213
vn -0.3283 0.7890 0.5193
vn -0.0504 0.8100 0.5843
vn -0.0863 -0.4463 0.8907
vn -0.3197 0.8825 0.3449
vn -0.3019 0.9467 -0.1122
vn 0.6360 0.5124 -0.5770
vn 0.8452 0.2489 -0.4730
vn 0.9285 0.2695 -0.2556
vn 0.8767 0.3757 -0.3005
vn 0.7570 0.2488 -0.6042
vn 0.7834 0.2122 -0.5841
vn 0.8159 0.2248 -0.5328
vn 0.9043 0.1470 -0.4008
vn 0.9861 0.0646 -0.1530
vn 0.9717 -0.0461 -0.2318
vn 0.8322 -0.2975 -0.4680
vn 0.4198 -0.8235 -0.3816
vn 0.4580 -0.7410 -0.4911
vn 0.3584 -0.8926 -0.2735
vn 0.7227 -0.1176 -0.6810
vn 0.7213 -0.1412 -0.6781
vn 0.7229 -0.1152 -0.6813
vn 0.4715 -0.2111 -0.8562
vn 0.4722 -0.2134 -0.8553
vn 0.4615 -0.1889 -0.8668
vn -0.2098 0.7162 -0.6656
vn -0.8993 0.3073 -0.3111
vn 0.3863 0.8605 0.3321
vn 0.5543 -0.8069 0.2043
vn 0.6128 -0.7505 0.2473
vn 0.4509 -0.8886 0.0837
vn 0.0562 -0.9038 0.4243
vn 0.0983 -0.7651 0.6364
vn 0.0468 -0.8126 0.5809
vn 0.2548 -0.6159 0.7455
vn 0.4023 -0.4403 0.8026
vn 0.7176 0.0193 0.6962
vn 0.2911 0.3980 0.8700
vn 0.2136 0.6258 0.7502
vn 0.1301 0.6272 0.7679
vn 0.1583 -0.0022 0.9874
vn 0.3056 -0.6494 0.6964
vn 0.1881 -0.0485 0.9809
vn 0.1402 0.1123 0.9837
vn -0.0257 0.0005 0.9997
vn -0.5406 0.3839 0.7486
vn -0.0235 -0.1048 0.9942
vn -0.0752 0.0156 0.9970
vn -0.4580 0.5551 0.6944
vn -0.4870 0.6423 0.5919
vn -0.2313 0.8670 0.4415
vn -0.2025 0.8818 0.4260
vn -0.2561 0.8693 0.4228
vn -0.1535 0.1688 0.9736
vn 0.0384 0.6672 0.7439
vn -0.2874 0.8395 0.4612
vn -0.3133 0.9469 0.0719
vn -0.2443 0.8735 -0.4211
vn -0.1046 0.8037 -0.5858
vn 0.0101 0.7853 -0.6190
vn 0.5329 0.5634 -0.6313
vn 0.6976 0.4135 -0.5851
vn 0.7402 0.3222 -0.5902
vn 0.8024 0.2614 -0.5364
vn 0.8748 0.2334 -0.4246
vn 0.7397 0.2951 -0.6047
vn 0.8340 0.2683 -0.4821
vn 0.6332 0.0371 -0.7731
vn 0.9858 -0.0473 -0.1609
vn 0.9839 0.1050 -0.1445
vn 0.8954 -0.2612 -0.3606
vn 0.7476 -0.3522 -0.5631
vn 0.5458 -0.6570 -0.5201
vn -0.8952 0.3726 -0.2445
vn -0.9137 0.3937 -0.1009
vn -0.0449 0.9604 0.2751
vn 0.5459 -0.7387 0.3953
vn 0.3695 -0.9208 0.1245
vn 0.4243 -0.8882 0.1760
vn 0.3912 -0.9134 0.1127
vn 0.3983 -0.9119 0.0984
vn 0.3765 -0.9051 0.1977
vn 0.3021 -0.7867 0.5383
vn -0.0107 0.0382 0.9992
vn 0.0301 -0.0926 0.9952
vn -0.0107 0.0381 0.9992
vn 0.0217 -0.1457 0.9891
vn -0.2079 0.2069 0.9560
vn -0.0138 -0.3009 0.9536
vn -0.0170 -0.2249 0.9742
vn -0.0139 -0.2941 0.9557
vn -0.0347 -0.1922 0.9807
vn -0.0323 -0.1955 0.9802
vn 0.1470 -0.9082 0.3918
vn 0.0919 -0.9241 0.3709
vn -0.0086 -0.8648 0.5020
vn 0.1173 -0.6981 0.7063
vn 0.1779 -0.6490 0.7397
vn 0.6144 -0.1324 0.7778
vn 0.6994 -0.0522 0.7129
vn 0.6301 0.1264 0.7662
vn 0.5507 0.1732 0.8165
vn 0.3186 0.5042 0.8026
vn 0.2635 0.5633 0.7831
vn 0.1516 0.2713 0.9505
vn 0.3029 -0.6493 0.6976
vn -0.2538 -0.5703 0.7812
vn -0.2538 -0.5703 0.7813
vn -0.2692 -0.5785 0.7700
vn -0.3747 -0.6097 0.6984
vn -0.5865 0.6337 0.5045
vn -0.5403 0.7218 0.4325
vn -0.4871 0.6902 0.5351
vn -0.2542 0.9062 0.3378
vn -0.2384 -0.3642 0.9003
vn -0.5961 0.1114 0.7952
vn -0.5423 0.4026 0.7374
vn -0.4489 0.7113 0.5409
vn -0.2088 0.5887 0.7810
vn -0.1558 0.7228 0.6733
vn -0.1283 0.8544 -0.5036
vn 0.2962 0.6801 -0.6706
vn 0.4620 0.5727 -0.6771
vn 0.8408 0.2273 -0.4914
vn 0.8970 0.2804 -0.3418
vn 0.7687 0.2674 -0.5811
vn 0.9095 0.2020 -0.3633
vn 0.9388 -0.1753 -0.2965
vn 0.8919 -0.1892 -0.4108
vn 0.8481 -0.2265 -0.4791
vn 0.3646 -0.3038 -0.8802
vn 0.4042 -0.3041 -0.8626
vn 0.3647 0.8869 0.2837
vn 0.4137 -0.8989 0.1444
vn 0.4706 -0.8414 0.2655
vn 0.4460 -0.8802 0.1623
vn 0.0531 0.7528 0.6560
vn 0.2747 -0.8522 0.4454
vn 0.1670 -0.9118 0.3752
vn 0.2071 -0.9257 0.3165
vn -0.0515 -0.8115 0.5820
vn -0.0977 -0.8493 0.5189
vn -0.0100 -0.7695 0.6386
vn 0.2964 0.4500 0.8424
vn 0.0348 0.6235 0.7811
vn 0.0125 0.5814 0.8136
vn 0.0348 0.6234 0.7811
vn -0.0584 0.5701 0.8195
vn 0.0563 0.3314 0.9418
vn -0.0338 0.4762 0.8787
vn -0.0197 0.4893 0.8719
vn -0.2870 -0.5480 0.7857
vn -0.4001 -0.5243 0.7517
vn -0.4888 -0.3460 0.8008
vn -0.4710 -0.3644 0.8034
vn 0.0671 -0.2973 0.9524
vn -0.2433 0.5694 0.7852
vn -0.1925 0.9073 0.3739
vn -0.5797 -0.0882 0.8100
vn -0.1354 0.6234 0.7701
vn -0.2375 0.8074 0.5401
vn -0.3598 0.9107 0.2029
vn -0.3528 0.9098 -0.2185
vn -0.3216 0.8868 -0.3318
vn 0.1247 0.7447 -0.6556
vn 0.9356 0.1438 -0.3223
vn 0.9642 0.1000 -0.2457
vn 0.9435 0.0139 -0.3310
vn 0.9259 -0.0956 -0.3656
vn 0.6808 -0.4682 -0.5633
vn 0.3794 -0.7550 -0.5348
vn 0.3426 -0.8423 -0.4161
vn 0.3936 -0.9162 -0.0751
vn 0.3485 -0.9345 -0.0732
vn 0.2929 -0.9550 -0.0479
vn 0.3348 -0.9384 -0.0849
vn 0.3119 -0.2741 -0.9097
vn 0.3119 -0.2727 -0.9102
vn -0.8278 0.5427 0.1425
vn -0.8732 0.4804 0.0821
vn -0.6313 0.7302 0.2613
vn -0.3506 0.9001 0.2587
vn -0.2469 0.9343 0.2573
vn -0.4249 0.8665 0.2619
vn -0.0834 0.9470 0.3102
vn -0.0499 0.6452 0.7623
vn 0.3659 -0.9201 0.1396
vn 0.3695 -0.9209 0.1245
vn 0.4105 -0.9026 0.1297
vn 0.2385 -0.8978 0.3702
vn 0.2189 -0.8258 0.5197
vn 0.1484 -0.6494 0.7459
vn -0.2079 0.2068 0.9560
vn -0.1741 0.1235 0.9770
vn -0.0880 0.1527 0.9843
vn 0.1363 -0.9334 0.3319
vn -0.0238 -0.9146 0.4036
vn -0.1637 -0.7964 0.5822
vn -0.1379 -0.8695 0.4743
vn -0.1177 -0.7733 0.6230
vn 0.0331 -0.7325 0.6800
vn 0.5450 -0.2525 0.7995
vn 0.6706 0.0625 0.7392
vn 0.3653 0.2759 0.8890
vn -0.0178 0.5652 0.8248
vn 0.0408 0.2113 0.9766
vn 0.0027 0.2484 0.9686
vn -0.0168 0.4455 0.8951
vn -0.5751 0.3514 0.7388
vn -0.5793 0.6567 0.4828
vn -0.5750 0.6534 0.4925
vn 0.0667 -0.3117 0.9478
vn -0.2462 0.3562 0.9014
vn -0.2562 0.4843 0.8366
vn -0.5951 -0.1641 0.7867
vn -0.2351 -0.3313 0.9137
vn -0.3760 -0.2567 0.8904
vn -0.5168 -0.2322 0.8240
vn -0.6806 0.2699 0.6812
vn -0.3266 0.8430 0.4273
vn -0.2153 0.6443 0.7338
vn -0.2553 0.7472 0.6136
vn 0.3768 0.6314 -0.6778
vn 0.7005 0.2796 -0.6566
vn 0.8644 0.2624 -0.4289
vn 0.9110 0.1623 -0.3791
vn 0.8885 -0.0766 -0.4525
vn 0.8512 -0.1361 -0.5070
vn 0.7866 -0.2501 -0.5646
vn 0.3526 -0.9218 -0.1611
vn 0.3119 -0.2742 -0.9097
vn 0.0163 0.0938 -0.9955
vn -0.2099 0.7162 -0.6656
vn -0.3813 0.6325 -0.6742
vn -0.3600 0.8850 0.2953
vn -0.3506 0.9001 0.2586
vn 0.3044 -0.8961 0.3229
vn -0.1648 0.1839 0.9690
vn -0.1344 0.1781 0.9748
vn -0.0300 -0.3129 0.9493
vn -0.0692 -0.7392 0.6699
vn 0.2681 -0.5248 0.8079
vn 0.3308 -0.4011 0.8542
vn 0.4250 -0.3391 0.8393
vn 0.5094 -0.1550 0.8465
vn 0.5945 0.0776 0.8004
vn 0.1874 0.5622 0.8055
vn 0.1609 0.5238 0.8365
vn 0.0202 0.4366 0.8994
vn 0.2997 -0.6524 0.6961
vn 0.2669 -0.6528 0.7090
vn 0.2724 -0.6707 0.6898
vn 0.0586 -0.0955 0.9937
vn -0.0892 0.3310 0.9394
vn -0.0198 0.2658 0.9638
vn -0.0601 0.2313 0.9710
vn -0.0201 0.3745 0.9270
vn -0.5934 0.4996 0.6311
vn -0.4553 0.7830 0.4238
vn -0.5414 0.7279 0.4208
vn -0.2843 0.8643 0.4149
vn -0.0276 -0.4664 0.8841
vn 0.0081 -0.3787 0.9255
vn -0.1242 0.1275 0.9840
vn -0.3299 0.7899 0.5169
vn -0.3888 0.8759 0.2857
vn 0.2811 0.6323 -0.7220
vn 0.4011 0.5764 -0.7119
vn 0.5455 0.4822 -0.6855
vn 0.6740 0.3370 -0.6574
vn 0.6263 0.4187 -0.6576
vn 0.7719 0.2511 -0.5841
vn 0.7933 0.2258 -0.5655
vn 0.8855 0.3250 -0.3322
vn 0.8845 0.2753 -0.3765
vn 0.9294 0.0676 -0.3629
vn 0.5770 -0.5504 -0.6034
vn 0.2760 -0.8982 -0.3421
vn 0.2919 -0.9544 -0.0618
vn -0.7738 0.4800 -0.4135
vn -0.8188 0.4366 -0.3728
vn -0.8752 0.4485 -0.1812
vn -0.8818 0.4550 -0.1241
vn -0.8459 0.5200 0.1187
vn -0.8018 0.5812 0.1387
vn -0.7636 0.6227 0.1707
vn -0.5402 0.7758 0.3261
vn -0.2601 0.7000 0.6651
vn 0.7120 0.0996 0.6950
vn 0.4391 -0.7517 0.4921
vn -0.0380 -0.1255 0.9914
vn -0.0335 -0.1067 0.9937
vn -0.0374 -0.1228 0.9917
vn -0.1648 0.1840 0.9690
vn -0.2205 0.1973 0.9552
vn 0.0204 -0.9351 0.3538
vn -0.1576 -0.7157 0.6804
vn 0.5548 -0.0755 0.8286
vn 0.6238 -0.0033 0.7816
vn 0.5050 0.1010 0.8572
vn 0.1780 -0.4038 0.8973
vn 0.1249 -0.7325 0.6692
vn 0.2075 -0.6365 0.7428
vn -0.0435 -0.4654 0.8840
vn -0.0979 -0.1502 0.9838
vn -0.4770 -0.3161 0.8201
vn -0.4986 -0.2473 0.8308
vn 0.1579 -0.4873 0.8588
vn 0.1556 -0.5078 0.8473
vn 0.1098 -0.4027 0.9087
vn 0.0493 -0.3264 0.9439
vn -0.0999 0.9358 0.3382
vn 0.0516 0.9579 -0.2825
vn -0.3154 -0.3197 0.8935
vn -0.1152 0.4971 0.8600
vn -0.7001 0.3935 0.5958
vn -0.6555 0.5387 0.5292
vn -0.6050 0.6591 0.4467
vn -0.4038 0.8191 0.4074
vn 0.0528 -0.3518 0.9346
vn -0.2323 0.6488 0.7246
vn -0.2459 0.8201 -0.5167
vn 0.0203 0.7008 -0.7131
vn 0.1854 0.6787 -0.7106
vn 0.8874 0.2115 -0.4095
vn 0.8305 -0.0787 -0.5515
vn 0.7187 -0.3024 -0.6262
vn 0.6702 -0.3645 -0.6465
vn 0.6332 -0.4333 -0.6414
vn 0.2803 -0.8347 -0.4741
vn -0.1112 -0.6288 -0.7696
vn -0.8817 0.4501 0.1413
vn -0.7845 0.6002 0.1562
vn -0.7033 0.6755 0.2216
vn -0.0809 -0.6107 0.7877
vn -0.0479 -0.7014 0.7111
vn -0.0775 -0.6206 0.7803
vn 0.3726 -0.7002 0.6090
vn -0.2894 -0.2683 0.9188
vn 0.2112 -0.8624 0.4600
vn -0.1006 0.5902 0.8010
vn -0.0783 0.1831 0.9800
vn -0.1227 0.2740 0.9539
vn -0.0292 0.0843 0.9960
vn 0.1279 -0.9583 0.2554
vn 0.1218 -0.9484 0.2926
vn 0.0610 -0.9636 0.2603
vn -0.0288 -0.9399 0.3401
vn -0.0841 -0.9155 0.3935
vn -0.1728 -0.8620 0.4766
vn 0.4839 -0.2668 0.8334
vn 0.5233 0.0331 0.8515
vn 0.1978 0.5105 0.8368
vn 0.1002 0.5535 0.8268
vn 0.0365 0.4762 0.8786
vn 0.0233 -0.6823 0.7307
vn -0.0000 -0.7207 0.6933
vn -0.0169 -0.7190 0.6948
vn -0.3453 -0.3811 0.8577
vn -0.3863 -0.6690 0.6351
vn -0.5803 0.3052 0.7550
vn -0.5512 0.6387 0.5369
vn -0.1832 0.2045 0.9616
vn -0.2115 0.2577 0.9428
vn -0.0508 0.9348 0.3514
vn -0.4222 -0.2580 0.8690
vn -0.6025 -0.2340 0.7630
vn -0.7094 0.0731 0.7010
vn -0.3751 0.8272 0.4185
vn -0.4078 0.9089 0.0874
vn -0.4136 0.9069 -0.0808
vn -0.4233 0.8677 -0.2605
vn -0.0870 0.7171 -0.6916
vn 0.4328 0.5075 -0.7451
vn 0.7201 0.2369 -0.6521
vn 0.8201 0.2438 -0.5176
vn 0.8392 0.2442 -0.4860
vn 0.8606 0.1687 -0.4806
vn 0.9027 0.0888 -0.4211
vn 0.8817 0.0438 -0.4698
vn 0.8734 -0.0170 -0.4867
vn 0.4719 -0.6336 -0.6130
vn 0.2264 -0.8536 -0.4693
vn 0.2742 -0.9584 -0.0792
vn -0.5277 0.6147 -0.5862
vn -0.6588 0.5528 -0.5103
vn -0.8507 0.5243 -0.0384
vn -0.3811 -0.9183 0.1077
vn -0.6102 -0.7438 0.2729
vn -0.5890 -0.7837 0.1971
vn 0.2675 -0.8856 0.3798
vn -0.1512 0.2832 0.9471
vn -0.1360 0.2846 0.9489
vn -0.0299 -0.2009 0.9792
vn -0.1048 0.0664 0.9923
vn -0.0771 0.1212 0.9896
vn 0.1956 -0.8387 0.5082
vn 0.1254 -0.9293 0.3473
vn -0.2198 -0.6828 0.6967
vn 0.0695 -0.6527 0.7544
vn 0.3767 -0.2823 0.8823
vn 0.5307 -0.0309 0.8470
vn 0.4464 0.1738 0.8778
vn 0.2522 0.3254 0.9113
vn 0.0654 -0.2429 0.9678
vn 0.1013 -0.3925 0.9142
vn 0.0998 -0.3613 0.9271
vn 0.0233 -0.6822 0.7308
vn -0.0508 -0.0821 0.9953
vn -0.0668 -0.0670 0.9955
vn -0.0925 -0.0537 0.9943
vn -0.0809 0.3986 0.9135
vn -0.1051 0.3335 0.9369
vn -0.1473 0.3200 0.9359
vn -0.3973 -0.6709 0.6262
vn -0.3267 -0.6667 0.6699
vn -0.4389 -0.2873 0.8514
vn -0.5724 0.6534 0.4955
vn -0.5903 0.6425 0.4887
vn 0.1432 -0.5173 0.8438
vn 0.1659 -0.4017 0.9006
vn 0.1651 -0.5018 0.8491
vn -0.0038 0.9603 0.2789
vn 0.0684 0.9603 0.2704
vn -0.6900 -0.1019 0.7166
vn 0.0102 -0.2833 0.9590
vn 0.0312 -0.2155 0.9760
vn -0.2098 0.7538 -0.6227
vn 0.6369 0.2964 -0.7117
vn 0.7779 0.2236 -0.5873
vn 0.8624 0.1177 -0.4924
vn 0.7923 -0.1842 -0.5816
vn 0.2143 -0.9118 -0.3503
vn 0.2082 -0.9539 -0.2163
vn 0.2772 -0.9384 -0.2065
vn 0.2686 -0.9543 -0.1307
vn -0.3474 -0.9345 0.0776
vn -0.3546 -0.9311 0.0857
vn -0.8203 -0.4751 0.3184
vn -0.7194 -0.0045 0.6946
vn 0.2723 -0.9492 0.1575
vn 0.1911 -0.9164 0.3518
vn 0.0596 -0.5843 0.8094
vn 0.0476 -0.5993 0.7991
vn 0.0783 -0.5392 0.8385
vn -0.0328 -0.1038 0.9941
vn -0.0153 -0.6926 0.7212
vn 0.0296 -0.6184 0.7853
vn 0.0373 -0.6048 0.7955
vn -0.1962 -0.7866 0.5854
vn -0.0809 -0.6626 0.7446
vn -0.0223 -0.6643 0.7471
vn 0.2220 -0.4629 0.8582
vn 0.4469 -0.2047 0.8709
vn 0.4050 -0.1673 0.8989
vn 0.1764 0.4781 0.8604
vn -0.0431 0.6330 0.7730
vn 0.0535 0.4597 0.8864
vn 0.0566 0.4564 0.8880
vn 0.0632 -0.2353 0.9699
vn 0.1013 -0.3934 0.9138
vn -0.3932 -0.4037 0.8261
vn -0.0632 -0.1603 0.9850
vn -0.0776 -0.1404 0.9871
vn -0.0747 -0.1419 0.9871
vn 0.1245 0.9449 0.3029
vn -0.3437 0.3454 0.8732
vn 0.1246 0.9448 0.3029
vn 0.1228 0.9404 0.3171
vn 0.2008 0.9184 0.3408
vn -0.6317 -0.2316 0.7398
vn -0.6413 -0.1944 0.7423
vn -0.7092 0.5685 0.4168
vn -0.5224 0.7776 0.3499
vn 0.0085 -0.0502 0.9987
vn -0.0608 0.1385 0.9885
vn -0.0604 0.1498 0.9869
vn -0.4811 0.8079 -0.3405
vn -0.3989 0.8197 -0.4110
vn -0.3411 0.8197 -0.4602
vn 0.0872 0.6707 -0.7366
vn 0.5259 0.4119 -0.7442
vn 0.5784 0.3367 -0.7430
vn 0.8038 -0.0377 -0.5936
vn 0.7878 -0.1032 -0.6072
vn 0.7394 -0.2367 -0.6303
vn 0.6828 -0.2626 -0.6817
vn 0.2439 -0.9603 -0.1354
vn 0.1987 -0.9771 -0.0757
vn 0.1216 -0.9841 -0.1296
vn -0.8144 0.4363 -0.3827
vn -0.8075 0.5879 -0.0483
vn -0.9972 -0.0732 0.0148
vn -0.3609 -0.1376 0.9224
vn -0.6215 -0.7006 0.3505
vn -0.9755 -0.1608 0.1499
vn -0.6637 -0.0180 0.7477
vn -0.9627 -0.1337 0.2351
vn -0.2117 -0.0331 0.9768
vn -0.6078 0.4566 0.6497
vn -0.0441 -0.7111 0.7018
vn 0.3127 -0.9453 0.0929
vn 0.2028 -0.9483 0.2441
vn 0.0243 -0.4164 0.9089
vn 0.0144 -0.3995 0.9166
vn -0.0870 0.1829 0.9793
vn 0.0049 -0.4376 0.8991
vn -0.0632 0.2402 0.9687
vn -0.0337 0.2751 0.9608
vn 0.0133 0.1113 0.9937
vn -0.0240 -0.7061 0.7077
vn -0.0529 -0.9352 0.3502
vn -0.2106 -0.8495 0.4838
vn -0.2774 -0.7934 0.5419
vn -0.2780 -0.7159 0.6405
vn 0.2725 -0.3848 0.8819
vn 0.3926 0.1730 0.9033
vn -0.0686 0.7477 0.6604
vn -0.0372 0.7338 0.6783
vn -0.0033 0.6657 0.7462
vn -0.1893 0.6214 0.7603
vn -0.0001 -0.7207 0.6933
vn -0.1085 -0.7626 0.6377
vn -0.3921 -0.4125 0.8222
vn -0.5641 0.2606 0.7835
vn -0.1371 -0.1447 0.9799
vn -0.1017 -0.1512 0.9833
vn -0.1118 -0.1494 0.9824
vn 0.1996 -0.5360 0.8203
vn -0.1964 0.1725 0.9652
vn -0.1540 0.1222 0.9805
vn -0.2477 0.3925 0.8858
vn -0.2155 0.5131 0.8308
vn -0.0832 0.9078 0.4112
vn -0.1303 0.7337 0.6669
vn -0.0572 0.7640 0.6427
vn -0.1358 0.6678 0.7319
vn 0.1228 0.9404 0.3170
vn -0.6025 -0.2339 0.7630
vn -0.8005 0.1655 0.5760
vn -0.1203 0.1202 0.9854
vn 0.2996 0.5513 -0.7787
vn 0.3469 0.5064 -0.7894
vn 0.6278 0.2443 -0.7391
vn 0.7152 -0.1933 -0.6717
vn 0.6288 -0.3088 -0.7136
vn 0.3751 -0.6527 -0.6583
vn 0.2646 -0.7724 -0.5774
vn 0.2092 -0.9736 -0.0913
vn 0.0377 -0.9925 -0.1160
vn -0.5101 -0.0350 -0.8594
vn -0.7651 0.0348 -0.6430
vn -0.7511 0.3966 -0.5278
vn -0.7738 0.4799 -0.4135
vn -0.7561 0.4241 -0.4984
vn -0.7722 0.3916 -0.5004
vn -0.9223 -0.3439 -0.1764
vn -0.9718 -0.1692 -0.1640
vn -0.9728 -0.1641 -0.1636
vn -0.9167 -0.3581 -0.1772
vn -0.2902 -0.9513 -0.1041
vn -0.0728 -0.9968 0.0338
vn 0.1987 -0.9797 0.0273
vn 0.0797 -0.9965 0.0261
vn 0.2647 -0.9635 0.0415
vn 0.2371 -0.9707 0.0378
vn 0.2181 -0.9746 0.0507
vn 0.2018 -0.9787 0.0370
vn -0.5110 -0.8344 0.2067
vn 0.0448 -0.9815 0.1862
vn 0.3028 -0.9511 0.0605
vn 0.3262 -0.9431 0.0639
vn 0.2664 -0.9603 0.0833
vn 0.3197 -0.9454 0.0634
vn 0.3043 -0.9520 0.0320
vn 0.1168 -0.9034 0.4127
vn 0.1283 -0.8588 0.4960
vn 0.1184 -0.6904 0.7137
vn -0.0632 0.2401 0.9687
vn -0.0745 0.2432 0.9671
vn -0.0745 0.2433 0.9671
vn -0.0074 -0.2045 0.9788
vn 0.0001 -0.2195 0.9756
vn -0.0115 -0.2013 0.9795
vn -0.0045 0.0515 0.9987
vn -0.0102 0.0460 0.9989
vn -0.0120 0.0475 0.9988
vn -0.1266 -0.9280 0.3504
vn -0.1437 -0.9091 0.3911
vn -0.1756 -0.8952 0.4096
vn -0.1588 -0.6331 0.7576
vn 0.0234 -0.6110 0.7912
vn 0.2851 0.2198 0.9330
vn 0.1756 0.4080 0.8960
vn 0.0869 0.5137 0.8536
vn -0.0781 -0.7776 0.6239
vn -0.0769 0.4880 0.8694
vn -0.3797 -0.6089 0.6964
vn -0.1474 -0.0555 0.9875
vn 0.2742 0.8669 0.4162
vn -0.6680 -0.1631 0.7261
vn -0.7578 0.4905 0.4303
vn -0.6774 0.6227 0.3916
vn -0.6618 0.6503 0.3731
vn -0.6382 0.6818 0.3575
vn -0.5925 0.7185 0.3642
vn 0.0935 -0.0609 0.9938
vn -0.2595 0.5426 0.7989
vn -0.2893 0.6525 0.7004
vn -0.3679 0.7290 0.5773
vn -0.4488 0.8208 0.3534
vn -0.4579 0.8624 0.2159
vn -0.3085 0.7690 -0.5600
vn -0.2054 0.6840 -0.6999
vn 0.1198 0.6060 -0.7864
vn 0.6956 0.2144 -0.6857
vn 0.7320 0.2152 -0.6464
vn 0.8268 0.0434 -0.5609
vn 0.5445 -0.4841 -0.6850
vn 0.4729 -0.5419 -0.6948
vn 0.2130 -0.7872 -0.5788
vn 0.1739 -0.8711 -0.4593
vn 0.1228 -0.9150 -0.3843
vn 0.1579 -0.9533 -0.2574
vn -0.7458 -0.2603 -0.6132
vn -0.7336 -0.2846 -0.6170
vn -0.8088 -0.1045 -0.5787
vn 0.2347 -0.9707 0.0524
vn 0.1390 -0.6650 0.7338
vn 0.0017 -0.4171 0.9089
vn 0.0019 -0.4088 0.9126
vn -0.1107 -0.9336 0.3408
vn -0.1599 -0.9164 0.3669
vn 0.2784 -0.2923 0.9149
vn 0.1875 0.3269 0.9263
vn 0.1517 0.4665 0.8714
vn 0.0007 0.5773 0.8165
vn -0.1817 -0.2651 0.9469
vn -0.0915 0.2180 0.9716
vn -0.2271 0.2017 0.9528
vn -0.1709 0.3614 0.9166
vn -0.1853 0.3273 0.9266
vn -0.2561 -0.6749 0.6921
vn -0.4281 -0.2819 0.8586
vn -0.5724 0.1813 0.7997
vn 0.1786 -0.4349 0.8826
vn -0.0771 0.6170 0.7832
vn 0.0468 0.7073 0.7054
vn 0.3017 0.8399 0.4512
vn 0.6596 0.3360 -0.6724
vn -0.7201 -0.1593 0.6753
vn -0.7205 -0.0812 0.6887
vn -0.8279 0.2818 0.4850
vn -0.7905 0.4077 0.4570
vn 0.1051 -0.0178 0.9943
vn 0.1888 -0.0501 0.9807
vn 0.0864 0.0038 0.9963
vn -0.3215 0.6156 0.7195
vn -0.4215 0.7596 0.4953
vn -0.5020 0.8574 0.1140
vn -0.4648 0.8852 0.0198
vn 0.2078 0.5708 -0.7943
vn 0.4130 0.4439 -0.7952
vn 0.4981 0.3520 -0.7924
vn 0.5865 0.3011 -0.7519
vn 0.5706 0.2726 -0.7747
vn 0.7662 0.2093 -0.6075
vn 0.8259 0.1817 -0.5338
vn 0.8073 0.1357 -0.5743
vn 0.7951 0.0756 -0.6018
vn 0.7482 -0.1327 -0.6500
vn 0.5640 -0.3986 -0.7232
vn -0.7458 -0.2602 -0.6132
vn -0.8171 -0.0778 -0.5712
vn -0.6849 0.3817 -0.6207
vn 0.2290 -0.9721 0.0503
vn -0.0057 -0.7198 0.6942
vn -0.0154 -0.7397 0.6728
vn -0.0066 -0.7218 0.6921
vn -0.0292 -0.2720 0.9618
vn -0.1463 -0.9268 0.3459
vn -0.1966 -0.8845 0.4230
vn -0.3004 -0.8342 0.4625
vn -0.3597 -0.7435 0.5637
vn 0.1783 -0.3599 0.9158
vn 0.4210 0.0443 0.9060
vn 0.3637 0.1256 0.9230
vn -0.0089 -0.1450 0.9894
vn -0.0350 -0.1461 0.9886
vn -0.0304 -0.1459 0.9888
vn -0.1710 -0.2703 0.9475
vn -0.1476 0.0865 0.9853
vn -0.1544 0.0336 0.9874
vn -0.1603 0.0275 0.9867
vn -0.1559 0.2907 0.9440
vn -0.1532 0.3588 0.9208
vn -0.2060 0.4827 0.8512
vn -0.1438 0.4816 0.8645
vn -0.5091 0.3208 0.7987
vn -0.2528 -0.6530 0.7139
vn -0.4307 -0.1946 0.8812
vn -0.5794 0.1539 0.8004
vn -0.5505 0.6567 0.5155
vn -0.1478 -0.1427 0.9787
vn -0.1323 -0.1792 0.9749
vn 0.4482 0.7832 0.4310
vn -0.7471 -0.0042 0.6647
vn -0.7554 0.5119 0.4091
vn -0.7530 0.5457 0.3677
vn -0.3392 0.5620 0.7544
vn -0.2697 0.4822 0.8335
vn -0.5111 0.8403 -0.1805
vn -0.0753 0.6576 -0.7496
vn 0.6218 0.2104 -0.7544
vn 0.7952 0.1934 -0.5746
vn 0.2968 -0.6535 -0.6963
vn 0.0714 -0.9509 0.3013
vn 0.1027 -0.9094 0.4031
vn 0.0654 -0.8791 0.4722
vn 0.0050 -0.9441 0.3296
vn -0.0165 -0.7420 0.6702
vn 0.0774 0.3447 0.9355
vn 0.0632 0.0606 0.9962
vn 0.0813 0.0662 0.9945
vn 0.0687 0.0467 0.9965
vn 0.0595 -0.3937 0.9173
vn -0.2314 -0.8726 0.4301
vn -0.3663 -0.7932 0.4864
vn -0.3098 -0.6112 0.7283
vn -0.0024 -0.5581 0.8298
vn 0.2158 -0.2142 0.9527
vn 0.3314 -0.2230 0.9168
vn 0.4052 -0.0918 0.9096
vn 0.0975 0.4127 0.9056
vn 0.1141 0.4750 0.8726
vn -0.0017 0.7635 0.6458
vn -0.1678 -0.7278 0.6649
vn -0.1953 -0.2815 0.9395
vn -0.2068 -0.7027 0.6808
vn -0.2497 -0.6106 0.7515
vn -0.2472 -0.6357 0.7313
vn -0.1424 0.0271 0.9894
vn -0.1828 0.1502 0.9716
vn -0.2440 -0.4135 0.8772
vn -0.2448 -0.4126 0.8774
vn -0.2437 -0.4139 0.8771
vn -0.2209 -0.6744 0.7046
vn -0.2282 -0.6319 0.7407
vn -0.1668 -0.6695 0.7239
vn -0.1754 0.3075 0.9352
vn 0.1698 -0.4313 0.8861
vn 0.5130 0.7135 0.4772
vn -0.7620 0.0776 0.6429
vn 0.2827 0.1315 0.9501
vn 0.2806 0.1759 0.9436
vn 0.3176 0.1078 0.9421
vn 0.3916 0.0025 0.9201
vn 0.3075 0.0154 0.9514
vn 0.2636 0.0055 0.9646
vn -0.5246 0.8501 -0.0469
vn -0.5228 0.7327 -0.4356
vn -0.4432 0.7544 -0.4843
vn -0.3712 0.7400 -0.5609
vn -0.1833 0.6399 -0.7463
vn 0.0256 0.6186 -0.7853
vn 0.2667 0.4696 -0.8416
vn 0.5204 0.3078 -0.7965
vn 0.7049 0.1983 -0.6810
vn 0.7703 -0.0120 -0.6376
vn 0.6467 -0.2114 -0.7328
vn 0.2097 -0.7056 -0.6768
vn 0.1667 -0.8123 -0.5589
vn 0.1045 -0.9624 -0.2507
vn 0.0480 -0.9442 -0.3258
vn 0.1729 -0.9845 -0.0309
vn 0.7517 -0.5021 0.4276
vn 0.8283 0.3131 0.4646
vn 0.4807 -0.8510 0.2115
vn 0.1430 -0.9896 -0.0179
vn 0.1908 -0.9815 0.0155
vn 0.1593 -0.9780 0.1346
vn -0.0605 -0.9028 0.4258
vn -0.0656 -0.9466 0.3157
vn 0.0069 -0.5623 0.8269
vn 0.0295 0.0624 0.9976
vn 0.0492 0.0585 0.9971
vn -0.0360 -0.3419 0.9391
vn 0.0140 -0.2630 0.9647
vn -0.0305 -0.3318 0.9429
vn 0.0096 -0.4513 0.8923
vn 0.0140 -0.2631 0.9647
vn 0.0090 -0.4618 0.8869
vn -0.3419 -0.6730 0.6559
vn -0.2218 -0.5828 0.7818
vn -0.1189 -0.5734 0.8106
vn 0.1207 -0.4491 0.8853
vn 0.4255 -0.0256 0.9046
vn 0.3523 0.0405 0.9350
vn 0.1982 0.2405 0.9502
vn 0.0824 0.3149 0.9455
vn 0.0554 0.7650 0.6416
vn -0.0570 -0.1469 0.9875
vn -0.2428 -0.6080 0.7559
vn -0.2216 -0.4978 0.8385
vn -0.2614 -0.5585 0.7873
vn -0.2261 -0.4705 0.8529
vn -0.1307 -0.5877 0.7984
vn -0.1792 0.1366 0.9743
vn -0.1604 0.6152 0.7719
vn -0.1636 0.6465 0.7452
vn -0.1607 0.6128 0.7738
vn -0.2805 -0.6330 0.7216
vn -0.2551 -0.6379 0.7267
vn 0.0492 0.5936 0.8032
vn 0.1645 0.6710 0.7230
vn 0.5424 0.6747 0.5006
vn 0.5998 0.6114 0.5161
vn -0.8561 0.1463 0.4957
vn -0.8493 0.3450 0.3997
vn 0.2210 -0.0027 0.9753
vn -0.5515 0.7856 -0.2806
vn -0.3126 0.7023 -0.6396
vn 0.3274 0.4043 -0.8540
vn 0.4218 0.3604 -0.8320
vn 0.6659 0.1982 -0.7193
vn 0.7450 0.0758 -0.6628
vn 0.6485 -0.1419 -0.7479
vn 0.1215 -0.9856 -0.1177
vn 0.1769 -0.9816 0.0715
vn 0.0205 -0.9756 0.2186
vn 0.0498 0.0158 0.9986
vn 0.0646 0.0732 0.9952
vn -0.0890 -0.6153 0.7833
vn -0.2181 -0.8889 0.4028
vn -0.4191 -0.7688 0.4830
vn 0.1221 -0.2647 0.9566
vn 0.0524 0.5220 0.8513
vn 0.0852 0.7361 -0.6715
vn 0.0113 0.1520 0.9883
vn 0.0088 0.1689 0.9856
vn -0.0085 0.2843 0.9587
vn -0.1787 -0.7337 0.6556
vn -0.2090 -0.4230 0.8817
vn -0.2228 -0.5125 0.8293
vn -0.1447 -0.5557 0.8187
vn -0.1882 0.2495 0.9499
vn -0.1663 0.4027 0.9001
vn -0.1787 0.6395 0.7478
vn -0.2718 -0.3428 0.8992
vn -0.2776 -0.3562 0.8923
vn -0.2724 -0.3444 0.8984
vn -0.4134 -0.1459 0.8988
vn -0.6982 0.3591 0.6194
vn -0.6913 0.3603 0.6264
vn -0.6950 0.3596 0.6226
vn -0.2826 0.1484 0.9477
vn -0.8215 0.1278 0.5556
vn -0.8675 0.1896 0.4598
vn -0.8889 0.2421 0.3889
vn 0.2909 0.1719 0.9412
vn -0.4932 0.7681 0.4085
vn -0.5945 0.7292 -0.3389
vn -0.0316 0.5659 -0.8239
vn 0.7342 0.1452 -0.6632
vn 0.7074 -0.0678 -0.7036
vn 0.5498 -0.3163 -0.7731
vn 0.4611 -0.4541 -0.7623
vn 0.3640 -0.5176 -0.7743
vn 0.0304 -0.9002 -0.4345
vn 0.0888 -0.9955 0.0344
vn 0.0832 -0.9927 0.0877
vn -0.0438 -0.4466 0.8936
vn -0.0103 -0.4404 0.8977
vn -0.0239 -0.4430 0.8962
vn 0.0027 -0.0150 0.9999
vn 0.0498 0.0159 0.9986
vn -0.0229 -0.0299 0.9993
vn 0.0920 0.2216 0.9708
vn 0.0921 0.2195 0.9712
vn 0.1195 0.1791 0.9765
vn 0.1253 0.1881 0.9741
vn -0.2140 -0.9023 0.3744
vn -0.4402 -0.8079 0.3919
vn -0.2013 -0.4822 0.8526
vn -0.0492 -0.5144 0.8561
vn 0.3027 -0.1276 0.9445
vn 0.3220 -0.0185 0.9466
vn 0.3035 0.0756 0.9498
vn 0.2414 0.1325 0.9613
vn -0.0105 0.2970 0.9548
vn 0.0500 0.6530 0.7557
vn 0.0384 0.6904 0.7224
vn 0.0386 0.6840 0.7285
vn -0.2451 -0.4123 0.8775
vn -0.0905 0.7375 0.6692
vn -0.1434 0.7103 0.6892
vn -0.1249 0.6506 0.7491
vn -0.1584 -0.5605 0.8129
vn -0.3539 -0.0602 0.9333
vn -0.7021 0.3584 0.6153
vn 0.4098 0.6005 0.6866
vn 0.4965 0.6260 0.6014
vn -0.6765 0.2121 0.7052
vn 0.4978 0.5733 0.6508
vn -0.8655 0.3131 0.3910
vn -0.8037 0.4310 0.4102
vn 0.3001 0.1715 0.9384
vn 0.2908 0.1719 0.9412
vn -0.2321 0.4597 0.8572
vn -0.2111 0.3819 0.8998
vn -0.3754 0.5315 0.7593
vn -0.2918 0.4675 0.8344
vn -0.2943 0.6392 -0.7105
vn -0.2117 0.5818 -0.7853
vn -0.1008 0.5815 -0.8072
vn 0.1713 0.4940 -0.8524
vn 0.4582 0.3173 -0.8303
vn 0.5352 0.2099 -0.8182
vn 0.2539 -0.5865 -0.7691
vn 0.1007 -0.8717 -0.4796
vn 0.0223 -0.1375 0.9903
vn 0.0264 -0.1260 0.9917
vn -0.0471 -0.3284 0.9434
vn 0.1272 0.1285 0.9835
vn -0.1530 -0.6442 0.7494
vn 0.1271 0.1285 0.9835
vn 0.1119 0.3110 0.9438
vn 0.1152 0.2653 0.9573
vn -0.2877 -0.8683 0.4041
vn -0.3584 -0.5447 0.7582
vn -0.2836 -0.5391 0.7930
vn 0.0053 -0.4459 0.8951
vn 0.0712 -0.3695 0.9265
vn 0.1410 0.1964 0.9703
vn 0.0432 0.4775 0.8776
vn -0.2327 -0.2786 0.9318
vn -0.0613 0.6565 0.7518
vn -0.0845 0.7291 0.6792
vn -0.7205 -0.0123 0.6933
vn 0.1700 -0.3922 0.9040
vn -0.2294 0.4395 0.8685
vn -0.1855 0.4751 0.8601
vn -0.0247 0.3281 0.9443
vn -0.0015 0.3063 0.9519
vn -0.1050 0.4009 0.9101
vn -0.1303 0.4229 0.8967
vn 0.0803 0.1262 0.9888
vn 0.4265 0.4047 0.8089
vn -0.3525 0.4812 0.8026
vn -0.4471 0.6571 0.6070
vn -0.6052 0.7841 -0.1374
vn 0.5994 0.1901 -0.7776
vn 0.6939 0.0836 -0.7152
vn 0.7026 0.0020 -0.7116
vn 0.5878 -0.2133 -0.7804
vn 0.5468 -0.2558 -0.7972
vn 0.5297 -0.2031 -0.8235
vn 0.1416 -0.7326 -0.6658
vn -0.0281 -0.9497 -0.3119
vn 0.0550 -0.9942 -0.0925
vn 0.0603 -0.9981 -0.0082
vn -0.0154 -0.9993 -0.0336
vn -0.0373 -0.9978 0.0548
vn -0.0238 -0.9868 0.1603
vn -0.0773 -0.9001 0.4288
vn -0.0509 -0.3386 0.9395
vn 0.1223 0.0863 0.9887
vn 0.0489 -0.3544 0.9338
vn 0.0316 -0.3788 0.9250
vn 0.1373 -0.2238 0.9649
vn -0.3143 -0.8637 0.3941
vn -0.1252 -0.4682 0.8747
vn -0.0035 0.5254 0.8509
vn 0.0519 0.6461 0.7615
vn -0.0017 0.6732 0.7395
vn -0.1565 0.4995 0.8520
vn -0.1199 0.5877 0.8001
vn -0.1787 0.6394 0.7478
vn -0.1863 0.6352 0.7495
vn -0.1635 0.6465 0.7452
vn -0.2910 0.3726 0.8812
vn -0.0368 0.9349 0.3530
vn -0.0150 0.9215 0.3881
vn -0.0717 0.8127 0.5783
vn -0.2783 -0.3578 0.8914
vn 0.0741 0.7003 0.7100
vn 0.1672 0.7305 0.6622
vn 0.1741 0.7804 0.6006
vn -0.3139 0.3166 0.8951
vn 0.4814 0.4909 0.7261
vn 0.4819 0.4506 0.7515
vn 0.5341 0.3740 0.7582
vn 0.4666 0.2949 0.8339
vn 0.4878 0.3394 0.8042
vn 0.4515 0.2489 0.8568
vn 0.4182 0.2634 0.8693
vn 0.4236 0.2354 0.8747
vn 0.4198 0.2388 0.8756
vn -0.1792 0.4186 0.8903
vn -0.5630 0.7722 0.2944
vn -0.5350 0.8149 0.2228
vn -0.5820 0.8113 -0.0562
vn -0.5937 0.6751 -0.4379
vn 0.0484 0.4981 -0.8658
vn 0.2205 0.4088 -0.8856
vn 0.4613 0.2871 -0.8395
vn 0.4694 0.2463 -0.8480
vn 0.4840 -0.3766 -0.7899
vn 0.0870 -0.8280 -0.5539
vn 0.0369 -0.9774 -0.2080
vn -0.0741 -0.9971 -0.0181
vn -0.1215 -0.9320 0.3414
vn 0.0105 -0.4363 0.8997
vn -0.1451 -0.8431 0.5178
vn -0.1933 -0.9331 0.3033
vn -0.1709 -0.9060 0.3872
vn -0.0294 -0.5940 0.8039
vn 0.1195 0.1791 0.9766
vn 0.1584 0.2741 0.9486
vn 0.1418 0.2830 0.9486
vn 0.0514 0.0992 0.9937
vn 0.0653 0.0792 0.9947
vn 0.0431 0.1777 0.9831
vn -0.0174 0.1430 0.9896
vn -0.4473 -0.7944 0.4109
vn -0.5132 -0.7368 0.4402
vn -0.4911 -0.6656 0.5620
vn -0.4080 -0.6646 0.6260
vn -0.3849 -0.6017 0.6999
vn -0.3751 -0.5485 0.7473
vn -0.2677 -0.4396 0.8574
vn -0.0136 -0.3234 0.9462
vn 0.0834 -0.2076 0.9747
vn 0.2351 0.0222 0.9717
vn 0.1127 0.0874 0.9898
vn -0.0562 0.5519 0.8320
vn -0.0210 0.6275 0.7784
vn -0.2524 0.6571 0.7103
vn -0.1849 0.6908 0.6991
vn -0.1449 -0.5620 0.8143
vn -0.2153 0.1287 0.9680
vn -0.2240 0.3061 0.9252
vn -0.1092 0.7293 0.6755
vn -0.1084 0.7251 0.6801
vn -0.1892 0.4816 0.8557
vn -0.0831 0.8612 0.5015
vn -0.0829 0.8562 0.5100
vn -0.1252 0.8105 0.5722
vn 0.4241 0.1973 0.8839
vn -0.5067 0.7222 0.4709
vn -0.5724 0.8175 0.0631
vn -0.6323 0.7352 -0.2443
vn -0.4692 0.6867 -0.5553
vn -0.3838 0.6635 -0.6423
vn -0.3342 0.5675 -0.7525
vn 0.3333 0.3301 -0.8832
vn 0.2530 0.3515 -0.9013
vn 0.3925 0.3127 -0.8650
vn 0.6521 0.1630 -0.7404
vn 0.6569 0.1295 -0.7428
vn 0.6056 -0.0156 -0.7957
vn 0.6209 -0.0618 -0.7814
vn 0.5809 -0.0992 -0.8079
vn 0.1579 -0.6321 -0.7586
vn 0.0924 -0.7697 -0.6316
vn 0.0350 -0.8293 -0.5576
vn -0.0570 -0.8864 -0.4595
vn -0.1400 -0.9613 0.2374
vn -0.0324 -0.5023 0.8641
vn -0.0438 -0.5048 0.8622
vn -0.0385 -0.5036 0.8631
vn 0.1829 0.2559 0.9493
vn 0.1491 -0.2056 0.9672
vn 0.0029 0.3968 0.9179
vn 0.1017 0.4145 0.9043
vn 0.0678 0.4089 0.9101
vn -0.0582 -0.2015 0.9778
vn 0.1014 0.0277 0.9945
vn 0.0984 0.0502 0.9939
vn 0.0747 0.1444 0.9867
vn 0.0397 0.1212 0.9918
vn -0.0320 0.0533 0.9981
vn -0.0139 -0.0160 0.9998
vn 0.2255 -0.0917 0.9699
vn 0.0640 0.1923 0.9792
vn 0.0108 0.3689 0.9294
vn -0.0535 0.4383 0.8973
vn -0.0841 -0.4609 0.8835
vn -0.1328 -0.5666 0.8132
vn -0.2479 0.1278 0.9603
vn -0.0149 0.9215 0.3881
vn -0.0439 0.8683 0.4941
vn 0.4809 -0.0786 0.8732
vn -0.2134 0.0532 0.9755
vn -0.3572 0.3989 0.8446
vn -0.5131 0.4960 0.7005
vn 0.6206 0.0686 -0.7811
vn 0.5479 -0.1360 -0.8254
vn -0.0086 -0.8517 -0.5240
vn -0.1876 -0.7944 -0.5777
vn -0.1399 -0.9227 -0.3592
vn -0.0788 -0.9459 -0.3147
vn -0.0245 -0.9885 -0.1492
vn -0.1440 -0.9884 0.0488
vn 0.2303 -0.6796 0.6965
vn 0.1831 -0.8623 0.4721
vn 0.4283 -0.5726 0.6991
vn 0.2320 -0.9504 0.2071
vn 0.0764 -0.9798 0.1850
vn -0.0537 -0.9487 0.3117
vn 0.2455 -0.5797 0.7769
vn 0.4375 -0.8004 0.4097
vn -0.1667 -0.8062 0.5676
vn -0.0990 -0.7826 0.6146
vn -0.0807 -0.6131 0.7859
vn -0.1520 -0.7018 0.6959
vn 0.5543 -0.5827 0.5944
vn 0.0875 -0.9952 0.0436
vn -0.0745 -0.9955 0.0581
vn -0.0316 -0.9987 0.0393
vn 0.1573 -0.9811 0.1124
vn 0.0221 -0.9546 0.2972
vn -0.1104 -0.9931 0.0390
vn 0.2380 -0.8342 0.4974
vn 0.3338 -0.8588 0.3887
vn 0.0497 -0.9911 0.1237
vn 0.2494 -0.9552 0.1593
vn 0.1141 -0.9916 0.0616
vn 0.2883 -0.9467 0.1437
vn 0.2676 -0.9435 0.1952
vn 0.1571 -0.9836 0.0887
vn -0.0242 -0.9987 0.0453
vn -0.0899 -0.9955 0.0292
vn -0.0034 -0.9999 -0.0146
vn 0.1455 -0.9777 0.1513
vn 0.6014 -0.6114 0.5143
vn 0.5784 -0.7003 0.4183
vn 0.5844 -0.6717 0.4553
vn -0.1857 -0.9639 0.1909
vn -0.1087 -0.9923 0.0596
vn -0.0300 -0.9967 0.0752
vn 0.1755 -0.9515 0.2528
vn 0.2019 -0.9333 0.2971
vn 0.1430 -0.9626 0.2300
vn -0.1837 -0.9829 0.0093
vn -0.1254 -0.9918 -0.0229
vn -0.1993 -0.9791 -0.0404
vn 0.1894 -0.9340 0.3030
vn -0.3497 -0.9345 0.0665
vn -0.2801 -0.9594 -0.0321
vn -0.3743 -0.9200 0.1164
vn -0.3151 -0.9405 -0.1272
vn -0.5042 -0.8469 -0.1686
vn -0.1135 -0.9918 0.0584
vn -0.5757 -0.8170 0.0325
vn -0.2585 -0.9557 0.1408
vn -0.1918 -0.9773 0.0900
vn -0.2218 -0.9706 0.0931
vn 0.1590 -0.8610 0.4831
vn 0.0474 -0.8782 0.4759
vn 0.0161 -0.8799 0.4748
vn -0.3806 -0.9119 0.1532
vn 0.0871 -0.8899 0.4478
vn -0.6147 -0.7548 -0.2289
vn -0.5393 -0.8092 -0.2330
vn -0.5401 -0.8416 -0.0017
vn -0.2462 -0.8254 0.5080
vn -0.1416 -0.8907 0.4320
vn -0.0178 -0.9078 0.4191
vn 0.0499 -0.9154 0.3995
vn 0.2842 -0.9492 0.1348
vn -0.0881 -0.9961 -0.0098
vn -0.2279 -0.9722 0.0541
vn -0.6732 -0.7369 0.0613
vn -0.5151 -0.8569 0.0212
vn -0.4691 -0.7957 0.3832
vn 0.1630 -0.9360 0.3119
vn -0.7174 -0.6854 -0.1245
vn -0.3426 -0.7776 0.5272
vn 0.6152 -0.5511 0.5637
vn -0.4545 -0.8907 -0.0084
vn -0.4114 -0.8881 0.2047
vn 0.0606 -0.9829 0.1738
vn -0.3490 -0.9301 -0.1142
vn -0.5345 -0.8440 -0.0445
vn -0.5229 -0.8480 -0.0870
vn -0.5656 -0.8219 0.0668
vn -0.4341 -0.8942 -0.1099
vn -0.6061 -0.7892 -0.0989
vn -0.3112 -0.8177 0.4843
vn 0.0062 -0.8662 0.4997
vn -0.1631 -0.7069 0.6883
vn -0.2103 -0.6944 0.6882
vn 0.4652 -0.6970 0.5457
vn 0.2688 -0.9436 0.1935
vn -0.4826 -0.8483 0.2178
vn -0.3942 -0.9189 0.0153
vn -0.3599 -0.9265 0.1100
vn 0.1185 -0.9433 0.3100
vn 0.1231 -0.9466 0.2981
vn -0.0606 -0.9662 0.2507
vn -0.0749 -0.9969 0.0250
vn -0.0258 -0.9995 0.0184
vn -0.0209 -0.9996 0.0180
vn -0.2122 -0.9718 -0.1027
vn -0.1342 -0.9864 -0.0952
vn -0.6381 -0.7311 0.2417
vn 0.0798 -0.8918 0.4453
vn -0.5453 -0.8291 0.1236
vn -0.5505 -0.8239 0.1346
vn 0.1075 -0.9086 0.4035
vn -0.7199 -0.6682 -0.1875
vn -0.6213 -0.7684 -0.1534
vn -0.6062 -0.7892 -0.0989
vn -0.5785 -0.6896 0.4356
vn -0.4392 -0.6538 0.6162
vn 0.1160 -0.9436 0.3100
vn -0.7320 -0.6809 0.0250
vn -0.7384 -0.6737 0.0282
vn -0.6820 -0.7314 0.0009
vn -0.3806 -0.8725 0.3064
vn 0.4055 -0.3469 0.8457
vn 0.4518 -0.8571 0.2476
vn -0.3945 -0.9188 0.0154
vn -0.2218 -0.9706 0.0930
vn -0.7038 -0.7094 -0.0372
vn -0.1104 -0.8283 0.5493
vn 0.3637 -0.6890 0.6269
vn 0.4620 -0.6797 0.5697
vn 0.5176 -0.5258 0.6750
vn 0.5650 -0.3977 0.7229
vn 0.5235 -0.4370 0.7315
vn -0.8300 -0.5198 -0.2022
vn -0.3890 -0.6894 0.6111
vn -0.1440 -0.4080 0.9016
vn -0.0565 -0.5592 0.8271
vn 0.0649 -0.4147 0.9077
vn 0.5902 -0.4226 0.6878
vn 0.6153 -0.5510 0.5637
vn -0.6360 -0.7490 0.1859
vn 0.1593 -0.3368 0.9280
vn 0.3796 -0.3617 0.8515
vn 0.1308 -0.2908 0.9478
vn 0.2619 -0.4063 0.8754
vn 0.5055 -0.3640 0.7823
vn 0.5348 -0.6804 0.5010
vn 0.5410 -0.7516 0.3773
vn 0.5089 -0.7628 0.3990
vn 0.5091 -0.7956 0.3284
vn -0.5284 -0.8443 0.0896
vn -0.8733 -0.4863 0.0285
vn -0.8583 -0.5128 0.0161
vn -0.8254 -0.5351 0.1799
vn -0.6649 -0.7469 -0.0069
vn -0.4418 -0.8264 0.3491
vn -0.3084 -0.3264 0.8935
vn -0.1791 -0.2771 0.9440
vn -0.4219 -0.2409 0.8740
vn -0.1596 -0.2453 0.9562
vn 0.1152 -0.2738 0.9549
vn 0.1912 -0.1726 0.9662
vn 0.1863 -0.1795 0.9660
vn -0.1053 -0.9944 -0.0027
vn -0.4885 -0.8545 -0.1765
vn -0.8401 -0.5424 -0.0070
vn -0.5013 -0.6389 0.5836
vn -0.5988 -0.6532 0.4634
vn 0.1438 -0.7211 0.6777
vn 0.1728 -0.7301 0.6611
vn 0.2895 -0.6815 0.6721
vn -0.9127 -0.4044 -0.0588
vn -0.8805 -0.4690 0.0687
vn 0.1550 -0.5361 0.8298
vn 0.3246 -0.7496 0.5769
vn 0.3046 -0.7598 0.5744
vn 0.3658 -0.7325 0.5741
vn 0.3876 -0.7289 0.5644
vn 0.3793 -0.7259 0.5738
vn 0.6472 -0.4241 0.6334
vn -0.6287 -0.7036 0.3312
vn 0.6979 -0.5624 0.4434
vn 0.3198 -0.9401 0.1181
vn -0.0058 -1.0000 0.0035
vn -0.3399 -0.9284 -0.1501
vn -0.9161 -0.3845 0.1135
vn -0.7678 -0.6096 0.1970
vn 0.0514 -0.1939 0.9797
vn -0.0938 -0.3006 0.9491
vn 0.0269 -0.4408 0.8972
vn -0.6297 -0.5386 0.5599
vn -0.6158 -0.4741 0.6293
vn -0.6087 -0.4471 0.6554
vn -0.8605 -0.5045 0.0703
vn -0.8275 -0.5010 0.2535
vn -0.8531 -0.5127 0.0969
vn -0.4336 -0.8857 -0.1657
vn 0.5896 -0.5674 0.5749
vn -0.5232 -0.5557 0.6461
vn -0.4997 -0.5570 0.6633
vn -0.5164 -0.5561 0.6512
vn -0.2448 0.0406 0.9687
vn -0.2435 0.0586 0.9681
vn -0.2984 0.1549 0.9418
vn 0.2613 -0.0731 0.9625
vn 0.5948 -0.2606 0.7604
vn -0.0371 -0.9980 -0.0504
vn -0.8393 -0.5039 -0.2041
vn -0.9144 -0.3816 -0.1352
vn -0.8615 -0.4242 -0.2790
vn -0.5013 -0.6388 0.5836
vn -0.5005 -0.6315 0.5922
vn 0.1137 -0.4743 0.8730
vn -0.9378 -0.3208 -0.1327
vn -0.8019 -0.5343 0.2673
vn -0.8988 -0.3790 0.2201
vn -0.7930 -0.4974 0.3516
vn -0.1284 -0.2206 0.9669
vn -0.1137 -0.1883 0.9755
vn 0.3787 -0.3959 0.8366
vn -0.6671 -0.5155 0.5378
vn -0.4236 -0.2397 0.8735
vn -0.4448 -0.1697 0.8794
vn -0.4757 -0.2213 0.8513
vn -0.5386 -0.5546 0.6343
vn -0.3001 0.1993 0.9328
vn -0.1015 -0.9848 0.1407
vn 0.0365 -0.9898 -0.1375
vn -0.2832 -0.9425 -0.1775
vn -0.9631 -0.2112 -0.1666
vn -0.9770 -0.2124 -0.0184
vn -0.0864 -0.1050 0.9907
vn -0.5851 -0.3713 0.7210
vn -0.1316 -0.0650 0.9892
vn 0.2795 -0.3176 0.9061
vn 0.5997 -0.2862 0.7473
vn -0.8531 -0.5127 0.0968
vn -0.8680 -0.4966 -0.0069
vn -0.8654 -0.5009 -0.0111
vn -0.7220 -0.5400 0.4326
vn -0.4942 -0.0476 0.8680
vn -0.3266 0.1629 0.9310
vn -0.1224 0.1149 0.9858
vn -0.1446 0.2717 0.9515
vn 0.1546 0.0038 0.9880
vn 0.2638 0.0176 0.9644
vn 0.1764 0.0865 0.9805
vn 0.3278 0.1211 0.9370
vn 0.6224 -0.6021 0.5000
vn 0.6420 -0.5941 0.4846
vn -0.5769 -0.6868 0.4421
vn -0.7060 -0.6453 0.2917
vn -0.6916 -0.6519 0.3109
vn -0.8553 -0.4726 0.2124
vn -0.6071 -0.1899 0.7716
vn 0.5766 -0.0447 0.8158
vn 0.7495 -0.3128 0.5834
vn 0.1258 -0.9915 0.0335
vn -0.0340 -0.9956 -0.0873
vn -0.0765 -0.9921 -0.0999
vn -0.0947 -0.9897 -0.1078
vn -0.1771 -0.9710 -0.1604
vn -0.7006 -0.6276 -0.3396
vn -0.7725 -0.5659 -0.2879
vn -0.7913 -0.4946 -0.3595
vn 0.0256 0.1124 0.9933
vn -0.9548 -0.2429 -0.1712
vn -0.8300 -0.5197 -0.2022
vn 0.1932 -0.2524 0.9481
vn -0.8950 -0.4460 -0.0083
vn -0.9597 -0.2540 0.1199
vn -0.9076 -0.3491 0.2331
vn -0.9697 -0.1514 0.1919
vn 0.5793 -0.0938 0.8097
vn 0.6916 -0.5179 0.5035
vn -0.5768 -0.6869 0.4421
vn -0.5533 -0.6910 0.4652
vn -0.8981 -0.4263 0.1080
vn -0.7049 -0.0297 0.7087
vn -0.0042 0.3575 0.9339
vn 0.1046 0.2660 0.9583
vn 0.0532 0.4805 0.8754
vn 0.1721 0.2654 0.9486
vn 0.7026 0.0034 0.7116
vn -0.1014 -0.9849 0.1406
vn -0.0040 -1.0000 0.0020
vn -0.0162 -0.9779 -0.2086
vn 0.0258 -0.9260 -0.3765
vn -0.0555 -0.9616 -0.2689
vn -0.0718 -0.9853 -0.1549
vn -0.7517 -0.5204 -0.4051
vn -0.9374 -0.1918 -0.2906
vn -0.8233 -0.2666 0.5011
vn -0.7497 -0.2309 0.6202
vn -0.8009 -0.2347 0.5508
vn -0.7547 -0.2382 0.6113
vn 0.3803 -0.0232 0.9246
vn 0.3662 -0.2107 0.9064
vn 0.4594 -0.1960 0.8663
vn 0.5102 -0.1966 0.8373
vn 0.5099 -0.1146 0.8525
vn -0.4558 -0.6751 0.5801
vn -0.9671 -0.2516 0.0384
vn 0.4829 -0.2329 0.8441
vn -0.8854 -0.2490 0.3924
vn -0.5420 -0.2308 0.8081
vn 0.6673 -0.2541 0.7001
vn -0.3804 0.3869 0.8400
vn 0.8703 -0.2338 0.4334
vn 0.8407 -0.4031 0.3615
vn 0.7640 -0.5656 0.3105
vn 0.1261 -0.9919 0.0138
vn -0.4254 -0.9011 0.0835
vn 0.0437 -0.9978 -0.0502
vn -0.2374 -0.8580 -0.4555
vn -0.3010 -0.8666 -0.3981
vn -0.3241 -0.7513 -0.5748
vn -0.4366 -0.8184 -0.3738
vn -0.4527 -0.8219 -0.3458
vn -0.5878 -0.6833 -0.4331
vn -0.6955 -0.5844 -0.4180
vn -0.9820 -0.0772 0.1724
vn -0.9379 -0.2517 0.2387
vn -0.9319 -0.1033 0.3477
vn 0.1691 0.2404 0.9558
vn 0.5099 -0.1146 0.8526
vn -0.9592 -0.0854 0.2697
vn -0.9121 -0.1482 0.3823
vn -0.3793 0.0847 0.9214
vn -0.2911 0.2643 0.9195
vn -0.3889 0.1435 0.9100
vn -0.8765 -0.0433 0.4794
vn -0.7859 -0.1751 0.5930
vn 0.1090 0.2700 0.9567
vn -0.7925 -0.2883 0.5374
vn -0.7824 -0.2869 0.5528
vn -0.2372 0.5138 0.8245
vn 0.2140 0.2869 0.9338
vn 0.6389 0.1358 0.7572
vn 0.7818 -0.0951 0.6162
vn 0.1922 -0.9766 -0.0969
vn 0.1676 -0.9501 -0.2633
vn -0.0247 -0.6781 -0.7346
vn -0.3129 -0.8707 -0.3794
vn -0.8420 -0.3198 -0.4346
vn -0.9623 0.0485 -0.2677
vn -0.8334 0.1526 0.5312
vn -0.6466 0.1719 0.7432
vn -0.7573 0.1911 0.6245
vn -0.9971 -0.0426 -0.0625
vn -0.7379 -0.1628 0.6549
vn -0.3017 0.3152 0.8998
vn 0.2004 0.1243 0.9718
vn 0.2457 0.0521 0.9679
vn 0.3718 0.0915 0.9238
vn -0.4387 0.2742 0.8557
vn -0.3082 0.4936 0.8132
vn 0.0465 0.4677 0.8827
vn 0.6700 0.0988 0.7357
vn 0.7338 -0.1792 0.6553
vn 0.7146 -0.2764 0.6426
vn 0.7139 -0.2761 0.6435
vn -0.1987 -0.5685 0.7984
vn -0.8050 -0.2899 0.5177
vn -0.7092 -0.0413 0.7038
vn -0.7386 0.0857 0.6687
vn -0.7184 0.2208 0.6597
vn 0.8648 -0.0643 0.4980
vn 0.4750 -0.8638 0.1681
vn -0.3372 -0.8652 -0.3710
vn -0.4604 -0.7655 -0.4494
vn -0.7750 -0.3927 -0.4952
vn -0.8873 -0.2347 -0.3970
vn -0.9939 0.0361 -0.1044
vn -0.9971 0.0435 0.0618
vn -0.5750 0.2028 0.7926
vn 0.3579 0.1933 0.9136
vn -0.8957 0.2225 0.3849
vn -0.9880 0.0958 0.1211
vn -0.9592 -0.0853 0.2696
vn -0.9156 -0.0460 0.3995
vn -0.0916 0.4509 0.8879
vn -0.0408 0.4885 0.8716
vn 0.1813 0.1386 0.9736
vn 0.4602 -0.0733 0.8848
vn 0.5317 0.0043 0.8469
vn -0.9476 -0.2377 0.2132
vn -0.9827 -0.1738 0.0638
vn -0.9775 -0.1673 0.1284
vn -0.7730 0.0016 0.6344
vn -0.9492 -0.1198 0.2909
vn -0.9448 -0.1144 0.3071
vn -0.9479 -0.0625 0.3125
vn 0.6014 0.4020 0.6904
vn 0.9296 -0.0033 0.3686
vn 0.3676 -0.9272 0.0722
vn 0.1565 -0.9872 -0.0299
vn 0.1915 -0.9815 -0.0027
vn 0.2170 -0.9582 -0.1865
vn 0.1794 -0.8407 -0.5109
vn 0.0939 -0.7546 -0.6494
vn -0.1963 -0.7119 -0.6743
vn -0.4598 -0.5521 -0.6955
vn -0.4651 -0.6707 -0.5777
vn -0.7020 -0.4426 -0.5579
vn -0.9120 -0.0361 -0.4085
vn -0.9598 0.1844 0.2114
vn -0.9022 0.2368 0.3604
vn 0.0678 0.3771 0.9237
vn -0.7577 0.3004 0.5794
vn -0.7611 0.3546 0.5431
vn 0.2087 0.1602 0.9648
vn 0.1106 -0.2171 0.9699
vn 0.7268 0.0058 0.6868
vn -0.9435 -0.0546 0.3268
vn -0.7060 0.3536 0.6136
vn -0.4054 0.5672 0.7169
vn 0.7924 0.2087 0.5732
vn -0.1316 -0.7149 -0.6867
vn -0.1585 -0.7029 -0.6934
vn -0.5922 -0.5566 -0.5826
vn -0.9746 0.2232 0.0186
vn -0.3415 0.4134 0.8441
vn -0.3016 0.5117 0.8045
vn -0.3517 0.4552 0.8180
vn -0.8397 -0.1823 0.5115
vn -0.8008 -0.1295 0.5847
vn -0.8159 -0.1489 0.5586
vn -0.3386 -0.1595 0.9273
vn -0.9935 -0.0260 -0.1105
vn 0.2051 0.4076 0.8898
vn -0.9889 0.0813 0.1243
vn -0.9669 0.1067 0.2318
vn -0.8577 0.2059 0.4710
vn -0.7568 0.1827 0.6276
vn -0.0610 0.5881 0.8065
vn 0.8609 0.2318 0.4529
vn 0.3915 -0.7473 -0.5369
vn 0.0840 -0.4948 -0.8649
vn -0.3149 -0.5320 -0.7860
vn -0.5579 -0.5569 -0.6152
vn -0.5709 -0.4180 -0.7067
vn -0.8665 -0.1532 -0.4752
vn -0.9694 0.1983 -0.1450
vn -0.9732 0.2073 0.0999
vn -0.8251 0.4443 0.3490
vn 0.7619 0.0588 0.6450
vn -0.0626 0.1144 0.9915
vn -0.9370 0.0615 0.3440
vn 0.3272 0.5342 0.7795
vn 0.3544 0.5276 0.7721
vn 0.3314 0.6503 0.6836
vn 0.9134 0.1706 0.3696
vn 0.6485 -0.7397 0.1799
vn 0.4115 -0.9113 0.0145
vn 0.2713 -0.9617 -0.0395
vn 0.3022 -0.9473 -0.1062
vn 0.3887 -0.5320 -0.7523
vn -0.6439 0.5834 0.4949
vn -0.6356 0.5944 0.4926
vn -0.5551 0.6235 0.5506
vn -0.4530 0.6418 0.6187
vn -0.4944 0.5567 0.6675
vn -0.4021 0.6451 0.6497
vn -0.7958 0.3526 0.4924
vn -0.5311 0.5468 0.6473
vn -0.5111 0.5120 0.6904
vn 0.3263 0.4514 0.8305
vn 0.2120 0.5937 0.7763
vn -0.9209 0.1815 0.3450
vn -0.6855 0.4148 0.5984
vn -0.2884 0.6505 0.7026
vn -0.0234 0.7193 0.6943
vn 0.9387 -0.1504 0.3101
vn 0.8389 -0.4776 0.2610
vn 0.5784 -0.6824 -0.4470
vn 0.6154 -0.4942 -0.6140
vn 0.2029 -0.5513 -0.8092
vn -0.0794 -0.2505 -0.9649
vn -0.1449 -0.4081 -0.9013
vn -0.2557 -0.2803 -0.9252
vn -0.8982 0.1581 -0.4101
vn -0.9249 0.2646 -0.2732
vn 0.1977 0.3602 0.9117
vn -0.9799 0.1870 0.0693
vn 0.5095 0.3631 0.7801
vn 0.4840 0.4456 0.7531
vn 0.8684 0.3639 0.3367
vn 0.6971 -0.7160 -0.0359
vn 0.6445 -0.7633 0.0438
vn 0.6397 -0.7660 -0.0631
vn 0.6214 -0.6825 -0.3847
vn 0.0113 -0.2732 -0.9619
vn -0.4783 -0.2950 -0.8272
vn -0.7999 -0.1681 -0.5762
vn -0.8796 0.3208 -0.3512
vn -0.9094 0.3813 0.1660
vn 0.1393 0.3964 0.9074
vn -0.8943 0.4060 0.1879
vn -0.7682 0.5781 0.2751
vn -0.0557 0.6273 0.7768
vn 0.3891 0.2969 0.8721
vn -0.4641 0.6253 0.6274
vn 0.7619 0.0589 0.6450
vn -0.8931 0.2721 0.3583
vn 0.8021 -0.5662 -0.1896
vn 0.5283 -0.2974 -0.7952
vn -0.5605 -0.2002 -0.8036
vn -0.6995 -0.3182 -0.6398
vn -0.8560 0.0055 -0.5170
vn -0.9128 0.3796 -0.1508
vn -0.7639 0.5711 0.3005
vn -0.5752 0.6778 0.4579
vn -0.2052 0.5713 0.7947
vn -0.8492 -0.1968 0.4900
vn -0.8551 0.3647 0.3685
vn -0.8791 0.3353 0.3388
vn 0.7482 0.5375 0.3891
vn 0.9549 -0.1416 0.2611
vn 0.8469 -0.5024 0.1740
vn 0.6758 -0.7326 0.0817
vn 0.8422 -0.5237 -0.1280
vn 0.4060 -0.9082 -0.1013
vn 0.6959 -0.6507 -0.3037
vn 0.3239 -0.2633 -0.9087
vn 0.1581 -0.3720 -0.9147
vn -0.6784 -0.2195 -0.7011
vn -0.9355 0.3510 -0.0398
vn -0.8837 0.4580 0.0969
vn -0.2407 0.4996 0.8321
vn -0.6162 0.1378 0.7755
vn -0.6566 0.1736 0.7340
vn -0.5595 0.0905 0.8239
vn -0.9831 0.1413 0.1160
vn -0.9591 0.2294 0.1659
vn 0.1345 0.5821 0.8019
vn -0.1796 0.7042 0.6869
vn 0.7557 0.0810 0.6498
vn -0.2815 0.2355 0.9302
vn -0.2547 0.2946 0.9211
vn -0.2368 0.3321 0.9130
vn 0.7124 0.4749 0.5167
vn 0.9458 0.1386 0.2937
vn 0.8734 -0.4851 0.0422
vn 0.8886 -0.4587 0.0013
vn 0.8416 -0.4333 -0.3225
vn 0.8146 -0.2960 -0.4988
vn 0.8211 -0.1637 -0.5469
vn 0.1141 -0.1985 -0.9734
vn -0.2255 -0.0324 -0.9737
vn -0.8754 0.1236 -0.4672
vn -0.8421 0.4638 -0.2752
vn -0.9068 0.3866 0.1679
vn -0.3179 0.7476 0.5832
vn -0.2166 0.2037 0.9548
vn -0.8472 0.1133 0.5190
vn -0.8362 0.0832 0.5421
vn -0.8604 0.1551 0.4854
vn 0.0557 0.7116 0.7004
vn -0.6947 0.4364 0.5717
vn -0.4897 0.5431 0.6821
vn 0.2455 0.7735 0.5844
vn 0.4968 0.6879 0.5292
vn 0.9149 -0.3844 0.1235
vn 0.9870 -0.1586 -0.0276
vn 0.9417 -0.3243 -0.0902
vn 0.9588 -0.2075 -0.1942
vn 0.6744 -0.1227 -0.7281
vn -0.4008 -0.1411 -0.9052
vn -0.8476 0.5305 -0.0150
vn -0.6845 0.6599 0.3098
vn -0.4366 0.7473 0.5009
vn -0.8722 0.3465 0.3453
vn 0.7658 0.5609 0.3147
vn 0.9706 -0.2259 0.0831
vn 0.4794 -0.0812 -0.8738
vn 0.0591 0.0095 -0.9982
vn -0.6429 -0.0619 -0.7635
vn -0.7812 -0.0135 -0.6241
vn -0.8214 0.5566 -0.1247
vn -0.5191 0.0584 0.8527
vn 0.4304 0.4753 0.7674
vn 0.7592 0.0666 0.6475
vn 0.9711 -0.1493 0.1864
vn -0.1126 0.0517 -0.9923
vn -0.3666 0.0949 -0.9255
vn -0.5460 -0.0136 -0.8377
vn -0.8135 0.1993 -0.5463
vn -0.1057 0.7007 0.7056
vn 0.1399 0.2195 0.9655
vn -0.4287 0.1450 0.8917
vn -0.8684 0.1852 0.4600
vn -0.7815 0.4493 0.4329
vn -0.4966 0.6351 0.5916
vn 0.5504 0.3253 0.7689
vn -0.2058 0.3937 0.8959
vn 0.6087 0.6616 0.4380
vn 0.9670 0.0931 0.2372
vn 0.9448 -0.1064 -0.3098
vn 0.7309 0.1272 -0.6706
vn 0.3648 0.0683 -0.9286
vn 0.2445 -0.0539 -0.9682
vn -0.7067 0.0508 -0.7057
vn -0.7539 0.1530 -0.6389
vn -0.8374 0.3037 -0.4544
vn -0.8173 0.4215 -0.3930
vn -0.7726 0.6165 0.1516
vn -0.5435 0.7025 0.4595
vn -0.9432 0.2843 0.1722
vn -0.9591 0.2295 0.1659
vn -0.9069 0.3865 0.1679
vn -0.6515 0.2567 0.7139
vn -0.6523 0.2598 0.7121
vn -0.6520 0.2589 0.7126
vn 0.0611 0.8021 0.5940
vn 0.8496 0.1250 -0.5124
vn 0.1825 0.0793 -0.9800
vn -0.4973 0.1665 -0.8514
vn -0.6185 0.1460 -0.7721
vn -0.3942 0.6881 0.6092
vn -0.2623 0.4986 0.8262
vn -0.7486 0.6045 0.2722
vn -0.3333 0.4829 0.8098
vn -0.1999 0.7140 0.6710
vn 0.9905 0.0361 0.1328
vn 0.9981 0.0143 0.0601
vn 0.9929 0.1100 -0.0449
vn 0.9926 0.0241 -0.1190
vn 0.5693 0.1316 -0.8115
vn 0.0407 0.2284 -0.9727
vn -0.1910 0.2236 -0.9558
vn -0.6172 0.7433 0.2582
vn -0.3322 0.4439 0.8322
vn -0.2408 0.4996 0.8321
vn -0.3078 0.4368 0.8453
vn -0.8155 0.2356 0.5286
vn 0.0885 0.6347 0.7677
vn -0.3416 0.7357 0.5848
vn -0.6528 0.2619 0.7108
vn -0.0313 0.7812 0.6235
vn 0.7451 0.6019 0.2873
vn 0.9747 0.1070 -0.1961
vn 0.9220 0.0483 -0.3842
vn -0.3305 0.2767 -0.9024
vn -0.7673 0.6048 -0.2131
vn -0.7200 0.5786 0.3833
vn -0.0826 0.4166 0.9053
vn -0.6345 0.3419 0.6932
vn -0.6428 0.4026 0.6517
vn -0.6385 0.3637 0.6782
vn 0.4492 0.3533 0.8206
vn -0.3143 0.4990 0.8076
vn 0.1874 0.8454 0.5002
vn 0.5911 0.7296 0.3440
vn 0.9246 0.2892 0.2481
vn 0.7584 0.2831 -0.5870
vn 0.3956 0.3007 -0.8678
vn 0.2533 0.2419 -0.9367
vn -0.5930 0.3196 -0.7391
vn -0.7679 0.3678 -0.5245
vn -0.7030 0.7112 0.0100
vn -0.2660 0.7509 0.6045
vn -0.6307 0.3176 0.7080
vn -0.6291 0.3190 0.7089
vn 0.2120 0.6891 0.6929
vn 0.8553 0.4434 0.2679
vn -0.4514 0.3230 -0.8318
vn -0.6955 0.3200 -0.6433
vn -0.7271 0.6106 -0.3140
vn -0.7049 0.7003 0.1123
vn -0.4325 0.7890 0.4364
vn -0.6308 0.3176 0.7080
vn -0.1289 0.8070 0.5764
vn 0.0500 0.7980 0.6006
vn 0.9696 0.2386 0.0547
vn 0.9132 0.2240 -0.3403
vn 0.5675 0.2961 -0.7682
vn -0.0242 0.4002 -0.9161
vn -0.1874 0.3955 -0.8991
vn -0.7510 0.4939 -0.4383
vn -0.6751 0.7350 -0.0640
vn -0.6021 0.5732 0.5558
vn -0.6852 0.6681 0.2900
vn -0.3501 0.6588 0.6659
vn 0.3400 0.5195 0.7840
vn 0.3203 0.8316 0.4537
vn 0.4657 0.7866 0.4053
vn -0.6532 0.6255 0.4266
vn -0.2427 0.4018 0.8830
vn 0.9543 0.2486 0.1659
vn 0.9509 0.2909 0.1055
vn 0.9405 0.3347 -0.0584
vn 0.9379 0.2930 -0.1856
vn 0.8184 0.3337 -0.4678
vn 0.6301 0.3830 -0.6754
vn 0.1900 0.3863 -0.9026
vn -0.3350 0.4283 -0.8393
vn -0.6755 0.5055 -0.5369
vn -0.6991 0.6211 -0.3543
vn -0.6936 0.6919 -0.2002
vn -0.5496 0.7414 0.3849
vn -0.3502 0.6588 0.6659
vn -0.3441 0.7436 0.5733
vn 0.6593 0.7041 0.2639
vn -0.4895 0.4829 -0.7261
vn -0.3569 0.8155 0.4555
vn 0.0119 0.5658 0.8245
vn 0.8973 0.4004 0.1856
vn 0.8921 0.4503 0.0380
vn 0.3976 0.4358 -0.8075
vn -0.2243 0.5612 -0.7967
vn -0.3887 0.5006 -0.7735
vn -0.5726 0.5187 -0.6349
vn -0.6220 0.7594 -0.1908
vn 0.1383 0.8662 0.4801
vn 0.8365 0.5091 0.2026
vn 0.8694 0.3739 -0.3230
vn 0.7416 0.4442 -0.5027
vn 0.1134 0.5566 -0.8230
vn -0.0405 0.5493 -0.8347
vn 0.8709 0.4781 0.1139
vn -0.3682 0.6272 -0.6863
vn -0.6239 0.6515 -0.4317
vn -0.5518 0.8328 -0.0451
vn -0.5533 0.7720 0.3128
vn 0.1402 0.7939 0.5916
vn 0.3893 0.8488 0.3579
vn 0.8868 0.4383 -0.1462
vn -0.5644 0.8189 0.1042
vn 0.4814 0.8307 0.2797
vn 0.8298 0.5496 0.0967
vn 0.2329 0.5575 -0.7969
vn -0.5536 0.6432 -0.5289
vn -0.5987 0.7523 -0.2750
vn -0.1988 0.8578 0.4740
vn 0.7682 0.6064 0.2050
vn 0.9106 0.4130 0.0132
vn -0.4440 0.6599 -0.6062
vn -0.5554 0.7441 -0.3712
vn -0.5024 0.8357 0.2219
vn -0.4718 0.8202 0.3235
vn 0.0216 0.8938 0.4480
vn 0.8631 0.4988 -0.0789
vn 0.8652 0.4755 -0.1590
vn -0.0102 0.7042 -0.7099
vn -0.1302 0.6822 -0.7194
vn 0.2439 0.8923 0.3799
vn 0.8459 -0.4908 0.2089
vn 0.8505 -0.4834 0.2072
vn 0.7854 -0.6022 0.1432
vn 0.8384 0.5420 0.0571
vn 0.7978 0.4644 -0.3844
vn 0.5916 0.5151 -0.6202
vn -0.4981 0.8238 -0.2706
vn -0.4945 0.8563 -0.1488
vn -0.3509 0.8606 0.3691
vn 0.5900 0.7685 0.2475
vn 0.8800 0.4332 -0.1950
vn 0.8592 0.4338 -0.2715
vn -0.4366 0.7692 -0.4666
vn -0.2375 0.8976 0.3714
vn 0.3170 0.9070 0.2773
vn 0.7090 0.6647 0.2355
vn 0.7830 0.5969 0.1750
vn 0.8143 0.5616 0.1470
vn 0.1167 -0.9896 0.0845
vn 0.1421 -0.9866 0.0798
vn -0.0690 -0.9931 0.0946
vn 0.4853 -0.8708 0.0783
vn 0.7782 -0.6197 0.1021
vn 0.7668 -0.6416 0.0166
vn 0.9465 0.3163 0.0638
vn 0.4292 0.5255 -0.7346
vn 0.1237 0.7300 -0.6722
vn -0.2692 0.6971 -0.6645
vn -0.3247 0.7566 -0.5675
vn -0.4457 0.8868 0.1222
vn -0.3709 0.8834 0.2864
vn 0.9718 -0.1795 0.1530
vn 0.5347 -0.8349 -0.1306
vn 0.4920 -0.8671 -0.0778
vn 0.5217 -0.8454 -0.1142
vn 0.6996 0.5259 -0.4837
vn -0.3303 0.9286 0.1692
vn 0.9007 0.0523 0.4313
vn -0.2278 -0.9731 0.0352
vn -0.1958 -0.9804 0.0227
vn -0.2008 -0.9789 0.0373
vn 0.4785 -0.8759 -0.0616
vn 0.2347 -0.9704 -0.0569
vn 0.2386 -0.9695 -0.0561
vn 0.2610 -0.9640 -0.0517
vn 0.2639 -0.9632 -0.0511
vn -0.4120 0.8409 -0.3509
vn -0.3950 0.9181 0.0319
vn -0.0991 0.9301 0.3538
vn -0.1040 -0.9941 0.0294
vn -0.0966 -0.9936 0.0591
vn 0.9778 0.1065 0.1805
vn 0.4547 -0.7890 -0.4132
vn 0.5290 -0.7444 -0.4075
vn 0.5147 -0.7536 -0.4088
vn 0.3534 -0.9027 -0.2453
vn 0.2344 -0.9492 -0.2097
vn 0.2451 -0.9458 -0.2130
vn 0.6996 0.5259 -0.4838
vn 0.6097 0.5634 -0.5576
vn 0.3026 0.6588 -0.6888
vn -0.1682 0.7906 -0.5888
vn -0.3632 0.9288 -0.0736
vn -0.2513 0.9342 0.2531
vn 0.1138 0.9304 0.3484
vn 0.2132 0.9355 0.2817
vn 0.4970 0.8203 0.2830
vn 0.6603 0.7045 0.2602
vn 0.9488 -0.1765 0.2619
vn 0.1658 -0.9478 0.2724
vn -0.2177 -0.9751 0.0414
vn -0.1140 -0.9933 0.0207
vn -0.1794 -0.9837 -0.0152
vn -0.2062 -0.9785 0.0040
vn 0.4419 -0.7959 -0.4139
vn 0.3643 -0.8975 -0.2484
vn 0.4549 0.6134 -0.6456
vn 0.0358 0.8144 -0.5792
vn -0.3086 0.8178 -0.4858
vn -0.3692 0.9087 -0.1948
vn 0.1219 0.9593 0.2546
vn 0.5169 0.7968 0.3130
vn 0.7823 0.4935 0.3800
vn 0.6582 -0.0877 0.7477
vn -0.1192 -0.9842 0.1313
vn -0.2033 -0.9594 0.1956
vn -0.2001 -0.7640 0.6134
vn -0.2089 -0.9081 0.3631
vn -0.2063 -0.7477 0.6312
vn -0.0237 -0.2507 0.9678
vn 0.1814 0.3669 0.9124
vn 0.1814 0.3310 0.9260
vn 0.1083 0.2244 0.9685
vn -0.3357 -0.4399 0.8329
vn -0.1045 -0.2508 0.9624
vn -0.1028 -0.3678 0.9242
vn 0.1341 -0.0051 0.9909
vn 0.1091 -0.1014 0.9889
vn -0.1809 0.5400 0.8220
vn -0.2797 0.5680 0.7740
vn -0.0677 0.1130 0.9913
vn -0.1683 0.1436 0.9752
vn -0.0626 0.0908 0.9939
vn -0.1647 0.4712 0.8665
vn 0.0859 0.5111 0.8552
vn 0.0759 0.4148 0.9068
vn 0.0743 0.3996 0.9137
vn -0.0242 0.3465 0.9378
vn -0.2428 0.4276 0.8707
vn -0.5480 0.5502 0.6300
vn -0.5413 0.6835 0.4897
vn -0.3875 0.6044 -0.6961
vn -0.2592 0.4995 -0.8266
vn -0.3327 0.4730 -0.8158
vn -0.2264 0.3974 -0.8893
vn -0.1543 0.4640 -0.8723
vn 0.1157 0.4233 -0.8986
vn 0.4506 0.1981 -0.8705
vn 0.5855 0.1793 -0.7906
vn 0.3788 -0.4158 -0.8268
vn -0.2031 -0.9018 -0.3814
vn -0.2665 -0.8422 -0.4686
vn -0.1116 -0.9668 -0.2299
vn -0.1434 -0.9895 -0.0199
vn -0.1949 -0.9804 0.0284
vn 0.2999 -0.8022 -0.5163
vn 0.7713 0.1782 -0.6110
vn -0.0416 0.8544 -0.5179
vn -0.1526 0.9541 0.2577
vn -0.0153 0.9591 0.2828
vn -0.0002 -0.9811 0.1934
vn -0.2089 -0.9081 0.3630
vn -0.2030 -0.8564 0.4747
vn 0.0151 -0.2084 0.9779
vn -0.0000 -0.1799 0.9837
vn -0.0245 -0.1477 0.9887
vn 0.1657 0.4238 0.8905
vn -0.0138 -0.0732 0.9972
vn 0.0005 -0.0935 0.9956
vn 0.0865 0.1666 0.9822
vn -0.0784 -0.0861 0.9932
vn -0.0800 -0.0940 0.9924
vn -0.1000 -0.1678 0.9807
vn -0.1227 -0.1850 0.9750
vn 0.0282 0.1604 0.9866
vn 0.0096 0.1276 0.9918
vn -0.4791 -0.7920 0.3784
vn -0.4484 -0.4852 0.7507
vn -0.3949 -0.4603 0.7951
vn -0.1778 -0.3033 0.9362
vn -0.0117 -0.1692 0.9855
vn -0.0389 0.2544 0.9663
vn -0.0889 0.3124 0.9458
vn -0.1376 0.3934 0.9090
vn -0.2527 0.7347 0.6296
vn 0.1673 0.7304 0.6622
vn 0.0740 0.7003 0.7100
vn 0.0427 0.6794 0.7325
vn -0.5523 0.6141 0.5638
vn -0.5873 0.7239 0.3620
vn -0.6040 0.7839 0.1441
vn -0.4527 0.6110 -0.6494
vn -0.0649 0.4584 -0.8864
vn 0.5239 0.1691 -0.8348
vn 0.5737 0.1328 -0.8082
vn -0.0967 -0.7697 -0.6310
vn -0.0517 -0.7772 -0.6271
vn -0.1050 -0.9898 -0.0967
vn -0.1792 -0.9838 0.0028
vn -0.2678 0.9180 -0.2925
vn 0.5501 0.7787 0.3018
vn 0.3322 -0.9174 0.2190
vn -0.2381 -0.9699 0.0518
vn -0.2695 -0.8968 0.3508
vn -0.2030 -0.8564 0.4746
vn -0.0500 -0.5061 0.8610
vn 0.0146 -0.1064 0.9942
vn -0.3299 -0.7668 0.5507
vn -0.3872 -0.7747 0.4999
vn -0.3374 -0.8380 0.4289
vn 0.0418 0.1387 0.9894
vn -0.0168 0.0176 0.9997
vn -0.2047 -0.3663 0.9077
vn -0.3120 -0.3155 0.8962
vn -0.2159 -0.1939 0.9570
vn 0.0180 -0.0364 0.9992
vn 0.0003 0.1437 0.9896
vn -0.1147 0.4859 0.8664
vn -0.3462 0.6269 0.6980
vn -0.0671 0.6690 0.7402
vn 0.0612 0.4536 0.8891
vn -0.0677 0.1131 0.9913
vn -0.4065 0.2273 0.8849
vn -0.6912 0.6633 -0.2869
vn -0.4301 0.5314 -0.7298
vn -0.3006 0.3782 -0.8756
vn -0.3866 0.4451 -0.8077
vn 0.3611 0.2876 -0.8871
vn 0.4962 0.0808 -0.8644
vn 0.5485 0.0267 -0.8357
vn 0.4601 -0.3040 -0.8342
vn 0.4675 -0.1952 -0.8622
vn -0.2835 -0.7836 -0.5529
vn -0.2642 -0.8813 -0.3919
vn -0.2246 -0.9272 -0.2997
vn 0.4674 -0.0044 -0.8840
vn 0.2385 0.7413 -0.6273
vn 0.1275 0.8038 -0.5811
vn -0.1726 0.8648 -0.4716
vn -0.2686 0.8775 -0.3974
vn -0.2129 0.9768 0.0241
vn 0.2117 0.9522 0.2204
vn 0.2400 0.1767 0.9546
vn -0.1607 -0.7414 0.6515
vn -0.2337 -0.9682 0.0888
vn -0.2353 -0.8465 0.4775
vn -0.2884 -0.8362 0.4665
vn -0.1300 -0.1888 0.9734
vn -0.5463 -0.5575 0.6251
vn -0.4738 -0.5651 0.6754
vn -0.4409 -0.3685 0.8184
vn -0.0271 0.0143 0.9995
vn -0.1977 0.3246 0.9250
vn -0.1935 0.4050 0.8936
vn -0.2125 0.4745 0.8543
vn -0.4030 0.6476 0.6467
vn -0.3410 0.6820 0.6470
vn -0.1640 -0.4838 0.8597
vn -0.1500 -0.4427 0.8840
vn -0.4437 0.3393 0.8295
vn -0.3276 0.4380 0.8372
vn -0.4231 0.4487 0.7872
vn -0.6131 0.5371 0.5793
vn -0.6310 0.6851 0.3641
vn -0.6346 0.7511 0.1818
vn -0.6567 0.7531 0.0401
vn -0.6882 0.7086 -0.1557
vn -0.5247 0.6290 -0.5736
vn -0.5231 0.5583 -0.6439
vn -0.3520 0.3498 -0.8682
vn 0.1806 0.3412 -0.9225
vn 0.2816 0.3025 -0.9106
vn 0.3720 0.2197 -0.9018
vn 0.5023 -0.0401 -0.8638
vn 0.2818 -0.4581 -0.8430
vn 0.2328 -0.5357 -0.8117
vn 0.1846 -0.5049 -0.8432
vn 0.0733 -0.6301 -0.7731
vn 0.1213 -0.5973 -0.7928
vn 0.0475 -0.7353 -0.6760
vn -0.1751 -0.7097 -0.6824
vn -0.2133 -0.7375 -0.6407
vn -0.2837 -0.9024 -0.3242
vn -0.2077 -0.9781 -0.0106
vn -0.2244 -0.9725 -0.0615
vn 0.0605 0.8611 -0.5048
vn -0.1785 0.9727 0.1485
vn 0.2596 0.9368 0.2345
vn 0.2166 -0.2229 0.9505
vn 0.8847 0.0824 0.4589
vn -0.1926 -0.9554 0.2240
vn -0.2757 -0.9573 0.0873
vn -0.2825 -0.9544 0.0967
vn -0.4489 -0.6609 0.6014
vn -0.4422 -0.7518 0.4892
vn -0.5107 -0.6688 0.5403
vn -0.3962 -0.3275 0.8578
vn -0.1130 -0.1095 0.9875
vn -0.1404 -0.0095 0.9900
vn -0.1308 0.0801 0.9882
vn -0.1448 0.1484 0.9783
vn -0.1859 0.2400 0.9528
vn -0.2243 0.4238 0.8775
vn -0.3172 0.4126 0.8539
vn -0.2967 0.4886 0.8205
vn -0.3940 0.5345 0.7477
vn -0.3533 0.7585 0.5475
vn -0.1575 -0.5207 0.8391
vn -0.2897 0.2739 0.9171
vn -0.4695 0.4326 0.7697
vn -0.6603 0.7497 -0.0441
vn -0.6297 0.6194 -0.4689
vn -0.4202 0.3680 -0.8294
vn -0.4523 0.4309 -0.7808
vn 0.2949 0.2338 -0.9265
vn 0.4542 0.0221 -0.8906
vn 0.5447 -0.0578 -0.8366
vn 0.4974 -0.1336 -0.8572
vn 0.4029 -0.2449 -0.8819
vn -0.1156 -0.6792 -0.7248
vn -0.2803 -0.7258 -0.6282
vn -0.1840 -0.9507 -0.2496
vn -0.1469 -0.9764 -0.1586
vn 0.4755 0.3004 -0.8268
vn 0.2522 -0.1701 -0.9526
vn 0.2172 -0.2521 -0.9430
vn 0.1848 -0.3229 -0.9282
vn 0.1848 -0.3230 -0.9282
vn 0.1823 -0.3281 -0.9269
vn -0.2161 0.9683 -0.1250
vn -0.0637 0.9813 0.1819
vn 0.1463 0.9729 0.1791
vn 0.5216 0.8360 -0.1704
vn -0.0630 -0.5192 0.8524
vn -0.3882 -0.8757 0.2872
vn 0.1643 0.2890 0.9431
vn 0.1730 0.3162 0.9328
vn -0.2945 -0.1827 0.9380
vn -0.3706 -0.5087 0.7771
vn -0.3786 -0.5148 0.7692
vn -0.6002 -0.6508 0.4649
vn -0.6083 -0.5829 0.5387
vn -0.5541 -0.4444 0.7039
vn -0.2716 -0.2666 0.9248
vn -0.2399 -0.0723 0.9681
vn -0.3091 -0.1595 0.9376
vn -0.1409 -0.5098 0.8487
vn -0.1222 -0.4527 0.8832
vn -0.2336 -0.1892 0.9537
vn -0.2417 -0.2554 0.9361
vn -0.2443 -0.2656 0.9326
vn -0.2337 0.4351 0.8695
vn -0.2997 0.4478 0.8424
vn -0.3213 0.4286 0.8444
vn -0.2668 0.3930 0.8800
vn -0.2886 0.4779 0.8296
vn -0.3915 0.1219 0.9121
vn -0.5945 0.4793 0.6456
vn -0.5031 0.4936 -0.7094
vn -0.0243 0.3733 -0.9274
vn 0.0933 0.3360 -0.9372
vn 0.2031 0.2554 -0.9453
vn 0.4412 0.1650 -0.8821
vn 0.4633 0.1159 -0.8786
vn 0.3549 -0.3427 -0.8698
vn -0.3553 -0.8148 -0.4582
vn -0.2711 -0.9451 -0.1824
vn -0.2002 -0.9712 -0.1288
vn -0.2671 -0.9632 -0.0298
vn -0.3367 -0.5301 -0.7783
vn -0.2683 -0.3516 -0.8969
vn -0.2773 -0.3697 -0.8868
vn 0.0046 0.9792 0.2028
vn 0.0776 0.9841 0.1598
vn 0.1179 0.9915 0.0545
vn -0.1240 0.0090 0.9922
vn -0.4579 -0.7379 0.4958
vn -0.4882 0.6153 0.6189
vn -0.5820 0.5397 0.6084
vn -0.5139 0.5960 0.6170
vn -0.0172 0.0887 0.9959
vn -0.2680 -0.9496 0.1628
vn -0.5355 -0.3477 0.7696
vn -0.4806 -0.2788 0.8315
vn -0.3340 -0.0961 0.9377
vn -0.2721 0.2965 0.9154
vn -0.3954 0.4524 0.7994
vn -0.2935 -0.0480 0.9547
vn -0.6346 0.5717 0.5201
vn -0.6660 0.7110 0.2258
vn -0.7102 0.5820 -0.3961
vn -0.5922 0.5822 -0.5571
vn -0.4824 0.3437 -0.8057
vn -0.2276 0.3162 -0.9210
vn -0.3262 0.2899 -0.8998
vn -0.1287 0.3349 -0.9334
vn 0.1440 0.2716 -0.9516
vn 0.3929 0.1843 -0.9009
vn 0.4573 -0.0886 -0.8849
vn 0.1156 -0.5017 -0.8573
vn -0.0034 -0.6740 -0.7387
vn -0.1996 -0.6082 -0.7683
vn -0.2802 -0.6170 -0.7354
vn -0.3330 -0.9133 -0.2344
vn -0.0575 -0.0636 -0.9963
vn -0.3053 -0.6058 -0.7347
vn -0.3161 -0.5896 -0.7433
vn -0.2901 0.5889 -0.7544
vn -0.2321 0.5869 -0.7756
vn -0.2114 0.5857 -0.7825
vn -0.0152 0.9023 -0.4309
vn -0.1739 0.9133 -0.3682
vn -0.7052 -0.0508 0.7072
vn -0.7184 -0.0788 0.6912
vn -0.6162 0.1058 0.7805
vn -0.5820 0.5396 0.6084
vn -0.6098 0.5141 0.6032
vn -0.3296 -0.9413 0.0730
vn -0.3255 -0.9406 0.0964
vn -0.4879 -0.8323 0.2632
vn -0.4484 -0.6068 0.6563
vn 0.1838 0.3274 0.9268
vn -0.4454 -0.6620 0.6028
vn -0.6377 -0.6658 0.3875
vn -0.6315 -0.6773 0.3775
vn -0.6750 -0.4807 0.5598
vn -0.5319 -0.2784 0.7997
vn -0.3207 0.7668 0.5561
vn -0.1120 -0.4219 0.8997
vn -0.3118 -0.0500 0.9488
vn -0.3007 0.3807 0.8745
vn -0.6453 0.6249 0.4394
vn -0.7349 0.6762 -0.0513
vn -0.7613 0.6223 -0.1824
vn -0.2346 0.2747 -0.9325
vn 0.4042 -0.0503 -0.9133
vn 0.4073 -0.1310 -0.9038
vn 0.2897 -0.3617 -0.8862
vn 0.2122 -0.3957 -0.8935
vn 0.0474 -0.5514 -0.8329
vn -0.0242 -0.5926 -0.8051
vn -0.0205 -0.5148 -0.8571
vn -0.0850 -0.6303 -0.7717
vn -0.3870 -0.8560 -0.3427
vn -0.2671 -0.9632 -0.0299
vn -0.2589 -0.9659 0.0048
vn -0.2245 -0.9725 -0.0615
vn -0.1517 0.5807 -0.7999
vn -0.6679 -0.4187 -0.6153
vn -0.0729 0.9425 -0.3262
vn -0.1172 0.9796 -0.1630
vn -0.0473 0.9988 -0.0090
vn -0.0568 0.9945 0.0882
vn 0.0342 0.9934 0.1091
vn 0.1220 0.9847 0.1243
vn -0.3168 0.8609 0.3982
vn -0.8956 0.2529 0.3659
vn -0.6161 0.1058 0.7805
vn -0.5993 0.1311 0.7897
vn -0.3301 -0.9290 0.1671
vn -0.5487 -0.7723 0.3201
vn -0.4303 -0.6065 0.6686
vn -0.4166 -0.5263 0.7412
vn 0.1794 0.3135 0.9325
vn -0.6509 -0.6011 0.4636
vn -0.6424 -0.4224 0.6394
vn -0.3795 -0.2053 0.9021
vn -0.3482 -0.0241 0.9371
vn -0.4036 -0.0773 0.9117
vn -0.2823 0.0256 0.9590
vn -0.2633 0.1393 0.9546
vn -0.2983 0.3379 0.8927
vn -0.5274 0.5994 0.6022
vn -0.4908 0.6411 0.5900
vn -0.5630 0.4864 0.6682
vn -0.3671 -0.3768 0.8505
vn -0.3913 0.4258 0.8158
vn -0.5236 0.2252 0.8216
vn -0.5624 0.3346 0.7561
vn -0.5322 0.3988 0.7468
vn -0.6876 0.7156 0.1231
vn -0.6168 0.4851 -0.6199
vn -0.5028 0.3893 -0.7717
vn -0.4421 0.3044 -0.8437
vn 0.0352 0.2946 -0.9550
vn 0.3769 0.1349 -0.9164
vn 0.3599 0.0420 -0.9321
vn 0.3423 -0.2158 -0.9145
vn -0.1549 -0.5698 -0.8071
vn -0.2898 -0.9540 -0.0766
vn -0.3370 -0.9365 -0.0973
vn -0.2852 -0.9545 -0.0867
vn -0.2978 -0.9510 -0.0834
vn -0.4567 -0.8036 -0.3817
vn -0.0703 0.9147 -0.3979
vn -0.0983 0.9640 -0.2472
vn -0.6406 -0.5145 0.5701
vn -0.3149 -0.9470 0.0630
vn -0.4470 -0.2165 0.8680
vn -0.3151 0.2222 0.9227
vn -0.3531 0.3403 0.8715
vn -0.4221 0.3708 0.8272
vn -0.5107 0.5490 0.6617
vn -0.2984 0.9376 -0.1786
vn -0.4783 0.2604 0.8387
vn -0.6130 0.4205 0.6689
vn -0.7262 0.6221 0.2927
vn -0.7591 0.5772 -0.3009
vn -0.5643 0.4337 -0.7025
vn -0.3850 0.2672 -0.8834
vn -0.4946 0.2732 -0.8251
vn -0.4533 0.2514 -0.8552
vn -0.0652 0.2700 -0.9607
vn 0.0477 0.2522 -0.9665
vn 0.3107 0.1933 -0.9306
vn 0.2800 -0.2741 -0.9201
vn 0.0301 -0.4759 -0.8790
vn -0.0606 -0.4339 -0.8989
vn -0.2419 -0.5446 -0.8030
vn -0.4179 -0.6929 -0.5876
vn -0.4511 -0.7685 -0.4537
vn -0.5094 -0.7841 -0.3546
vn -0.2851 -0.9546 -0.0867
vn -0.3227 -0.9440 -0.0683
vn -0.1672 0.1794 -0.9695
vn -0.6750 0.6720 -0.3045
vn 0.2252 0.8805 -0.4171
vn -0.0761 0.9130 -0.4009
vn -0.3883 0.7882 0.4774
vn 0.1280 0.2297 0.9648
vn 0.1363 0.2472 0.9593
vn -0.6835 -0.5481 0.4821
vn -0.4798 0.4162 0.7724
vn -0.5099 0.4799 0.7140
vn -0.1388 -0.5969 0.7903
vn -0.1388 -0.5829 0.8006
vn -0.1254 -0.6074 0.7844
vn -0.2780 -0.2048 0.9385
vn -0.2975 -0.1833 0.9370
vn -0.6384 0.4609 0.6165
vn -0.7536 0.6559 0.0440
vn -0.6730 0.5215 -0.5245
vn 0.1140 0.2183 -0.9692
vn 0.2989 0.1549 -0.9416
vn 0.3013 -0.0301 -0.9530
vn 0.2639 -0.1692 -0.9496
vn 0.1497 -0.3828 -0.9116
vn -0.0863 -0.5358 -0.8399
vn -0.3680 -0.6484 -0.6664
vn -0.4184 -0.9060 -0.0648
vn 0.0887 0.9856 0.1441
vn 0.0941 0.9811 0.1688
vn -0.7926 -0.4509 0.4105
vn -0.5919 0.2930 0.7508
vn -0.3596 -0.9237 0.1322
vn -0.4376 -0.8732 0.2146
vn -0.3773 -0.9194 0.1109
vn -0.3399 -0.9371 0.0795
vn -0.4327 -0.8896 0.1462
vn -0.4026 -0.3872 0.8295
vn -0.2475 -0.2083 0.9462
vn -0.6315 -0.3071 0.7119
vn -0.4197 0.0285 0.9072
vn -0.3361 0.0857 0.9379
vn -0.3976 0.2693 0.8772
vn -0.1156 -0.6064 0.7867
vn -0.1270 -0.6357 0.7614
vn -0.6360 0.3854 0.6686
vn -0.6630 0.4287 0.6137
vn -0.6783 0.4948 0.5433
vn -0.7321 0.5479 0.4047
vn -0.7520 0.6389 0.1620
vn -0.8103 0.5813 -0.0743
vn -0.5472 0.2504 -0.7987
vn 0.2681 0.0829 -0.9598
vn 0.2823 -0.0979 -0.9543
vn 0.2071 -0.2709 -0.9401
vn 0.0849 -0.3904 -0.9167
vn -0.5070 -0.6925 -0.5132
vn -0.4391 -0.8654 -0.2413
vn -0.3658 -0.9193 -0.1447
vn -0.0233 0.9599 -0.2794
vn -0.4234 -0.8864 0.1873
vn -0.3904 -0.9155 0.0975
vn -0.2201 -0.1335 0.9663
vn 0.0566 0.2554 0.9652
vn -0.6977 -0.5757 0.4264
vn -0.4980 -0.1834 0.8476
vn -0.4490 -0.1238 0.8849
vn -0.4867 0.1909 0.8525
vn -0.4727 0.2957 0.8302
vn -0.5194 0.2419 0.8196
vn -0.5290 0.3590 0.7690
vn -0.5872 0.5528 0.5913
vn -0.5726 0.6068 0.5512
vn -0.1988 -0.3440 0.9177
vn -0.1818 -0.3128 0.9322
vn -0.1358 -0.5003 0.8552
vn -0.4106 0.0988 0.9064
vn -0.5487 0.2034 0.8109
vn -0.6429 0.2487 0.7244
vn -0.7068 0.4162 -0.5720
vn -0.5611 0.3945 -0.7277
vn -0.2929 0.2306 -0.9279
vn -0.1434 0.2440 -0.9591
vn -0.0022 0.2220 -0.9750
vn 0.2091 0.1635 -0.9641
vn -0.2924 -0.4815 -0.8262
vn -0.5864 -0.6789 -0.4418
vn -0.0193 0.9662 -0.2572
vn -0.0082 0.9995 -0.0310
vn -0.4836 -0.8584 0.1709
vn -0.5607 -0.8040 0.1981
vn -0.5741 -0.6882 0.4436
vn -0.6006 -0.7295 0.3272
vn -0.6233 -0.6772 0.3911
vn -0.2176 -0.1166 0.9690
vn 0.0949 0.2687 0.9585
vn -0.4539 -0.2842 0.8445
vn -0.7185 -0.4979 0.4857
vn -0.6198 -0.2190 0.7536
vn -0.5460 -0.2102 0.8110
vn -0.3996 0.1371 0.9064
vn -0.4594 0.1479 0.8758
vn -0.6239 0.5808 0.5229
vn -0.5993 0.5797 0.5520
vn -0.5787 0.3476 -0.7377
vn -0.5505 0.2945 -0.7811
vn 0.1257 0.1917 -0.9734
vn 0.1936 0.0093 -0.9810
vn 0.1714 -0.1587 -0.9723
vn 0.0150 -0.4124 -0.9109
vn -0.2259 -0.4885 -0.8428
vn -0.1575 -0.4842 -0.8607
vn -0.3667 -0.4947 -0.7879
vn -0.5473 -0.7898 -0.2770
vn -0.4757 -0.8780 -0.0520
vn -0.4748 -0.8798 -0.0214
vn -0.4449 -0.2872 -0.8483
vn 0.0646 0.9949 0.0771
vn 0.1743 0.9787 0.1089
vn -0.6709 -0.2485 0.6987
vn -0.5180 -0.8416 0.1526
vn -0.6983 -0.3751 0.6097
vn -0.4885 -0.0584 0.8706
vn -0.5885 0.3952 0.7053
vn -0.6311 0.4738 0.6142
vn 0.0312 -0.4765 0.8786
vn 0.0131 -0.5529 0.8331
vn 0.0182 -0.5848 0.8110
vn -0.1618 -0.4595 0.8733
vn -0.0852 -0.5515 0.8298
vn -0.2674 -0.2095 0.9405
vn -0.4739 0.3560 0.8054
vn -0.4386 0.2636 0.8591
vn -0.4467 0.4127 0.7938
vn -0.8215 0.5254 0.2218
vn -0.8090 0.5838 0.0686
vn -0.8337 0.5198 -0.1864
vn -0.3782 0.2253 -0.8979
vn 0.0018 0.1861 -0.9825
vn 0.1180 0.0635 -0.9910
vn 0.1333 -0.2615 -0.9560
vn 0.0961 -0.3063 -0.9471
vn -0.4031 -0.5554 -0.7274
vn -0.4631 -0.8759 -0.1356
vn -0.9798 -0.0613 -0.1902
vn -0.4558 0.7809 -0.4272
vn -0.4382 0.8022 -0.4055
vn -0.5132 0.6983 -0.4990
vn -0.0316 0.9645 -0.2621
vn -0.2841 0.9534 0.1015
vn -0.2396 0.9540 0.1802
vn -0.2148 0.9616 0.1708
vn -0.1768 0.9698 0.1678
vn -0.2209 0.9607 0.1680
vn 0.0691 0.9558 0.2859
vn -0.4601 -0.3002 0.8356
vn -0.4341 -0.3353 0.8361
vn -0.4434 -0.3457 0.8270
vn 0.1277 0.2789 0.9518
vn -0.7481 -0.4403 0.4964
vn -0.5555 -0.1261 0.8219
vn -0.5039 -0.5256 0.6854
vn 0.0251 -0.4137 0.9101
vn -0.4618 0.2423 0.8532
vn -0.6290 0.2413 0.7390
vn -0.7029 0.3994 0.5885
vn -0.7289 0.4261 0.5358
vn -0.7909 0.4508 0.4138
vn -0.7449 0.4624 -0.4809
vn -0.5060 0.2241 -0.8329
vn -0.2062 0.2137 -0.9549
vn 0.0892 -0.0401 -0.9952
vn 0.1571 -0.0746 -0.9848
vn -0.0017 -0.3478 -0.9376
vn -0.3575 -0.4112 -0.8385
vn -0.4994 -0.5650 -0.6568
vn -0.5057 -0.8617 -0.0404
vn -0.7916 0.4655 -0.3958
vn -0.0480 0.9883 -0.1447
vn -0.6224 0.7705 0.1377
vn -0.2484 0.9514 0.1818
vn -0.8785 -0.3695 0.3028
vn -0.4943 -0.8624 0.1092
vn -0.5389 -0.8312 0.1363
vn -0.6842 -0.6629 0.3041
vn -0.6729 -0.6209 0.4022
vn 0.1679 0.2489 0.9539
vn 0.1523 0.2275 0.9618
vn -0.7759 -0.3666 0.5134
vn -0.7147 -0.3159 0.6240
vn -0.5287 0.0974 0.8432
vn -0.5900 0.3028 0.7485
vn -0.6550 0.5251 0.5433
vn -0.5522 0.3297 0.7657
vn -0.7328 0.3265 0.5970
vn -0.8055 0.4816 0.3452
vn -0.8663 0.4994 0.0110
vn -0.8293 0.4837 -0.2799
vn -0.7833 0.4866 -0.3867
vn -0.7884 0.3912 -0.4748
vn -0.6474 0.3719 -0.6652
vn 0.0984 0.1407 -0.9851
vn 0.0224 0.1011 -0.9946
vn 0.0874 -0.1611 -0.9831
vn -0.4417 -0.4036 -0.8013
vn -0.6745 -0.6437 -0.3614
vn -0.6562 -0.5621 -0.5034
vn -0.6222 -0.7277 -0.2888
vn -0.5292 0.6708 -0.5196
vn -0.0498 0.9695 -0.2401
vn -0.0498 0.9695 -0.2400
vn -0.6285 0.0857 0.7731
vn -0.7317 -0.0520 0.6796
vn -0.6712 0.0329 0.7406
vn -0.6035 -0.7629 0.2319
vn -0.6524 -0.7324 0.1949
vn -0.4941 -0.3974 0.7732
vn 0.1303 0.2287 0.9647
vn 0.1353 0.2147 0.9673
vn -0.0964 -0.0920 0.9911
vn -0.7539 -0.2789 0.5948
vn -0.5865 -0.0520 0.8083
vn -0.5035 0.0291 0.8635
vn -0.5298 0.2151 0.8204
vn -0.4321 0.0038 0.9018
vn -0.5266 0.2071 0.8245
vn -0.4321 0.0037 0.9018
vn -0.4170 -0.0187 0.9087
vn -0.4174 -0.0182 0.9086
vn -0.2581 -0.1889 0.9475
vn -0.2662 -0.2583 0.9287
vn -0.2683 -0.2836 0.9206
vn -0.3817 0.0167 0.9241
vn -0.4073 -0.0426 0.9123
vn -0.4200 -0.0735 0.9046
vn -0.7770 0.2495 0.5780
vn -0.8415 0.5245 0.1295
vn -0.5714 0.2088 -0.7937
vn -0.1034 0.1812 -0.9780
vn 0.0035 -0.1057 -0.9944
vn 0.0252 -0.2590 -0.9655
vn -0.0755 -0.2980 -0.9516
vn -0.1159 -0.3910 -0.9131
vn -0.1630 -0.4069 -0.8988
vn -0.5628 -0.5748 -0.5940
vn -0.5737 -0.7960 -0.1931
vn -0.6436 -0.7585 -0.1022
vn -0.5150 -0.8572 -0.0088
vn 0.2051 -0.8796 0.4293
vn -0.8321 -0.4096 -0.3738
vn -0.8458 -0.4379 -0.3047
vn -0.8559 -0.4692 -0.2173
vn -0.8587 -0.4910 -0.1471
vn -0.8560 -0.4692 -0.2172
vn 0.1553 0.9878 -0.0148
vn -0.4351 0.8969 -0.0795
vn -0.4225 0.9026 -0.0825
vn -0.3430 0.9339 -0.1011
vn -0.4224 0.9026 -0.0825
vn -0.3346 0.9367 -0.1029
vn -0.3429 0.9339 -0.1011
vn -0.9825 0.1826 -0.0363
vn -0.5599 -0.8253 0.0732
vn -0.6286 -0.7514 0.2007
vn -0.6444 -0.7465 0.1658
vn -0.6336 -0.7671 0.1007
vn -0.9412 0.3156 0.1204
vn -0.7519 -0.0841 0.6539
vn -0.4045 -0.9101 0.0901
vn -0.2844 -0.9530 0.1049
vn -0.2923 -0.9500 0.1102
vn -0.4743 -0.8771 0.0762
vn -0.2236 0.0314 0.9742
vn -0.2260 0.0104 0.9741
vn -0.2305 -0.0308 0.9726
vn -0.7426 -0.4607 0.4861
vn -0.8564 -0.3218 0.4038
vn -0.8031 -0.2166 0.5551
vn -0.5899 0.1654 0.7904
vn -0.6146 0.2385 0.7520
vn -0.7223 0.4737 0.5038
vn -0.3677 0.0478 0.9287
vn -0.5723 0.3917 0.7204
vn -0.7125 0.2482 0.6563
vn -0.7569 0.3740 0.5360
vn -0.8101 0.3726 0.4526
vn -0.7799 0.3575 -0.5138
vn -0.6556 0.3132 -0.6870
vn -0.6222 0.2811 -0.7306
vn -0.6844 0.2646 -0.6794
vn -0.7063 0.2376 -0.6669
vn -0.4210 0.2045 -0.8837
vn -0.3411 0.1977 -0.9190
vn -0.2092 0.1915 -0.9589
vn -0.0006 -0.0086 -1.0000
vn -0.2237 -0.4135 -0.8826
vn -0.4735 -0.4711 -0.7442
vn -0.6548 -0.7470 -0.1152
vn -0.7410 -0.6528 -0.1576
vn -0.6270 -0.7770 -0.0568
vn -0.3075 0.3827 -0.8712
vn -0.5402 -0.8415 0.0057
vn -0.6141 -0.7888 -0.0261
vn -0.6181 -0.7845 -0.0500
vn -0.6885 -0.7038 -0.1751
vn -0.2924 -0.9499 0.1102
vn -0.5122 -0.4016 0.7592
vn -0.2322 -0.0469 0.9715
vn -0.8451 -0.3391 0.4133
vn -0.6155 0.1149 0.7797
vn -0.6662 0.3426 0.6624
vn -0.6773 0.4072 0.6127
vn -0.4174 -0.0181 0.9085
vn 0.1586 -0.4983 0.8524
vn 0.0386 -0.5685 0.8218
vn 0.0675 -0.5305 0.8450
vn 0.0416 -0.5813 0.8126
vn -0.2318 -0.2340 0.9442
vn -0.5425 0.4136 0.7312
vn -0.8940 0.4413 -0.0768
vn -0.8340 0.3555 -0.4219
vn -0.8189 0.4010 -0.4105
vn -0.7273 0.3521 -0.5891
vn -0.2841 0.1629 -0.9449
vn -0.0726 0.0892 -0.9934
vn -0.0225 -0.1824 -0.9830
vn -0.1776 -0.3116 -0.9335
vn -0.2972 -0.3856 -0.8735
vn -0.6269 -0.7770 -0.0568
vn -0.4465 -0.8934 0.0500
vn -0.7324 -0.5622 0.3841
vn -0.6955 -0.5229 0.4927
vn 0.0108 0.1802 0.9836
vn -0.0068 0.1815 0.9834
vn 0.0648 0.1824 0.9811
vn -0.7579 -0.4655 0.4571
vn -0.7018 -0.2083 0.6812
vn -0.6503 -0.1219 0.7498
vn -0.5840 0.0374 0.8109
vn -0.7088 0.5228 0.4736
vn -0.3232 -0.0835 0.9426
vn -0.3210 -0.0860 0.9432
vn -0.3131 -0.0948 0.9450
vn -0.3125 -0.0955 0.9451
vn 0.2183 -0.4809 0.8492
vn -0.6354 0.3765 0.6742
vn -0.8898 0.4213 -0.1751
vn -0.8485 0.4075 -0.3375
vn -0.7053 0.2886 -0.6475
vn -0.1075 0.0116 -0.9941
vn -0.1177 -0.0720 -0.9904
vn -0.1321 -0.2230 -0.9658
vn -0.2417 -0.3101 -0.9195
vn -0.5867 -0.4937 -0.6419
vn -0.7364 -0.5363 -0.4124
vn -0.7699 -0.5661 -0.2947
vn -0.7132 -0.6483 -0.2664
vn -0.5923 -0.7975 -0.1152
vn -0.4464 -0.8934 0.0500
vn -0.6280 -0.7678 0.1272
vn -0.7827 -0.5097 0.3573
vn -0.4702 -0.1569 0.8685
vn -0.7888 -0.4194 0.4493
vn -0.7498 -0.1768 0.6376
vn -0.6565 -0.0044 0.7543
vn -0.6702 0.2058 0.7131
vn -0.0839 -0.3983 0.9134
vn -0.1478 -0.3524 0.9241
vn -0.8422 0.2989 0.4487
vn -0.8974 0.4306 0.0963
vn -0.8047 0.3392 -0.4872
vn -0.1788 0.1102 -0.9777
vn -0.3408 -0.3027 -0.8901
vn -0.4211 -0.3393 -0.8412
vn -0.5327 -0.4580 -0.7117
vn -0.6710 -0.4743 -0.5699
vn -0.6815 -0.7050 -0.1960
vn -0.5224 -0.8527 -0.0006
vn -0.5598 -0.8254 0.0732
vn -0.1872 -0.7522 0.6318
vn -0.7149 -0.0865 0.6939
vn -0.7133 0.2719 0.6459
vn -0.7457 0.3570 0.5625
vn -0.0377 -0.4022 0.9148
vn -0.0167 -0.3751 0.9268
vn -0.8144 0.3529 0.4606
vn -0.8649 0.3722 0.3369
vn -0.8942 0.3751 0.2445
vn -0.8686 0.4390 0.2299
vn -0.8907 0.3764 -0.2549
vn -0.1348 -0.1318 -0.9821
vn -0.2290 -0.1926 -0.9542
vn -0.5075 -0.3643 -0.7809
vn -0.5503 -0.8345 0.0281
vn -0.6180 -0.7822 0.0793
vn -0.6963 -0.6982 0.1664
vn -0.7537 -0.6272 0.1963
vn 0.0173 0.1730 0.9848
vn -0.8121 -0.3969 0.4278
vn -0.8983 -0.2716 0.3453
vn -0.7916 -0.1109 0.6009
vn -0.8545 -0.1396 0.5004
vn -0.7358 -0.0028 0.6772
vn -0.6690 0.0767 0.7393
vn -0.7132 0.1495 0.6848
vn -0.7632 0.4229 0.4885
vn -0.7572 0.4762 0.4471
vn -0.0233 -0.3165 0.9483
vn 0.0150 -0.3391 0.9406
vn -0.6530 0.3436 0.6749
vn -0.5950 0.2778 0.7542
vn -0.5987 0.3047 0.7408
vn -0.7174 0.3490 0.6030
vn -0.7884 0.2848 0.5454
vn -0.7644 0.3133 -0.5635
vn -0.2903 0.0942 -0.9523
vn -0.2178 0.0059 -0.9760
vn -0.5753 -0.4109 -0.7073
vn -0.7576 -0.4381 -0.4839
vn -0.7576 -0.6225 -0.1964
vn -0.6096 -0.7912 -0.0481
vn -0.2811 -0.1031 0.9541
vn 0.0234 0.1969 0.9801
vn -0.0134 0.1094 0.9939
vn 0.0212 0.1154 0.9931
vn -0.8870 -0.3495 0.3017
vn -0.5094 -0.0466 0.8592
vn -0.8904 -0.3700 0.2650
vn -0.8726 -0.2068 0.4425
vn -0.7739 0.2779 0.5690
vn -0.8085 0.4266 0.4054
vn -0.8019 0.3921 0.4507
vn -0.7783 0.4504 0.4375
vn 0.0551 -0.3409 0.9385
vn -0.9304 0.3664 -0.0023
vn -0.9226 0.3529 -0.1558
vn -0.8800 0.3462 -0.3252
vn -0.8274 0.3249 -0.4581
vn -0.8685 0.3130 -0.3844
vn -0.7537 0.2632 -0.6022
vn -0.5038 0.1902 -0.8426
vn -0.4089 0.1704 -0.8965
vn -0.2402 -0.0819 -0.9673
vn -0.3445 -0.2390 -0.9079
vn -0.4698 -0.2778 -0.8380
vn -0.5943 -0.3457 -0.7261
vn -0.5557 -0.2740 -0.7849
vn -0.6529 -0.4024 -0.6417
vn -0.8160 -0.4439 -0.3702
vn -0.6995 -0.7050 -0.1167
vn -0.7870 -0.5644 0.2491
vn -0.0020 0.0836 0.9965
vn 0.0212 0.1155 0.9931
vn -0.0091 0.0724 0.9973
vn 0.1165 0.2784 0.9534
vn 0.0812 0.2065 0.9751
vn -0.0248 0.2045 0.9785
vn -0.8416 -0.0605 0.5367
vn -0.7440 0.0788 0.6635
vn -0.7719 0.1797 0.6098
vn 0.0820 -0.3312 0.9400
vn -0.5937 0.2882 0.7513
vn -0.8476 0.2974 0.4394
vn -0.8686 0.3415 0.3590
vn -0.9225 0.3647 0.1263
vn -0.3220 -0.1495 -0.9349
vn -0.8257 -0.4563 0.3315
vn -0.7827 -0.5097 0.3572
vn -0.7250 -0.3437 0.5968
vn -0.5865 -0.2997 0.7525
vn -0.7108 -0.3394 0.6160
vn -0.0101 0.1349 0.9908
vn -0.1368 0.3476 0.9276
vn -0.3128 -0.0123 0.9497
vn -0.3078 -0.0140 0.9514
vn -0.3057 -0.0146 0.9520
vn -0.0300 0.1628 0.9862
vn -0.7960 -0.0370 0.6041
vn -0.8185 0.1254 0.5607
vn -0.8183 0.1936 0.5412
vn -0.8796 0.1729 0.4432
vn -0.8188 0.3680 0.4406
vn -0.8838 0.4133 0.2192
vn 0.0477 -0.2865 0.9569
vn 0.0350 -0.3123 0.9493
vn -0.4204 0.0300 0.9068
vn -0.4225 0.0153 0.9062
vn -0.4306 -0.0061 0.9025
vn -0.7265 0.2161 -0.6523
vn -0.7846 0.2450 -0.5696
vn -0.6476 0.1963 -0.7363
vn -0.4054 0.1264 -0.9054
vn -0.3117 0.0032 -0.9502
vn -0.4393 0.0681 -0.8957
vn -0.3802 0.0680 -0.9224
vn -0.4005 0.0055 -0.9163
vn -0.4549 -0.1697 -0.8742
vn -0.5244 -0.2113 -0.8248
vn -0.7344 -0.3672 -0.5708
vn -0.7108 -0.3394 0.6161
vn -0.5864 -0.2997 0.7525
vn -0.5787 -0.2971 0.7595
vn -0.6963 -0.1854 0.6933
vn -0.6949 -0.1905 0.6934
vn -0.6943 -0.1923 0.6935
vn -0.0249 0.2046 0.9785
vn -0.0949 0.2514 0.9632
vn -0.8995 -0.3454 0.2676
vn -0.8173 0.3103 0.4854
vn -0.8464 0.3571 0.3950
vn 0.0533 -0.2270 0.9724
vn 0.0045 -0.2887 0.9574
vn -0.9052 0.3117 0.2889
vn -0.8615 0.2895 -0.4171
vn -0.8341 0.2936 -0.4670
vn -0.4702 0.0186 -0.8824
vn -0.3700 -0.0536 -0.9275
vn -0.4145 -0.1083 -0.9036
vn -0.5963 -0.1984 -0.7779
vn -0.6482 -0.2734 -0.7107
vn -0.7746 -0.6231 -0.1086
vn -0.7370 -0.6666 0.1119
vn -0.3149 -0.0116 0.9491
vn -0.8279 -0.3442 0.4428
vn -0.8649 -0.3218 0.3851
vn -0.8536 -0.3919 0.3431
vn -0.9305 -0.3033 0.2054
vn -0.9394 -0.2599 0.2237
vn -0.8858 -0.1154 0.4494
vn -0.8437 0.3874 0.3717
vn -0.8425 0.4020 0.3587
vn -0.7936 0.4236 0.4369
vn -0.7485 0.4754 0.4623
vn 0.0465 -0.2301 0.9721
vn -0.4481 0.0783 0.8906
vn -0.6739 0.3254 0.6633
vn -0.9020 0.3057 0.3048
vn -0.9444 0.3141 -0.0972
vn -0.9250 0.3085 -0.2218
vn -0.9139 0.2925 -0.2814
vn -0.8174 0.2739 -0.5068
vn -0.5776 0.1874 -0.7945
vn -0.5142 0.1673 -0.8412
vn -0.4963 0.1366 -0.8573
vn -0.7115 -0.2942 -0.6381
vn -0.8266 -0.4945 -0.2687
vn -0.8011 -0.5673 -0.1908
vn -0.6689 -0.7425 -0.0355
vn -0.6913 -0.7224 0.0146
vn -0.8032 -0.4002 0.4413
vn -0.8929 -0.3129 0.3237
vn -0.1074 0.1158 0.9875
vn -0.3433 0.0076 0.9392
vn -0.1760 0.0561 0.9828
vn -0.9020 -0.2185 0.3725
vn -0.8068 0.0374 0.5897
vn -0.8880 0.3889 0.2452
vn -0.8597 0.3770 0.3448
vn -0.0747 -0.1273 0.9890
vn -0.1962 -0.0024 0.9806
vn -0.2054 0.0137 0.9786
vn 0.0844 -0.2465 0.9655
vn -0.4539 0.1027 0.8851
vn -0.7495 0.3692 0.5495
vn -0.8055 0.3577 0.4725
vn -0.9268 0.3329 0.1738
vn -0.4944 0.0893 -0.8647
vn -0.5444 0.0319 -0.8382
vn -0.5107 -0.0108 -0.8597
vn -0.5422 -0.0933 -0.8351
vn -0.7604 -0.6475 -0.0504
vn -0.6928 -0.1976 0.6935
vn -0.1119 0.2556 0.9603
vn -0.0395 0.0215 0.9990
vn -0.0502 0.0632 0.9967
vn -0.0709 -0.0305 0.9970
vn -0.9285 -0.2586 0.2666
vn -0.8688 -0.0933 0.4863
vn -0.8575 0.0775 0.5086
vn -0.8438 0.2452 0.4774
vn -0.8706 0.3492 0.3466
vn -0.8445 0.3979 0.3585
vn -0.0007 -0.1181 0.9930
vn 0.1735 -0.3585 0.9173
vn 0.1462 -0.2970 0.9436
vn -0.4551 0.1130 0.8832
vn -0.9484 0.3121 0.0552
vn -0.8135 -0.5622 0.1489
vn -0.0432 0.1102 0.9930
vn -0.0395 0.0506 0.9979
vn -0.0284 0.0430 0.9987
vn -0.9011 -0.2186 0.3745
vn -0.8702 -0.0444 0.4907
vn -0.9371 -0.1517 0.3144
vn -0.8821 -0.0177 0.4708
vn -0.8866 0.0142 0.4623
vn -0.8702 0.1193 0.4781
vn -0.8786 0.2207 0.4236
vn -0.9316 0.2816 0.2298
vn -0.8479 0.2897 0.4441
vn 0.2220 -0.2900 0.9309
vn -0.7341 0.3403 0.5877
vn -0.9544 0.2980 -0.0181
vn -0.9476 0.2753 -0.1623
vn -0.7893 0.2305 -0.5691
vn -0.7604 0.2005 -0.6178
vn -0.6621 -0.1564 -0.7329
vn -0.7133 -0.1902 -0.6746
vn -0.7835 -0.2585 -0.5651
vn -0.8220 -0.3384 -0.4580
vn -0.8399 -0.5164 -0.1668
vn -0.8286 -0.5596 0.0158
vn -0.8354 -0.5452 -0.0698
vn -0.7798 -0.6233 0.0586
vn -0.8363 -0.5069 0.2090
vn -0.8991 -0.3628 0.2451
vn -0.6895 -0.2674 0.6731
vn -0.0564 0.0255 0.9981
vn -0.0524 0.0333 0.9981
vn -0.0554 0.0295 0.9980
vn -0.9484 0.2645 0.1747
vn -0.1767 -0.1012 0.9790
vn 0.0034 -0.0761 0.9971
vn -0.0513 -0.0988 0.9938
vn 0.0185 -0.1456 0.9892
vn -0.0582 -0.2069 0.9766
vn -0.1818 -0.1185 0.9762
vn -0.2056 -0.0903 0.9744
vn -0.5820 0.1019 -0.8068
vn -0.5874 -0.0350 -0.8086
vn -0.6959 -0.0993 -0.7112
vn -0.8670 -0.4177 -0.2717
vn -0.8723 -0.2740 0.4050
vn -0.3512 -0.0186 0.9361
vn -0.0867 0.0722 0.9936
vn -0.0625 0.0693 0.9956
vn -0.0177 0.0478 0.9987
vn -0.8346 0.1021 0.5413
vn -0.9144 0.1659 0.3693
vn -0.9056 0.1917 0.3783
vn -0.0750 -0.0580 0.9955
vn -0.9355 0.3153 0.1592
vn -0.9381 0.2652 -0.2230
vn -0.9037 0.2689 -0.3330
vn -0.8421 0.2492 -0.4782
vn -0.6596 0.1818 -0.7293
vn -0.5944 0.1515 -0.7898
vn -0.5243 -0.2434 -0.8160
vn -0.8759 -0.4821 -0.0211
vn -0.8684 -0.4663 0.1687
vn -0.9018 -0.2413 0.3586
vn -0.8431 -0.2099 0.4951
vn -0.8657 -0.2194 0.4499
vn -0.4869 -0.0246 0.8731
vn -0.4961 -0.0376 0.8674
vn -0.5464 -0.0866 0.8331
vn -0.0626 0.0693 0.9956
vn -0.9270 0.1512 0.3433
vn -0.8937 0.2898 0.3425
vn -0.1764 -0.0903 0.9802
vn -0.0052 -0.0334 0.9994
vn -0.6714 0.2581 0.6947
vn -0.6552 0.2180 0.7233
vn -0.7441 0.3114 0.5911
vn -0.8686 0.3242 0.3748
vn -0.9292 0.3583 -0.0903
vn -0.7200 0.1734 -0.6719
vn -0.7885 -0.1512 -0.5962
vn -0.8563 -0.2451 -0.4546
vn -0.8865 -0.3191 -0.3351
vn -0.8938 -0.3879 -0.2250
vn -0.8603 -0.5001 0.0993
vn -0.9140 -0.3813 0.1390
vn -0.8877 -0.4073 0.2147
vn -0.8431 -0.2098 0.4952
vn -0.7070 -0.1182 0.6973
vn -0.3470 0.0646 0.9356
vn -0.8688 -0.0933 0.4864
vn -0.7724 -0.0789 0.6302
vn -0.8482 0.0775 0.5240
vn 0.0026 -0.0451 0.9990
vn -0.7075 0.2761 0.6506
vn -0.6632 0.2517 0.7048
vn -0.7884 0.3078 0.5326
vn -0.6959 0.2491 0.6735
vn -0.9418 0.3128 0.1227
vn -0.8810 0.2599 -0.3953
vn -0.7252 -0.1361 0.6750
vn -0.0535 0.0214 0.9983
vn -0.0554 0.0296 0.9980
vn -0.0301 0.0717 0.9970
vn -0.0030 0.0423 0.9991
vn -0.0193 0.0614 0.9979
vn -0.0192 0.0614 0.9979
vn -0.0045 0.0274 0.9996
vn -0.9714 0.0762 0.2249
vn -0.9562 0.0561 0.2873
vn -0.9638 0.0529 0.2613
vn -0.8940 0.1673 0.4158
vn -0.1919 0.0380 0.9807
vn -0.0642 0.0137 0.9978
vn -0.0681 0.0185 0.9975
vn -0.0214 -0.0189 0.9996
vn -0.8424 0.3475 0.4119
vn -0.9235 0.2605 -0.2817
vn -0.6588 -0.0294 -0.7517
vn -0.6982 -0.0244 -0.7155
vn -0.8457 -0.1523 -0.5115
vn -0.8846 -0.4495 -0.1239
vn -0.7274 -0.1435 0.6710
vn -0.5285 -0.0494 0.8475
vn -0.5277 -0.0552 0.8476
vn -0.5276 -0.0559 0.8476
vn -0.5268 -0.0617 0.8477
vn -0.0068 0.0262 0.9996
vn -0.9064 0.0150 0.4222
vn -0.7314 0.1608 0.6627
vn -0.9913 0.1262 0.0361
vn -0.9908 0.1230 0.0557
vn -0.0248 0.0466 0.9986
vn -0.0910 0.0455 0.9948
vn -0.0203 0.0487 0.9986
vn -0.0078 0.0398 0.9992
vn -0.0570 0.0333 0.9978
vn -0.0542 0.0314 0.9980
vn -0.9590 0.2832 -0.0084
vn -0.0264 -0.0056 0.9996
vn -0.1967 0.0487 0.9793
vn -0.5227 0.1403 0.8409
vn -0.5252 0.1390 0.8395
vn -0.5156 0.1383 0.8456
vn -0.8536 0.3031 0.4236
vn -0.8031 0.2831 0.5243
vn -0.9362 0.3151 0.1554
vn -0.6520 0.1381 -0.7456
vn 0.0215 0.0564 0.9982
vn 0.0097 0.0511 0.9986
vn -0.2141 0.0641 0.9747
vn -0.0577 0.0520 0.9970
vn -0.3669 0.0826 0.9266
vn -0.2038 0.0250 0.9787
vn -0.8335 0.3497 0.4278
vn -0.9024 0.3203 0.2883
vn -0.9513 0.3080 -0.0135
vn -0.4419 0.8967 -0.0242
vn -0.4763 0.8552 -0.2047
vn -0.4032 0.8936 -0.1973
vn -0.3739 0.9123 -0.1671
vn -0.4057 0.8427 -0.3539
vn -0.5366 0.8366 -0.1105
vn -0.5473 0.8350 0.0573
vn -0.4521 0.8744 0.1758
vn -0.4495 0.8123 -0.3716
vn -0.3601 0.8762 -0.3203
vn -0.6978 0.6823 -0.2182
vn -0.7329 0.6767 -0.0702
vn -0.8261 0.5483 -0.1299
vn -0.8318 0.5534 -0.0420
vn -0.5491 0.8083 0.2125
vn -0.3974 0.7658 -0.5056
vn -0.9116 0.4096 -0.0342
vn -0.7081 0.7043 0.0515
vn -0.7370 0.6687 0.0984
vn -0.7079 0.6820 0.1834
vn -0.4600 0.8112 0.3610
vn -0.3572 0.9333 0.0375
vn -0.3956 0.8279 -0.3976
vn -0.7310 0.6287 -0.2653
vn -0.7981 0.5262 -0.2935
vn -0.8794 0.4751 0.0302
vn -0.5268 0.7794 0.3390
vn -0.5528 0.6856 0.4738
vn -0.3952 0.7598 0.5163
vn -0.4676 0.7192 -0.5139
vn -0.7386 0.5672 -0.3643
vn -0.9272 0.3374 -0.1626
vn -0.4413 0.7624 0.4732
vn -0.3772 0.8272 0.4165
vn -0.3978 0.8657 0.3037
vn -0.3864 0.6936 -0.6080
vn -0.3788 0.9074 0.1822
vn -0.3975 0.9176 0.0021
vn -0.4261 0.8512 -0.3063
vn -0.4481 0.6667 -0.5956
vn -0.5135 0.6743 -0.5308
vn -0.8180 0.5512 0.1643
vn -0.8004 0.4120 -0.4354
vn -0.8781 0.3605 -0.3146
vn -0.6988 0.1433 -0.7008
vn -0.7745 -0.0364 -0.6316
vn -0.8367 -0.0710 -0.5431
vn -0.8909 -0.2046 -0.4055
vn -0.8917 -0.1197 -0.4366
vn -0.9126 -0.4069 0.0407
vn -0.9374 -0.2692 0.2210
vn -0.9319 -0.1928 0.3072
vn -0.5562 -0.0011 0.8310
vn -0.5897 0.0228 0.8073
vn -0.7813 -0.0342 0.6232
vn -0.3142 0.0611 0.9474
vn -0.3191 0.0628 0.9456
vn -0.1326 0.0717 0.9886
vn -0.4417 0.0869 0.8929
vn -0.7993 0.1544 0.5808
vn -0.7817 0.2104 0.5871
vn -0.7667 0.1766 0.6172
vn -0.8917 0.3188 0.3214
vn -0.6060 0.6162 0.5030
vn -0.3757 0.7227 0.5801
vn -0.3577 0.7589 0.5442
vn -0.3982 0.7318 -0.5531
vn -0.8794 0.2703 -0.3919
vn -0.8536 0.2428 -0.4608
vn -0.7717 0.1019 -0.6278
vn -0.9168 -0.2832 -0.2816
vn -0.9290 -0.3347 -0.1577
vn -0.9538 -0.2875 0.0874
vn -0.9135 -0.1719 0.3689
vn -0.9131 -0.1233 0.3887
vn -0.8108 -0.1057 0.5758
vn -0.8028 -0.1111 0.5857
vn -0.8635 0.0771 0.4984
vn -0.4767 0.1103 0.8721
vn -0.7840 0.2435 0.5710
vn -0.8559 0.2587 0.4478
vn -0.6504 0.7247 0.2278
vn -0.9239 0.3703 0.0962
vn -0.3295 0.8039 0.4951
vn -0.4375 0.8955 -0.0818
vn -0.2905 0.5695 -0.7689
vn -0.7831 0.2931 -0.5485
vn -0.8033 0.2023 -0.5602
vn -0.7709 0.1595 -0.6166
vn -0.9354 -0.3491 -0.0563
vn -0.9718 -0.1862 0.1445
vn -0.8883 0.0215 0.4588
vn -0.4827 0.1149 0.8682
vn -0.8416 0.1313 0.5239
vn -0.8840 0.1624 0.4384
vn -0.6628 0.5268 0.5322
vn -0.4151 0.4324 0.8005
vn -0.3757 0.5324 0.7586
vn -0.4066 0.4603 0.7892
vn -0.3601 0.5511 0.7527
vn -0.3342 0.5302 0.7792
vn -0.4385 0.7714 -0.4611
vn -0.4518 0.4019 -0.7965
vn -0.5544 0.3500 -0.7551
vn -0.5160 0.3814 -0.7670
vn -0.5596 0.3543 -0.7493
vn -0.8111 0.1514 -0.5650
vn -0.8616 -0.0180 -0.5072
vn -0.9765 -0.2153 0.0103
vn -0.9431 -0.0352 0.3307
vn -0.7415 0.1040 0.6629
vn -0.8554 0.1100 0.5062
vn -0.9296 0.3055 0.2060
vn -0.9254 0.3311 0.1845
vn -0.9254 0.3311 0.1846
vn -0.8937 0.3588 0.2694
vn -0.8964 0.3395 0.2849
vn -0.2955 0.3524 -0.8880
vn -0.3200 0.3756 -0.8698
vn -0.6609 0.0108 -0.7504
vn -0.6840 0.0070 -0.7294
vn -0.7635 -0.0075 -0.6457
vn -0.9321 -0.1344 -0.3363
vn -0.9467 -0.2222 -0.2331
vn -0.9738 -0.2049 -0.0987
vn -0.9462 -0.1958 0.2578
vn -0.9359 0.0666 0.3460
vn -0.2421 0.4902 0.8373
vn -0.3380 0.7115 0.6161
vn -0.3492 0.6287 -0.6948
vn -0.0702 -0.3068 -0.9492
vn -0.2593 -0.1782 -0.9492
vn -0.1223 -0.2606 -0.9577
vn -0.8975 0.2954 -0.3275
vn -0.9903 -0.1088 0.0866
vn -0.9719 -0.0975 0.2144
vn -0.9203 0.2227 0.3217
vn -0.9317 0.2269 0.2837
vn -0.1929 0.4674 0.8627
vn -0.4477 0.8813 0.1514
vn -0.2086 -0.1945 -0.9585
vn -0.8567 0.2007 -0.4752
vn -0.8432 0.1571 -0.5142
vn -0.9091 0.1257 -0.3971
vn -0.8855 0.1427 -0.4421
vn -0.9121 -0.0488 -0.4070
vn -0.9581 -0.1139 -0.2629
vn -0.9810 -0.0867 -0.1735
vn -0.9967 -0.0785 -0.0203
vn -0.9961 0.0246 0.0849
vn -0.9808 0.0182 0.1943
vn -0.9498 0.1049 0.2947
vn -0.9209 0.2865 0.2642
vn -0.7726 0.3279 0.5437
vn -0.7525 0.2701 0.6007
vn -0.7590 0.2875 0.5842
vn -0.7524 0.2701 0.6007
vn -0.7160 0.1873 0.6725
vn -0.7590 0.2874 0.5842
vn -0.1268 -0.1811 0.9752
vn -0.1223 -0.1076 0.9866
vn -0.1186 -0.1621 0.9796
vn -0.1119 0.0157 0.9936
vn -0.1158 -0.0089 0.9932
vn -0.3242 -0.1680 -0.9309
vn -0.5760 0.0242 -0.8171
vn -0.9002 0.2350 -0.3667
vn -0.9255 0.1720 -0.3374
vn -0.9453 0.1397 -0.2948
vn -0.9538 -0.0368 -0.2983
vn -0.9946 -0.0113 -0.1027
vn -0.9610 0.1376 0.2398
vn -0.4119 0.1174 0.9036
vn -0.0229 -0.2960 0.9549
vn -0.0260 -0.3341 0.9422
vn -0.0401 -0.0893 0.9952
vn -0.0518 0.0428 0.9977
vn -0.2217 0.3768 0.8994
vn -0.3382 0.7112 0.6163
vn -0.3367 0.6890 0.6417
vn -0.3741 0.6861 0.6239
vn -0.4317 0.7920 0.4316
vn -0.4695 0.8457 -0.2535
vn -0.4631 0.7079 -0.5333
vn -0.4085 0.6695 -0.6203
vn -0.3723 0.6498 -0.6626
vn -0.3296 -0.1747 -0.9278
vn -0.8379 0.3929 -0.3788
vn -0.7896 0.3005 -0.5351
vn -0.7744 0.2789 -0.5679
vn -0.8900 0.3066 -0.3375
vn -0.8894 0.1764 -0.4217
vn -0.9289 0.1099 -0.3537
vn -0.9298 0.0438 -0.3653
vn -0.9973 0.0681 -0.0291
vn -0.8964 0.3394 0.2849
vn -0.9075 0.3310 0.2587
vn -0.4716 0.5537 0.6863
vn -0.4797 0.5506 0.6832
vn -0.4011 0.5781 0.7105
vn -0.2684 0.8114 0.5193
vn -0.2832 0.8129 0.5089
vn -0.2892 0.8182 0.4969
vn -0.4912 0.7836 -0.3802
vn -0.1310 -0.2777 -0.9517
vn -0.4463 0.4692 -0.7620
vn -0.5615 0.3569 -0.7465
vn -0.4706 0.4728 -0.7450
vn -0.9625 0.0632 -0.2639
vn -0.9818 0.0478 -0.1840
vn -0.9938 0.1005 0.0470
vn -0.9864 0.1125 0.1202
vn -0.9636 0.1959 0.1818
vn -0.9564 0.2407 0.1656
vn -0.3748 0.5862 0.7183
vn -0.2932 0.8400 0.4565
vn -0.4891 0.8709 -0.0480
vn -0.4120 0.5762 -0.7059
vn -0.3062 0.6968 -0.6486
vn -0.3156 0.6639 -0.6780
vn -0.2973 0.6905 -0.6594
vn -0.9019 0.2635 -0.3424
vn -0.9872 0.1035 -0.1212
vn -0.9941 0.1036 -0.0337
vn -0.9982 0.0592 0.0051
vn -0.9974 0.0715 -0.0092
vn -0.9939 0.0597 -0.0928
vn 0.6457 -0.7519 0.1333
vn 0.6887 -0.7237 0.0434
vn 0.6531 -0.7131 0.2549
vn -0.9806 0.1319 0.1451
vn -0.9437 0.2826 0.1719
vn -0.3619 0.8635 0.3512
vn -0.3461 0.8601 0.3748
vn -0.3895 0.6082 -0.6917
vn -0.2868 0.3006 -0.9096
vn -0.2893 0.3043 -0.9076
vn -0.2607 0.2712 -0.9265
vn -0.0198 -0.3023 -0.9530
vn -0.0709 -0.3162 -0.9460
vn -0.9068 0.1719 -0.3849
vn 0.5948 -0.7219 0.3537
vn 0.6397 -0.6899 0.3389
vn 0.5813 -0.6725 0.4581
vn -0.9993 0.0363 0.0008
vn -0.9342 0.3021 0.1899
vn -0.6504 0.3530 0.6726
vn -0.6534 0.3935 0.6467
vn -0.6392 0.3384 0.6906
vn -0.3595 0.8856 0.2940
vn -0.0294 -0.0869 0.9958
vn -0.3116 0.5646 0.7643
vn -0.5096 0.6503 -0.5633
vn -0.2393 0.2884 -0.9271
vn -0.2520 0.2992 -0.9203
vn -0.2401 0.2898 -0.9265
vn -0.3556 0.7348 -0.5776
vn -0.3812 0.7542 -0.5347
vn -0.2485 0.1733 -0.9530
vn -0.3086 0.2578 -0.9156
vn -0.2911 0.1783 -0.9399
vn -0.9884 0.0946 -0.1185
vn 0.7122 -0.6888 -0.1351
vn 0.7029 -0.6987 -0.1331
vn 0.6637 -0.7469 0.0415
vn 0.5842 -0.7596 0.2859
vn -0.1995 0.3781 0.9040
vn -0.2449 0.4171 0.8752
vn -0.2225 0.4792 0.8491
vn -0.0964 -0.0359 0.9947
vn -0.0858 -0.0242 0.9960
vn -0.4893 0.8196 0.2981
vn -0.5276 0.7532 -0.3928
vn -0.0459 -0.0361 -0.9983
vn -0.3611 0.8139 -0.4551
vn -0.9734 0.0817 -0.2141
vn -0.4255 -0.8805 -0.2089
vn 0.6596 -0.7510 0.0293
vn -0.9611 0.1945 0.1962
vn -0.9418 0.2589 0.2142
vn -0.9146 0.3166 0.2514
vn -0.3651 0.8751 0.3176
vn -0.0524 -0.0305 0.9982
vn -0.0735 0.0035 0.9973
vn -0.3541 0.6251 0.6956
vn -0.5349 0.8332 -0.1403
vn -0.0260 -0.2220 -0.9747
vn -0.0645 -0.1025 -0.9926
vn -0.0557 -0.3159 -0.9471
vn -0.0093 -0.3368 -0.9415
vn -0.1395 -0.3506 -0.9261
vn -0.9865 0.0137 -0.1633
vn -0.5987 -0.5823 -0.5500
vn -0.2414 -0.6911 -0.6812
vn -0.1680 -0.7326 -0.6596
vn -0.1803 -0.7261 -0.6636
vn 0.6769 -0.6459 -0.3530
vn 0.6166 -0.7451 0.2543
vn -0.9957 -0.0073 0.0925
vn -0.4841 0.3009 0.8217
vn -0.2221 0.4401 0.8701
vn -0.2547 0.5647 0.7850
vn -0.2452 0.5423 0.8036
vn -0.3608 0.8707 0.3341
vn -0.0964 -0.0358 0.9947
vn -0.4578 0.7231 0.5173
vn -0.3635 0.4633 -0.8082
vn -0.2901 0.2702 -0.9181
vn -0.2492 0.2828 -0.9263
vn -0.2680 0.3580 -0.8945
vn -0.2386 0.0215 -0.9709
vn -0.5345 0.1848 -0.8247
vn -0.7837 0.1668 -0.5983
vn -0.8096 0.1770 -0.5596
vn -0.9294 0.1270 -0.3465
vn -0.9814 -0.0554 -0.1839
vn -0.2521 -0.6846 -0.6840
vn -0.2415 -0.6911 -0.6812
vn -0.1804 -0.7260 -0.6636
vn 0.7167 -0.6490 -0.2551
vn 0.6646 -0.7131 -0.2231
vn 0.5422 -0.6642 0.5146
vn -0.4184 0.2440 0.8749
vn -0.3944 0.8677 0.3025
vn -0.0315 -0.0400 0.9987
vn -0.5274 0.8396 0.1301
vn -0.4536 0.5792 -0.6773
vn -0.0961 -0.0458 -0.9943
vn -0.1091 -0.0069 -0.9940
vn -0.3846 0.7497 -0.5385
vn -0.7821 0.1654 -0.6008
vn -0.9521 0.0919 -0.2916
vn 0.7232 -0.6251 -0.2937
vn -0.0117 -0.6900 0.7237
vn -0.9834 0.0568 0.1724
vn -0.9464 0.1373 0.2922
vn -0.1095 0.0494 0.9928
vn -0.1463 0.1286 0.9808
vn -0.1253 0.0336 0.9915
vn -0.1616 0.1137 0.9803
vn -0.0891 0.0003 0.9960
vn -0.1213 0.1250 0.9847
vn -0.1049 0.0742 -0.9917
vn -0.0976 0.0188 -0.9950
vn -0.4050 0.7399 -0.5370
vn -0.4197 0.7541 -0.5052
vn -0.3974 0.7472 -0.5327
vn -0.8815 0.1537 -0.4465
vn -0.8866 0.1142 -0.4482
vn -0.9859 0.0107 -0.1667
vn 0.5072 -0.7230 0.4690
vn 0.4518 -0.5645 0.6908
vn -0.9937 -0.0742 0.0841
vn -0.9180 0.2808 0.2802
vn -0.4140 0.8638 0.2870
vn -0.4105 0.8678 0.2799
vn -0.4260 0.8509 0.3074
vn -0.1267 0.0591 0.9902
vn -0.2055 0.2559 0.9446
vn -0.0978 0.0805 -0.9919
vn -0.4073 -0.0423 -0.9123
vn -0.2467 -0.2091 -0.9463
vn -0.2958 -0.1111 -0.9488
vn -0.8962 0.0988 -0.4325
vn 0.1764 -0.7757 -0.6059
vn 0.4068 -0.5611 0.7209
vn -0.6301 -0.2772 0.7253
vn -0.6516 -0.1519 0.7432
vn -0.6458 -0.2102 0.7340
vn -0.9202 0.2249 0.3204
vn -0.9021 0.2842 0.3247
vn -0.1618 0.2767 0.9472
vn -0.4306 0.7970 0.4236
vn -0.4812 0.7976 0.3637
vn -0.5170 0.7967 0.3131
vn -0.0677 0.0292 0.9973
vn -0.5077 0.7340 0.4512
vn -0.4858 0.6878 0.5394
vn -0.1416 0.0895 -0.9859
vn -0.1511 0.1079 -0.9826
vn -0.4381 0.7236 -0.5333
vn -0.4218 0.7332 -0.5334
vn -0.2696 0.4453 -0.8538
vn -0.9689 0.0190 -0.2467
vn 0.5140 -0.7086 0.4835
vn 0.4500 -0.6560 0.6060
vn -0.6467 -0.3847 0.6586
vn -0.3000 -0.3560 0.8850
vn -0.9429 0.1609 0.2916
vn -0.9117 0.2807 0.2999
vn -0.4026 0.2267 0.8868
vn -0.6522 0.1988 0.7315
vn -0.6945 0.2021 0.6905
vn -0.7937 0.2074 0.5718
vn -0.0944 0.1779 0.9795
vn -0.2881 0.4812 0.8279
vn -0.5303 0.7990 0.2836
vn -0.5133 0.6785 0.5255
vn -0.5008 0.5450 -0.6724
vn -0.4757 0.7350 -0.4831
vn -0.4738 0.7248 -0.5002
vn -0.2691 0.4553 -0.8487
vn -0.2385 0.0214 -0.9709
vn -0.1568 -0.5734 -0.8041
vn 0.5635 -0.7048 0.4311
vn -0.5429 0.7892 0.2870
vn -0.4961 0.6710 -0.5510
vn -0.1775 0.1185 -0.9770
vn -0.9130 0.0762 -0.4009
vn -0.9147 0.0589 -0.3999
vn -0.9278 0.0378 -0.3712
vn -0.9603 0.0163 -0.2785
vn 0.6647 -0.6164 -0.4222
vn 0.7233 -0.6251 -0.2936
vn 0.3187 -0.4715 0.8222
vn 0.1764 -0.2663 0.9476
vn 0.2532 -0.3926 0.8842
vn 0.2261 -0.3543 0.9074
vn -0.6157 -0.0461 0.7866
vn -0.6163 -0.0891 0.7824
vn -0.4954 -0.0147 0.8686
vn -0.4622 -0.0092 0.8867
vn -0.3798 0.5137 0.7693
vn -0.3790 0.5886 0.7140
vn -0.4464 0.6366 0.6289
vn -0.1466 0.1082 0.9833
vn -0.1666 0.1288 0.9776
vn -0.5851 0.7898 -0.1838
vn -0.4369 0.5000 -0.7477
vn -0.5053 0.6609 -0.5548
vn -0.1164 -0.0351 -0.9926
vn -0.1352 -0.2331 -0.9630
vn -0.2403 -0.3300 -0.9129
vn -0.1944 -0.3251 -0.9255
vn -0.0693 -0.5863 -0.8071
vn -0.0792 -0.6050 -0.7923
vn -0.0901 -0.6101 -0.7872
vn 0.4942 -0.5367 -0.6839
vn 0.5521 -0.5601 -0.6176
vn 0.6014 -0.5968 -0.5312
vn 0.5780 -0.5912 -0.5625
vn 0.4006 -0.6262 0.6688
vn 0.3540 -0.5724 0.7396
vn -0.1246 0.1626 0.9788
vn -0.0438 0.0478 0.9979
vn -0.2470 0.3508 0.9033
vn -0.5601 0.7748 0.2933
vn -0.5528 0.7809 0.2908
vn -0.1427 0.0453 0.9887
vn -0.5979 0.7312 -0.3285
vn -0.2650 0.2644 -0.9273
vn -0.0871 -0.0111 -0.9961
vn -0.1415 0.0895 -0.9859
vn -0.1041 0.0547 -0.9931
vn -0.2781 0.3360 -0.8998
vn -0.3102 0.4056 -0.8598
vn -0.1914 0.2202 -0.9565
vn -0.0144 -0.3238 -0.9460
vn 0.0239 -0.7509 -0.6599
vn 0.5808 -0.6413 -0.5014
vn 0.6463 -0.7578 -0.0897
vn 0.6071 -0.7390 0.2920
vn 0.0805 -0.2137 0.9736
vn -0.8019 0.2076 0.5603
vn -0.0804 -0.0602 0.9949
vn -0.1793 0.0621 0.9818
vn -0.5570 0.7406 0.3758
vn -0.5721 0.7901 0.2202
vn -0.5846 0.8109 0.0247
vn -0.5152 0.6599 -0.5469
vn -0.1407 -0.6315 -0.7625
vn -0.0926 -0.3908 -0.9158
vn 0.5096 -0.5630 -0.6506
vn 0.4237 -0.5267 -0.7369
vn 0.6370 -0.7664 0.0823
vn -0.4558 0.6133 0.6451
vn -0.0640 -0.0283 0.9975
vn -0.0076 -0.0463 0.9989
vn -0.3089 0.3756 0.8738
vn -0.5850 0.6749 0.4498
vn -0.5643 0.6384 -0.5234
vn -0.0886 -0.0024 -0.9961
vn 0.0917 -0.2972 -0.9504
vn 0.4788 -0.5479 -0.6860
vn 0.2827 -0.4604 0.8415
vn 0.2532 -0.3927 0.8841
vn 0.2027 -0.3525 0.9136
vn 0.0308 -0.0815 0.9962
vn -0.0471 -0.1472 0.9880
vn -0.5666 0.7632 0.3105
vn -0.4421 0.4978 -0.7462
vn -0.4369 0.5000 -0.7478
vn -0.0997 0.0578 -0.9933
vn -0.2610 0.2895 -0.9209
vn -0.1348 0.1379 -0.9812
vn 0.0099 -0.1323 -0.9912
vn -0.1542 -0.6337 -0.7580
vn 0.3764 -0.5311 -0.7591
vn 0.5881 -0.6985 -0.4077
vn 0.4901 -0.6401 0.5917
vn -0.5848 0.7423 0.3272
vn -0.5890 0.7427 0.3184
vn -0.5317 0.6643 0.5253
vn -0.6085 0.7174 -0.3392
vn -0.6393 0.7018 -0.3142
vn -0.5649 0.7261 -0.3919
vn -0.5151 0.6605 -0.5463
vn 0.6189 -0.7514 -0.2288
vn 0.3192 -0.5020 0.8038
vn 0.0605 -0.1105 0.9920
vn -0.4259 0.5196 0.7407
vn -0.6412 0.7617 -0.0926
vn -0.4605 0.4845 -0.7438
vn -0.1206 0.0064 -0.9927
vn -0.1009 0.0892 -0.9909
vn -0.3128 0.3467 -0.8843
vn 0.2447 -0.4224 -0.8728
vn 0.3297 -0.4367 -0.8370
vn 0.4626 -0.5342 -0.7075
vn -0.6056 0.7309 0.3146
vn -0.6352 0.7336 0.2417
vn -0.6313 0.7079 -0.3169
vn -0.1348 0.0213 -0.9906
vn 0.0005 -0.0762 -0.9971
vn 0.0058 -0.0861 -0.9963
vn -0.1650 0.0387 -0.9855
vn -0.5510 0.7167 -0.4275
vn 0.5264 -0.6697 -0.5239
vn -0.2405 0.2682 0.9329
vn -0.0481 -0.0128 0.9988
vn -0.0550 -0.0174 0.9983
vn -0.6197 0.7330 0.2804
vn -0.6371 0.7628 0.1106
vn -0.5829 0.5424 -0.6050
vn -0.1471 -0.0265 -0.9888
vn -0.2587 0.1586 -0.9528
vn -0.0809 -0.0637 -0.9947
vn -0.5422 0.6990 -0.4662
vn -0.0534 0.0076 -0.9985
vn 0.4753 -0.5805 -0.6611
vn 0.4107 -0.5708 0.7110
vn -0.0512 0.0282 0.9983
vn -0.2606 0.2256 0.9387
vn -0.6206 0.6221 -0.4774
vn -0.1069 -0.0520 -0.9929
vn -0.2751 0.3102 -0.9100
vn -0.2050 0.2192 -0.9539
vn 0.1404 -0.2264 -0.9639
vn 0.3671 -0.4451 -0.8167
vn 0.1027 -0.2364 0.9662
vn -0.4698 0.4963 0.7301
vn -0.3876 0.4317 0.8145
vn -0.5575 0.6295 0.5413
vn -0.6208 0.6746 -0.3995
vn -0.5823 0.6209 -0.5247
vn -0.5601 0.6799 -0.4732
vn -0.6344 0.6696 0.3861
vn -0.6090 0.7346 0.2992
vn -0.0821 0.0047 0.9966
vn -0.6900 0.6987 -0.1889
vn -0.1437 0.0361 -0.9890
vn -0.1230 -0.0093 -0.9924
vn -0.6214 0.6902 -0.3707
vn 0.0669 -0.1564 -0.9854
vn 0.2875 -0.3625 -0.8865
vn 0.2186 -0.3882 0.8953
vn -0.0849 0.0125 0.9963
vn -0.1295 0.0455 -0.9905
vn -0.6536 0.6719 -0.3485
vn -0.0082 -0.0633 -0.9980
vn 0.2212 -0.2977 -0.9287
vn 0.3368 -0.4775 0.8115
vn 0.0016 -0.1142 0.9935
vn -0.6782 0.6950 0.2386
vn -0.6545 0.5621 -0.5056
vn -0.6560 0.6737 -0.3404
vn 0.0655 -0.1389 -0.9881
vn 0.3989 -0.5276 -0.7500
vn 0.6043 -0.7907 0.0976
vn 0.5710 -0.7119 0.4088
vn -0.3927 0.3803 0.8373
vn -0.6454 0.4920 -0.5843
vn -0.6586 0.6684 -0.3456
vn -0.4636 0.4637 -0.7550
vn -0.4773 0.4808 -0.7356
vn -0.3712 0.3227 -0.8707
vn -0.4798 0.4819 -0.7332
vn 0.6242 -0.7784 -0.0664
vn -0.1378 0.0979 0.9856
vn -0.2491 0.2262 0.9417
vn -0.4897 0.4682 0.7355
vn -0.5836 0.6140 0.5315
vn -0.0821 0.0048 0.9966
vn -0.0563 0.0397 0.9976
vn -0.6886 0.6492 -0.3232
vn -0.6591 0.6782 -0.3251
vn -0.7400 0.6181 -0.2654
vn -0.6617 0.6810 -0.3136
vn 0.0971 -0.2381 0.9664
vn -0.0609 0.0510 0.9968
vn -0.6844 0.6907 0.2333
vn -0.5871 0.4459 -0.6757
vn -0.2037 0.0772 -0.9760
vn -0.2119 0.1838 -0.9599
vn -0.6877 0.6748 0.2679
vn -0.6037 0.6253 0.4946
vn -0.6559 0.6321 0.4126
vn -0.6990 0.7139 0.0419
vn -0.6976 0.6333 -0.3352
vn -0.7656 0.5970 -0.2398
vn -0.4698 0.3847 -0.7945
vn -0.0893 0.0368 -0.9953
vn 0.5553 -0.7275 -0.4028
vn 0.2089 -0.3420 0.9162
vn -0.0381 -0.0572 0.9976
vn -0.6710 0.6954 0.2574
vn 0.3217 -0.4010 -0.8577
vn 0.4046 -0.5486 0.7316
vn -0.5018 0.4304 0.7503
vn -0.6879 0.6746 0.2678
vn -0.0933 0.0854 0.9920
vn -0.0851 0.0663 0.9942
vn -0.5927 0.4350 -0.6779
vn -0.2546 0.1172 -0.9599
vn -0.2405 0.1215 -0.9630
vn -0.7406 0.5993 -0.3038
vn -0.4948 0.3888 -0.7772
vn -0.4173 0.2960 -0.8592
vn 0.2155 -0.2897 -0.9325
vn 0.4563 -0.6323 -0.6261
vn -0.1024 0.0192 0.9946
vn -0.7449 0.6009 -0.2899
vn 0.4956 -0.6466 0.5799
vn 0.3092 -0.4519 0.8368
vn 0.2308 -0.3611 0.9035
vn -0.5927 0.4988 0.6323
vn -0.0839 0.0589 0.9947
vn -0.2862 0.0880 -0.9541
vn -0.2616 0.0490 -0.9639
vn -0.7587 0.5436 -0.3591
vn -0.1477 0.0592 -0.9873
vn -0.0179 -0.0744 -0.9971
vn 0.5656 -0.7954 -0.2178
vn 0.5745 -0.7633 0.2955
vn -0.3180 0.2467 0.9155
vn -0.7317 0.5775 -0.3622
vn -0.4828 0.3008 -0.8225
vn -0.2601 0.1225 -0.9578
vn 0.5011 -0.7166 -0.4852
vn -0.7097 0.6400 0.2945
vn -0.6243 0.6015 0.4985
vn -0.7179 0.6311 0.2937
vn -0.7442 0.6554 -0.1291
vn -0.7871 0.5688 -0.2386
vn 0.1268 -0.2520 0.9594
vn -0.7684 0.5882 0.2522
vn -0.0707 0.0652 0.9954
vn -0.7513 0.6520 0.1019
vn -0.2831 0.0993 -0.9539
vn -0.7946 0.5529 -0.2508
vn 0.0894 -0.1852 -0.9786
vn 0.2529 -0.3774 -0.8909
vn 0.5166 -0.7229 0.4588
vn -0.1768 0.0929 0.9799
vn -0.7444 0.6026 0.2876
vn -0.0680 0.0647 0.9956
vn -0.2538 0.0800 -0.9639
vn 0.3149 -0.4730 -0.8229
vn 0.0238 -0.1237 0.9920
vn -0.6520 0.4931 0.5759
vn -0.6521 0.5911 0.4747
vn -0.4076 0.1946 -0.8922
vn 0.5246 -0.7977 -0.2975
vn -0.3990 0.2781 0.8738
vn -0.7902 0.5419 0.2864
vn -0.7668 0.6295 -0.1257
vn -0.6683 0.4713 -0.5755
vn -0.1844 0.0308 -0.9824
vn -0.1597 -0.0103 -0.9871
vn -0.7993 0.5422 -0.2592
vn -0.7239 0.4961 -0.4795
vn 0.4353 -0.6182 0.6544
vn -0.6435 0.5038 0.5762
vn -0.7635 0.6255 0.1607
vn -0.7747 0.6166 0.1397
vn -0.0535 0.0511 0.9973
vn -0.0627 0.0618 0.9961
vn -0.7272 0.4930 -0.4777
vn -0.6937 0.5772 0.4309
vn -0.4609 0.2366 -0.8554
vn -0.4610 0.2455 -0.8528
vn -0.4627 0.2619 -0.8470
vn -0.5818 0.3296 -0.7435
vn 0.3515 -0.5584 -0.7514
vn 0.5533 -0.8076 0.2041
vn -0.3514 0.1739 0.9199
vn -0.0879 0.0626 0.9942
vn -0.7426 0.5614 0.3652
vn 0.1714 -0.3298 -0.9283
vn -0.0923 0.0613 0.9938
vn -0.7611 0.6112 0.2172
vn -0.7870 0.5485 -0.2824
vn -0.8103 0.5303 -0.2493
vn -0.1425 -0.0166 -0.9897
vn 0.5444 -0.8368 -0.0589
vn 0.3593 -0.5330 0.7660
vn 0.1684 -0.3255 0.9304
vn -0.1007 -0.0408 0.9941
vn -0.7629 0.6143 0.2017
vn -0.1967 0.0695 -0.9780
vn -0.8173 0.5111 -0.2662
vn 0.4658 -0.7234 -0.5096
vn -0.6511 0.4557 0.6070
vn -0.0913 0.0789 0.9927
vn -0.7046 0.5254 0.4771
vn -0.7083 0.4463 -0.5469
vn -0.6411 0.3610 -0.6772
vn -0.6552 0.3472 -0.6709
vn 0.0444 -0.2026 0.9782
vn -0.7895 0.5608 0.2493
vn -0.7746 0.5874 0.2343
vn -0.5165 0.2972 -0.8030
vn -0.7959 0.6041 -0.0404
vn 0.4534 -0.6683 0.5897
vn -0.5228 0.3020 0.7972
vn -0.6491 0.4504 0.6131
vn -0.8033 0.5357 0.2601
vn -0.1213 0.1109 0.9864
vn -0.1181 0.0948 0.9885
vn -0.7231 0.4661 0.5097
vn -0.0609 -0.1472 -0.9872
vn 0.0526 -0.2042 -0.9775
vn 0.2734 -0.4388 0.8560
vn -0.5205 0.2992 -0.7997
vn -0.2215 0.0828 -0.9717
vn 0.2494 -0.4686 -0.8475
vn 0.3813 -0.6375 -0.6695
vn -0.1580 0.0778 0.9844
vn -0.6744 0.4757 0.5648
vn -0.7618 0.4377 -0.4775
vn -0.7313 0.3940 -0.5568
vn -0.8283 0.4695 -0.3058
vn -0.5538 0.2399 0.7973
vn -0.6735 0.4196 0.6085
vn -0.3376 0.0467 -0.9401
vn 0.5253 -0.7892 0.3181
vn -0.3024 0.0475 0.9520
vn -0.8252 0.4944 0.2732
vn -0.1525 0.0668 0.9860
vn -0.8139 0.5618 0.1483
vn -0.8281 0.4876 -0.2768
vn -0.2640 0.0756 -0.9616
vn -0.2679 0.0763 -0.9604
vn 0.1778 -0.3937 0.9019
vn -0.1113 -0.1084 0.9879
vn -0.8197 0.5105 0.2598
vn -0.1446 0.0608 0.9876
vn -0.4374 0.1394 -0.8884
vn -0.8349 0.5453 -0.0745
vn -0.8145 0.4409 -0.3771
vn -0.8310 0.4152 -0.3701
vn -0.1984 -0.0915 -0.9758
vn 0.0846 -0.3221 -0.9429
vn 0.0531 -0.3190 0.9463
vn -0.0614 -0.2031 0.9772
vn -0.6591 0.2639 0.7043
vn -0.8331 0.4778 0.2787
vn -0.2024 0.0253 -0.9790
vn -0.8237 0.4294 -0.3703
vn 0.4931 -0.8001 -0.3416
vn 0.4512 -0.7354 0.5055
vn -0.8730 0.4262 0.2370
vn -0.1157 0.0043 0.9933
vn -0.8081 0.5047 0.3036
vn -0.8420 0.3880 -0.3748
vn -0.7815 0.2926 -0.5511
vn -0.6824 0.3438 -0.6451
vn 0.1673 -0.4377 -0.8834
vn -0.2456 0.0701 -0.9668
vn 0.2611 -0.5594 -0.7867
vn -0.8543 0.4474 0.2645
vn -0.8846 0.4125 0.2173
vn -0.0158 -0.1113 0.9937
vn -0.0386 -0.0526 0.9979
vn -0.7130 0.3116 -0.6281
vn -0.0792 -0.2360 -0.9685
vn 0.3931 -0.7003 -0.5958
vn 0.4851 -0.8709 0.0787
vn 0.2399 -0.4800 0.8438
vn -0.2404 -0.0823 0.9672
vn -0.3433 0.0214 0.9390
vn 0.0066 -0.0343 0.9994
vn -0.6929 0.3911 0.6057
vn -0.2456 0.0444 -0.9684
vn -0.3772 0.1414 -0.9153
vn -0.5000 0.1572 -0.8516
vn -0.7753 0.3551 0.5223
vn -0.8457 0.3518 -0.4013
vn -0.4461 0.0620 -0.8929
vn 0.4844 -0.8613 -0.1535
vn -0.7146 0.2623 0.6486
vn -0.8969 0.3833 0.2205
vn 0.3378 -0.6547 0.6762
vn -0.7199 0.2634 0.6421
vn -0.0271 -0.0354 0.9990
vn -0.8360 0.4346 0.3350
vn -0.8710 0.4894 0.0435
vn -0.8873 0.4308 -0.1647
vn -0.2618 0.0473 -0.9640
vn 0.4083 -0.8084 -0.4241
vn -0.3150 -0.0617 0.9471
vn -0.9004 0.3817 0.2086
vn -0.3123 -0.0775 -0.9468
vn -0.2479 -0.1927 0.9494
vn -0.0802 -0.0388 0.9960
vn -0.7180 0.2954 0.6302
vn -0.8528 0.3119 -0.4188
vn 0.0399 -0.3820 -0.9233
vn 0.4710 -0.8327 0.2912
vn -0.0856 -0.3454 0.9345
vn -0.4279 0.0036 -0.9038
vn -0.1624 -0.2673 -0.9498
vn -0.8895 0.4299 0.1551
vn -0.9316 0.3569 -0.0689
vn -0.6953 0.2166 -0.6853
vn -0.8672 0.2581 -0.4259
vn -0.8914 0.2136 -0.3997
vn 0.2589 -0.6213 -0.7396
vn 0.1176 -0.5058 0.8546
vn -0.5785 0.1007 0.8095
vn -0.6490 0.0832 0.7562
vn -0.5614 0.1046 0.8209
vn -0.1115 -0.0315 0.9933
vn -0.8911 0.2780 -0.3588
vn -0.2882 0.0111 -0.9575
vn -0.3142 -0.0051 -0.9494
vn 0.0639 -0.5083 -0.8588
vn -0.7205 0.2627 0.6418
vn -0.8324 0.2867 0.4743
vn -0.3043 -0.1592 -0.9392
vn -0.6664 0.0786 0.7415
vn -0.9338 0.1127 0.3396
vn -0.9180 0.2713 0.2893
vn -0.9191 0.1966 0.3414
vn -0.9129 0.3110 0.2645
vn -0.1153 -0.0207 0.9931
vn -0.8987 0.2058 -0.3873
vn 0.2892 -0.7388 -0.6087
vn -0.9117 0.3196 0.2582
vn -0.8361 0.2067 -0.5081
vn 0.3729 -0.9057 -0.2017
vn -0.3580 -0.1089 0.9273
vn -0.2873 -0.0585 -0.9561
vn -0.9024 0.1796 -0.3918
vn -0.1487 -0.3874 -0.9099
vn 0.3559 -0.9252 0.1315
vn 0.3594 -0.8376 0.4113
vn -0.9157 0.1680 0.3651
vn -0.8778 0.2093 0.4308
vn -0.2496 -0.0455 -0.9673
vn -0.2542 -0.2907 0.9224
vn -0.4529 -0.2798 0.8465
vn -0.2479 0.2021 0.9475
vn -0.1156 -0.0208 0.9931
vn -0.1159 -0.0210 0.9930
vn -0.7971 0.2073 0.5671
vn -0.9582 0.2302 -0.1699
vn 0.0729 -0.6453 -0.7604
vn -0.8939 -0.0090 0.4481
vn -0.9312 0.0436 0.3618
vn -0.9395 0.0886 0.3309
vn 0.1196 -0.1555 0.9806
vn -0.0134 -0.0860 0.9962
vn -0.0445 -0.0646 0.9969
vn -0.1180 -0.0818 -0.9896
vn -0.2108 -0.1446 -0.9668
vn -0.2817 -0.2916 -0.9141
vn 0.2096 -0.8256 -0.5240
vn 0.1448 -0.7217 0.6769
vn -0.1066 -0.5759 0.8105
vn 0.1989 -0.1347 0.9707
vn -0.9653 0.2590 0.0332
vn -0.9351 0.1435 -0.3242
vn -0.8339 0.1010 -0.5425
vn -0.9130 0.1387 -0.3836
vn -0.5004 -0.1322 -0.8556
vn 0.2323 -0.9688 0.0867
vn -0.8837 -0.0378 0.4665
vn -0.3690 -0.0209 0.9292
vn -0.3698 -0.0217 0.9289
vn -0.3695 -0.0214 0.9290
vn -0.7985 0.1729 0.5766
vn -0.2499 -0.4757 0.8434
vn 0.0462 -0.2020 0.9783
vn 0.1506 -0.1422 0.9783
vn -0.9623 0.1897 0.1950
vn -0.7475 0.0695 -0.6606
vn -0.9612 0.0770 -0.2651
vn 0.1379 -0.9720 0.1903
vn 0.1565 -0.8167 0.5554
vn 0.2246 -0.9436 -0.2434
vn 0.2228 -0.9401 -0.2578
vn -0.8738 -0.1195 0.4714
vn -0.3687 -0.0207 0.9293
vn -0.8224 0.0202 -0.5685
vn -0.1529 -0.2337 -0.9602
vn 0.0679 -0.1802 0.9813
vn -0.9823 0.1202 -0.1438
vn -0.9316 0.0446 -0.3607
vn -0.0569 -0.5510 -0.8325
vn 0.1407 -0.9728 -0.1838
vn -0.1428 -0.9585 0.2467
vn 0.0186 -0.9862 0.1643
vn -0.0138 -0.7610 0.6486
vn -0.2123 -0.6508 0.7289
vn -0.3609 -0.5689 0.7390
vn -0.5791 -0.0460 0.8139
vn 0.0072 -0.2191 0.9757
vn -0.9147 -0.0056 0.4040
vn -0.9336 0.1347 0.3319
vn -0.9606 0.0404 0.2749
vn -0.1170 -0.2668 -0.9566
vn -0.9235 0.0505 -0.3802
vn -0.6269 -0.2849 -0.7251
vn -0.2817 -0.2917 -0.9141
vn -0.2767 -0.3690 -0.8873
vn -0.0024 -0.2102 0.9777
vn -0.9930 0.1111 0.0393
vn -0.9316 0.0445 -0.3607
vn -0.9295 0.0174 -0.3684
vn -0.0364 -0.6362 -0.7707
vn 0.0330 -0.7550 -0.6549
vn 0.0698 -0.8441 -0.5316
vn -0.6125 -0.3266 0.7198
vn -0.0924 -0.2881 -0.9531
vn -0.1529 -0.9388 -0.3086
vn -0.1859 -0.9607 -0.2060
vn -0.1862 -0.9529 -0.2395
vn -0.1725 -0.9598 0.2214
vn -0.1965 -0.4239 0.8841
vn -0.9075 -0.0843 0.4115
vn -0.9552 -0.0622 0.2895
vn -0.9191 -0.0061 -0.3940
vn -0.7873 0.0495 -0.6146
vn -0.4284 -0.6526 -0.6249
vn -0.3989 -0.5641 -0.7230
vn -0.4127 -0.6904 -0.5942
vn -0.1576 -0.9253 -0.3450
vn -0.2409 -0.9661 -0.0933
vn -0.5833 -0.4825 0.6534
vn -0.8548 -0.0541 -0.5161
vn -0.0771 -0.2952 -0.9523
vn -0.2928 -0.9007 0.3211
vn -0.2957 -0.8804 0.3708
vn -0.5012 -0.7154 0.4869
vn -0.5939 -0.6817 0.4273
vn -0.6160 -0.6868 0.3857
vn -0.9944 -0.0156 -0.1046
vn -0.8567 -0.2898 -0.4267
vn -0.7419 -0.1595 -0.6512
vn -0.6608 -0.6658 0.3464
vn -0.9950 -0.0329 0.0942
vn -0.6117 -0.7893 -0.0532
vn -0.5309 -0.8446 0.0695
vn -0.7262 -0.6858 0.0482
vn -0.5129 -0.8431 0.1619
vn -0.6823 -0.6660 0.3014
vn -0.6161 -0.6868 0.3857
vn -0.0720 -0.2892 -0.9546
vn -0.4084 -0.7671 -0.4947
vn -0.3951 -0.7815 -0.4829
vn -0.3921 -0.7989 -0.4560
vn -0.8727 -0.4717 0.1260
vn -0.8790 -0.4698 0.0816
vn -0.9576 -0.0864 -0.2748
vn -0.6472 -0.3215 -0.6912
vn -0.6992 -0.4118 -0.5845
vn -0.7172 -0.3785 -0.5851
vn -0.7341 -0.6738 -0.0839
vn -0.7968 -0.4284 -0.4261
vn -0.8307 -0.5555 -0.0386
vn -0.9847 -0.1097 -0.1358
vn -0.8444 -0.4031 -0.3529
vt 0.718639 0.248738
vt 0.722971 0.275410
vt 0.712403 0.259323
vt 0.257757 0.781804
vt 0.251336 0.789671
vt 0.235115 0.779619
vt 0.759589 0.285291
vt 0.748272 0.292215
vt 0.751637 0.267687
vt 0.223983 0.735260
vt 0.230575 0.748686
vt 0.203325 0.732765
vt 0.245246 0.748827
vt 0.618718 0.746111
vt 0.618463 0.731267
vt 0.629843 0.725832
vt 0.100615 0.151954
vt 0.116415 0.154126
vt 0.110047 0.165609
vt 0.109250 0.135965
vt 0.319227 0.168640
vt 0.299010 0.161121
vt 0.335464 0.157120
vt 0.544607 0.807856
vt 0.545276 0.810830
vt 0.544141 0.811419
vt 0.545832 0.812299
vt 0.548084 0.813003
vt 0.549672 0.810120
vt 0.542628 0.809935
vt 0.544253 0.816272
vt 0.540532 0.813747
vt 0.511047 0.810511
vt 0.515422 0.813765
vt 0.508192 0.812848
vt 0.514060 0.815495
vt 0.509689 0.815474
vt 0.512879 0.817945
vt 0.537918 0.809491
vt 0.531105 0.808594
vt 0.519348 0.807787
vt 0.522395 0.808363
vt 0.523052 0.814974
vt 0.505131 0.809700
vt 0.505398 0.816266
vt 0.512528 0.823136
vt 0.518948 0.818579
vt 0.521243 0.819397
vt 0.525077 0.813709
vt 0.526824 0.811804
vt 0.504046 0.812162
vt 0.499294 0.813328
vt 0.527463 0.817270
vt 0.499971 0.809669
vt 0.499281 0.807868
vt 0.533300 0.816709
vt 0.534078 0.814997
vt 0.497993 0.810993
vt 0.500499 0.815169
vt 0.500975 0.816601
vt 0.537809 0.816595
vt 0.494083 0.809267
vt 0.494072 0.815091
vt 0.535248 0.819128
vt 0.498847 0.825514
vt 0.494458 0.823370
vt 0.503244 0.825253
vt 0.499093 0.822443
vt 0.494145 0.812542
vt 0.495148 0.817004
vt 0.496305 0.828937
vt 0.495330 0.825933
vt 0.505336 0.832011
vt 0.504378 0.829671
vt 0.505754 0.828130
vt 0.508378 0.824427
vt 0.486110 0.811661
vt 0.508641 0.827838
vt 0.511508 0.826181
vt 0.485217 0.814027
vt 0.489397 0.816063
vt 0.486384 0.818686
vt 0.505198 0.835168
vt 0.512774 0.833058
vt 0.557435 0.812230
vt 0.556260 0.810401
vt 0.558436 0.810632
vt 0.559171 0.807827
vt 0.553341 0.809459
vt 0.555430 0.811146
vt 0.562026 0.853416
vt 0.559033 0.850088
vt 0.562490 0.850030
vt 0.563529 0.847180
vt 0.551627 0.816234
vt 0.555654 0.815485
vt 0.561819 0.811740
vt 0.565181 0.811288
vt 0.564668 0.848775
vt 0.561031 0.816301
vt 0.567499 0.853000
vt 0.569110 0.850897
vt 0.568531 0.845343
vt 0.563113 0.845115
vt 0.564935 0.816160
vt 0.570460 0.843309
vt 0.565765 0.842914
vt 0.572150 0.847628
vt 0.569920 0.847062
vt 0.571266 0.854238
vt 0.573681 0.852404
vt 0.568028 0.840972
vt 0.577670 0.854346
vt 0.573819 0.849041
vt 0.575770 0.845031
vt 0.573705 0.840535
vt 0.580005 0.850285
vt 0.576032 0.842976
vt 0.578666 0.852577
vt 0.580357 0.847862
vt 0.583488 0.845059
vt 0.581625 0.843349
vt 0.581434 0.840616
vt 0.584650 0.851622
vt 0.588830 0.855089
vt 0.587629 0.841288
vt 0.584450 0.838958
vt 0.586694 0.846036
vt 0.587584 0.842676
vt 0.585640 0.839527
vt 0.591129 0.853618
vt 0.587106 0.838053
vt 0.591586 0.837611
vt 0.588641 0.836018
vt 0.591621 0.836346
vt 0.516857 0.829955
vt 0.592957 0.852025
vt 0.591747 0.850183
vt 0.589185 0.849050
vt 0.589360 0.838385
vt 0.515018 0.827039
vt 0.593755 0.846693
vt 0.515802 0.832771
vt 0.518157 0.839702
vt 0.516285 0.825776
vt 0.592958 0.843342
vt 0.515480 0.841284
vt 0.521083 0.828067
vt 0.596146 0.848889
vt 0.523733 0.839453
vt 0.597603 0.841227
vt 0.504825 0.837317
vt 0.511857 0.844656
vt 0.518699 0.842466
vt 0.859041 0.728345
vt 0.858457 0.721228
vt 0.859941 0.716639
vt 0.044626 0.425799
vt 0.041571 0.420176
vt 0.047707 0.422695
vt 0.039512 0.424398
vt 0.038204 0.428402
vt 0.046414 0.432205
vt 0.049017 0.416993
vt 0.037719 0.417498
vt 0.050049 0.420054
vt 0.046850 0.413940
vt 0.041377 0.434592
vt 0.053022 0.431303
vt 0.053711 0.416919
vt 0.886258 0.590570
vt 0.880651 0.587882
vt 0.900154 0.586489
vt 0.033919 0.423014
vt 0.052685 0.442847
vt 0.044062 0.440824
vt 0.870364 0.592773
vt 0.035873 0.415831
vt 0.053662 0.424701
vt 0.868886 0.588870
vt 0.029912 0.428558
vt 0.035698 0.432916
vt 0.054935 0.435407
vt 0.059604 0.422676
vt 0.061728 0.420244
vt 0.903735 0.590638
vt 0.029899 0.423151
vt 0.063072 0.417527
vt 0.865407 0.593412
vt 0.869961 0.599760
vt 0.886431 0.600248
vt 0.869274 0.607144
vt 0.897815 0.596358
vt 0.030335 0.433402
vt 0.061094 0.431635
vt 0.881952 0.610227
vt 0.029431 0.419866
vt 0.048429 0.449548
vt 0.022925 0.426758
vt 0.036021 0.441067
vt 0.055066 0.460061
vt 0.057631 0.446256
vt 0.065822 0.425295
vt 0.066038 0.419139
vt 0.074695 0.420289
vt 0.877770 0.616019
vt 0.870661 0.618655
vt 0.900051 0.601535
vt 0.022979 0.433676
vt 0.071883 0.422356
vt 0.860454 0.605503
vt 0.863979 0.613406
vt 0.880528 0.625266
vt 0.911959 0.588120
vt 0.050091 0.461571
vt 0.064945 0.440822
vt 0.070085 0.422195
vt 0.887036 0.618382
vt 0.891711 0.609537
vt 0.911192 0.593572
vt 0.022944 0.424046
vt 0.030078 0.441890
vt 0.044121 0.457147
vt 0.063460 0.448343
vt 0.865328 0.622713
vt 0.871531 0.629967
vt 0.072965 0.425236
vt 0.910085 0.598078
vt 0.919810 0.589903
vt 0.025410 0.443822
vt 0.073257 0.440714
vt 0.070713 0.432076
vt 0.856003 0.602145
vt 0.858914 0.605183
vt 0.859650 0.613472
vt 0.017654 0.435148
vt 0.855517 0.606477
vt 0.859344 0.618670
vt 0.890628 0.626139
vt 0.898844 0.609726
vt 0.917010 0.594587
vt 0.078991 0.424205
vt 0.863845 0.631541
vt 0.922328 0.594647
vt 0.014456 0.425774
vt 0.925968 0.596550
vt 0.934844 0.595141
vt 0.036559 0.455793
vt 0.077272 0.431565
vt 0.079631 0.427896
vt 0.855460 0.612116
vt 0.858716 0.622024
vt 0.859159 0.625964
vt 0.877596 0.639212
vt 0.897687 0.619331
vt 0.907991 0.606767
vt 0.914761 0.598081
vt 0.044501 0.469583
vt 0.060744 0.461255
vt 0.081383 0.426938
vt 0.854922 0.617554
vt 0.868120 0.641165
vt 0.910613 0.600831
vt 0.030718 0.452823
vt 0.048755 0.476082
vt 0.082231 0.437063
vt 0.086871 0.424577
vt 0.884945 0.635508
vt 0.905884 0.614103
vt 0.913640 0.601970
vt 0.931534 0.601069
vt 0.038588 0.469296
vt 0.094221 0.424831
vt 0.869311 0.654215
vt 0.918406 0.600980
vt 0.022514 0.448067
vt 0.092786 0.427167
vt 0.854848 0.623169
vt 0.858658 0.631948
vt 0.862818 0.643786
vt 0.876020 0.652744
vt 0.911741 0.609075
vt 0.943057 0.604769
vt 0.054056 0.472800
vt 0.781133 0.893507
vt 0.768472 0.893153
vt 0.772847 0.888350
vt 0.855258 0.629767
vt 0.881327 0.646245
vt 0.887413 0.643990
vt 0.921902 0.602771
vt 0.044081 0.479225
vt 0.072246 0.452557
vt 0.090798 0.434507
vt 0.091321 0.429437
vt 0.101715 0.424294
vt 0.101499 0.426693
vt 0.893115 0.635571
vt 0.910049 0.613553
vt 0.916925 0.606164
vt 0.033273 0.465567
vt 0.068729 0.463406
vt 0.855393 0.634746
vt 0.864314 0.658360
vt 0.897875 0.630770
vt 0.040069 0.480142
vt 0.110444 0.423324
vt 0.111344 0.425508
vt 0.858672 0.641176
vt 0.858862 0.648241
vt 0.879433 0.663370
vt 0.901882 0.627569
vt 0.913987 0.614615
vt 0.937597 0.609452
vt 0.780034 0.898674
vt 0.116926 0.422649
vt 0.872558 0.664303
vt 0.876920 0.674147
vt 0.868868 0.672989
vt 0.887199 0.659196
vt 0.904813 0.621216
vt 0.027597 0.465230
vt 0.802347 0.911404
vt 0.786796 0.910026
vt 0.793859 0.904887
vt 0.104446 0.428433
vt 0.854670 0.640635
vt 0.859100 0.656227
vt 0.891368 0.646694
vt 0.908969 0.620309
vt 0.910057 0.617392
vt 0.036528 0.480522
vt 0.793132 0.890787
vt 0.779505 0.885075
vt 0.119318 0.424477
vt 0.123492 0.420504
vt 0.904580 0.627209
vt 0.907969 0.624206
vt 0.916997 0.613045
vt 0.928435 0.610859
vt 0.947622 0.619258
vt 0.953021 0.619536
vt 0.033230 0.476135
vt 0.103314 0.431449
vt 0.126988 0.422182
vt 0.854866 0.645547
vt 0.859071 0.662371
vt 0.882193 0.671058
vt 0.893451 0.659898
vt 0.911815 0.621352
vt 0.803227 0.900424
vt 0.118620 0.426552
vt 0.854806 0.650446
vt 0.857484 0.653530
vt 0.859626 0.672218
vt 0.859417 0.666815
vt 0.868384 0.681295
vt 0.874219 0.694422
vt 0.897657 0.645813
vt 0.860214 0.683306
vt 0.868154 0.694164
vt 0.884267 0.677196
vt 0.902476 0.635832
vt 0.923027 0.620752
vt 0.808722 0.919064
vt 0.798005 0.916632
vt 0.129545 0.419626
vt 0.137546 0.418907
vt 0.135915 0.416953
vt 0.855018 0.656086
vt 0.857986 0.659604
vt 0.860085 0.676333
vt 0.879928 0.692209
vt 0.907748 0.629637
vt 0.911476 0.626880
vt 0.914593 0.623836
vt 0.026605 0.476892
vt 0.130029 0.423161
vt 0.855269 0.659993
vt 0.856168 0.668400
vt 0.891055 0.673987
vt 0.897746 0.656544
vt 0.929199 0.621139
vt 0.939002 0.620264
vt 0.796567 0.885689
vt 0.790228 0.878586
vt 0.787810 0.875157
vt 0.802100 0.876690
vt 0.799821 0.872829
vt 0.144933 0.415821
vt 0.859444 0.679362
vt 0.860086 0.692300
vt 0.031066 0.493473
vt 0.817436 0.898978
vt 0.149480 0.416929
vt 0.149509 0.414713
vt 0.855632 0.663890
vt 0.855962 0.672835
vt 0.867849 0.703521
vt 0.889920 0.687168
vt 0.896130 0.671725
vt 0.903173 0.647833
vt 0.903314 0.640921
vt 0.907112 0.634773
vt 0.910183 0.631324
vt 0.919938 0.625870
vt 0.031870 0.487402
vt 0.799329 0.922358
vt 0.820553 0.917779
vt 0.813654 0.907673
vt 0.856378 0.677203
vt 0.859672 0.686976
vt 0.904105 0.654440
vt 0.957223 0.630530
vt 0.816460 0.874701
vt 0.810878 0.871511
vt 0.819852 0.868824
vt 0.828779 0.871925
vt 0.829362 0.867636
vt 0.833614 0.869668
vt 0.155078 0.413779
vt 0.853414 0.668361
vt 0.856927 0.681570
vt 0.860153 0.697756
vt 0.896851 0.679339
vt 0.899692 0.667018
vt 0.906856 0.640975
vt 0.911149 0.635454
vt 0.800723 0.930779
vt 0.801175 0.926994
vt 0.818311 0.931796
vt 0.818870 0.926996
vt 0.161817 0.413917
vt 0.840962 0.867391
vt 0.846805 0.864828
vt 0.848993 0.867706
vt 0.852519 0.864728
vt 0.857082 0.687524
vt 0.881683 0.703912
vt 0.891142 0.698186
vt 0.902681 0.660322
vt 0.027541 0.491000
vt 0.860543 0.866692
vt 0.858270 0.864715
vt 0.856997 0.691763
vt 0.861275 0.710148
vt 0.874209 0.709811
vt 0.889194 0.705377
vt 0.944932 0.629892
vt 0.954223 0.638445
vt 0.819611 0.935236
vt 0.817013 0.912529
vt 0.819173 0.887028
vt 0.820977 0.881900
vt 0.848744 0.871655
vt 0.866230 0.864883
vt 0.857237 0.693727
vt 0.858911 0.701910
vt 0.859452 0.708612
vt 0.895589 0.695033
vt 0.907654 0.651324
vt 0.907919 0.645381
vt 0.910455 0.641114
vt 0.916630 0.636254
vt 0.828292 0.893583
vt 0.871785 0.865431
vt 0.876752 0.868889
vt 0.874355 0.865668
vt 0.879000 0.866858
vt 0.856666 0.697305
vt 0.800910 0.955466
vt 0.811575 0.943010
vt 0.810172 0.947931
vt 0.815288 0.938077
vt 0.841897 0.875496
vt 0.862780 0.869304
vt 0.873610 0.869667
vt 0.856784 0.701594
vt 0.856722 0.705551
vt 0.868753 0.716580
vt 0.876040 0.720114
vt 0.902002 0.679149
vt 0.905216 0.665137
vt 0.907834 0.657425
vt 0.911375 0.646734
vt 0.879101 0.714648
vt 0.910618 0.652721
vt 0.939623 0.633834
vt 0.838517 0.880938
vt 0.884582 0.867688
vt 0.856758 0.708715
vt 0.901520 0.694340
vt 0.908819 0.663752
vt 0.914571 0.642811
vt 0.928921 0.634531
vt 0.960417 0.642421
vt 0.870193 0.873112
vt 0.887347 0.871084
vt 0.856774 0.712614
vt 0.895612 0.710390
vt 0.906694 0.680301
vt 0.906781 0.672741
vt 0.908745 0.660901
vt 0.922090 0.636153
vt 0.950853 0.643630
vt 0.889783 0.868449
vt 0.893917 0.869127
vt 0.893817 0.717940
vt 0.911805 0.659018
vt 0.828457 0.923159
vt 0.836429 0.905744
vt 0.864951 0.878339
vt 0.884455 0.874021
vt 0.898896 0.870380
vt 0.886711 0.725080
vt 0.901267 0.707046
vt 0.908989 0.667879
vt 0.958173 0.651908
vt 0.832492 0.912341
vt 0.843089 0.897921
vt 0.895915 0.875766
vt 0.856205 0.717625
vt 0.878527 0.729538
vt 0.915993 0.656587
vt 0.919158 0.646674
vt 0.945570 0.646896
vt 0.899747 0.873756
vt 0.905119 0.872766
vt 0.868845 0.728586
vt 0.887147 0.735358
vt 0.905647 0.695027
vt 0.912717 0.668879
vt 0.914897 0.665913
vt 0.829693 0.946734
vt 0.829099 0.942666
vt 0.847153 0.903861
vt 0.856368 0.720964
vt 0.854378 0.723320
vt 0.901636 0.718667
vt 0.908812 0.678490
vt 0.910172 0.672466
vt 0.911449 0.677829
vt 0.922161 0.650978
vt 0.937259 0.647119
vt 0.858174 0.887903
vt 0.908170 0.876740
vt 0.909738 0.873977
vt 0.928469 0.873778
vt 0.922957 0.876403
vt 0.919276 0.877407
vt 0.896681 0.731205
vt 0.908452 0.707764
vt 0.909233 0.683651
vt 0.831717 0.932041
vt 0.884328 0.878573
vt 0.914799 0.875477
vt 0.852078 0.725541
vt 0.860869 0.736126
vt 0.858511 0.735584
vt 0.910788 0.690728
vt 0.911719 0.681535
vt 0.912509 0.674848
vt 0.900210 0.881347
vt 0.916248 0.879195
vt 0.877888 0.740817
vt 0.833849 0.939870
vt 0.858705 0.741075
vt 0.908261 0.716353
vt 0.912263 0.698858
vt 0.913059 0.685493
vt 0.914555 0.681844
vt 0.920952 0.668027
vt 0.967408 0.659327
vt 0.832828 0.936190
vt 0.833533 0.927977
vt 0.881944 0.883272
vt 0.908192 0.880485
vt 0.924154 0.882057
vt 0.924955 0.880091
vt 0.927740 0.877659
vt 0.903782 0.728901
vt 0.914348 0.691291
vt 0.916097 0.677995
vt 0.864528 0.897351
vt 0.930278 0.881631
vt 0.916580 0.688906
vt 0.932248 0.671507
vt 0.952122 0.659285
vt 0.860610 0.749509
vt 0.866331 0.751603
vt 0.919369 0.676547
vt 0.944614 0.658604
vt 0.840201 0.917838
vt 0.850340 0.911254
vt 0.907327 0.885398
vt 0.926638 0.885490
vt 0.933796 0.882496
vt 0.934373 0.879642
vt 0.906876 0.737044
vt 0.902617 0.739970
vt 0.915589 0.696442
vt 0.957770 0.670889
vt 0.962534 0.666752
vt 0.968103 0.674240
vt 0.935881 0.886510
vt 0.938708 0.882318
vt 0.914358 0.704343
vt 0.880582 0.894301
vt 0.857768 0.745101
vt 0.910655 0.730864
vt 0.917237 0.700784
vt 0.847833 0.924535
vt 0.866796 0.902687
vt 0.905338 0.892387
vt 0.937687 0.884945
vt 0.886696 0.748893
vt 0.897108 0.749120
vt 0.916922 0.715446
vt 0.919887 0.699150
vt 0.850814 0.918424
vt 0.916184 0.723855
vt 0.916706 0.709751
vt 0.918973 0.706437
vt 0.850837 0.947254
vt 0.841115 0.942691
vt 0.866740 0.912193
vt 0.925433 0.894098
vt 0.857592 0.753752
vt 0.917009 0.741671
vt 0.920411 0.712824
vt 0.925411 0.696592
vt 0.926218 0.687646
vt 0.951431 0.678784
vt 0.847808 0.950982
vt 0.884615 0.901747
vt 0.940993 0.886655
vt 0.944266 0.887449
vt 0.949129 0.886406
vt 0.876227 0.757521
vt 0.921753 0.706500
vt 0.940405 0.679878
vt 0.849446 0.932592
vt 0.850420 0.929139
vt 0.898167 0.899946
vt 0.937246 0.890634
vt 0.864664 0.756036
vt 0.909003 0.750078
vt 0.912730 0.743107
vt 0.919910 0.736811
vt 0.877494 0.908190
vt 0.962021 0.682038
vt 0.850471 0.938364
vt 0.868446 0.919340
vt 0.917360 0.901565
vt 0.932669 0.894708
vt 0.895983 0.761878
vt 0.885281 0.760682
vt 0.919293 0.720650
vt 0.921594 0.715897
vt 0.923652 0.713161
vt 0.861488 0.921491
vt 0.941290 0.890747
vt 0.921306 0.724079
vt 0.922884 0.718928
vt 0.927265 0.717737
vt 0.943029 0.698893
vt 0.908705 0.906014
vt 0.902917 0.908547
vt 0.920818 0.899806
vt 0.861847 0.758774
vt 0.931795 0.712013
vt 0.854576 0.945293
vt 0.858318 0.943720
vt 0.895641 0.909681
vt 0.925781 0.899260
vt 0.947612 0.889981
vt 0.870541 0.759740
vt 0.924289 0.733957
vt 0.925895 0.719238
vt 0.933079 0.702035
vt 0.875135 0.914113
vt 0.898337 0.910491
vt 0.409765 0.032913
vt 0.415466 0.030856
vt 0.412693 0.034094
vt 0.924822 0.902053
vt 0.411296 0.037907
vt 0.418585 0.039423
vt 0.424047 0.044017
vt 0.877496 0.762605
vt 0.906107 0.761524
vt 0.925693 0.753993
vt 0.924987 0.723684
vt 0.957998 0.689695
vt 0.968361 0.693302
vt 0.954652 0.887441
vt 0.856959 0.759681
vt 0.919183 0.757923
vt 0.925207 0.730278
vt 0.926799 0.727600
vt 0.398750 0.029162
vt 0.407057 0.027830
vt 0.419294 0.045066
vt 0.864594 0.925730
vt 0.440100 0.056656
vt 0.950423 0.891312
vt 0.861905 0.761592
vt 0.930496 0.749068
vt 0.928591 0.738124
vt 0.929285 0.730742
vt 0.928792 0.725560
vt 0.879471 0.918289
vt 0.851266 0.758729
vt 0.930767 0.733835
vt 0.955908 0.702526
vt 0.867061 0.956468
vt 0.859816 0.940795
vt 0.890620 0.913709
vt 0.894718 0.912271
vt 0.658518 0.234760
vt 0.649175 0.235635
vt 0.649449 0.218551
vt 0.646607 0.204788
vt 0.633449 0.205306
vt 0.635153 0.217672
vt 0.621021 0.191266
vt 0.622773 0.205596
vt 0.609811 0.193185
vt 0.663712 0.216500
vt 0.484457 0.212938
vt 0.488712 0.220002
vt 0.484771 0.216929
vt 0.484470 0.209992
vt 0.488508 0.208131
vt 0.481304 0.217884
vt 0.481264 0.209302
vt 0.485748 0.222208
vt 0.493942 0.212804
vt 0.498802 0.191251
vt 0.503878 0.184304
vt 0.508054 0.189734
vt 0.507570 0.183302
vt 0.515461 0.190304
vt 0.515828 0.182972
vt 0.510614 0.182330
vt 0.515655 0.181601
vt 0.523697 0.184498
vt 0.506205 0.182928
vt 0.499272 0.186714
vt 0.501254 0.185407
vt 0.498306 0.194807
vt 0.508016 0.195490
vt 0.504153 0.201149
vt 0.503207 0.181063
vt 0.494346 0.202498
vt 0.527459 0.189588
vt 0.520300 0.181531
vt 0.512220 0.178958
vt 0.495282 0.186043
vt 0.495986 0.188281
vt 0.488671 0.201309
vt 0.538514 0.187369
vt 0.531389 0.182798
vt 0.526856 0.182065
vt 0.523357 0.181661
vt 0.492518 0.192074
vt 0.484913 0.205404
vt 0.482639 0.223456
vt 0.486749 0.225124
vt 0.513493 0.199636
vt 0.540134 0.185106
vt 0.521316 0.178255
vt 0.503198 0.177796
vt 0.493279 0.183976
vt 0.494232 0.189432
vt 0.489758 0.194359
vt 0.487596 0.197870
vt 0.486002 0.201716
vt 0.469659 0.212184
vt 0.470820 0.208776
vt 0.475489 0.225056
vt 0.492796 0.227812
vt 0.500978 0.224558
vt 0.500745 0.218204
vt 0.503110 0.208227
vt 0.536230 0.183983
vt 0.491788 0.191149
vt 0.477360 0.206936
vt 0.479367 0.220239
vt 0.487920 0.228657
vt 0.514311 0.174604
vt 0.488160 0.189971
vt 0.484310 0.196488
vt 0.482277 0.197060
vt 0.485180 0.229709
vt 0.500333 0.233103
vt 0.514526 0.207034
vt 0.518827 0.199224
vt 0.524224 0.194015
vt 0.536398 0.181251
vt 0.492908 0.178471
vt 0.466452 0.207119
vt 0.466041 0.201112
vt 0.469216 0.218094
vt 0.466186 0.213109
vt 0.509543 0.227058
vt 0.510858 0.171758
vt 0.489290 0.176220
vt 0.463721 0.201621
vt 0.479779 0.235483
vt 0.489973 0.232599
vt 0.507138 0.236835
vt 0.498297 0.236711
vt 0.544290 0.186694
vt 0.548018 0.184405
vt 0.532765 0.177840
vt 0.485538 0.186044
vt 0.461199 0.203048
vt 0.463646 0.209272
vt 0.465408 0.217334
vt 0.461791 0.214174
vt 0.470883 0.221409
vt 0.516347 0.219080
vt 0.524065 0.206998
vt 0.540525 0.193559
vt 0.532098 0.174429
vt 0.493021 0.170134
vt 0.476985 0.189510
vt 0.465221 0.219767
vt 0.506854 0.243221
vt 0.514945 0.239181
vt 0.549864 0.192602
vt 0.550954 0.183244
vt 0.461239 0.211022
vt 0.459678 0.218131
vt 0.473831 0.227007
vt 0.490923 0.234763
vt 0.494151 0.238784
vt 0.495820 0.242428
vt 0.515795 0.256631
vt 0.511383 0.257619
vt 0.510092 0.254157
vt 0.514591 0.255144
vt 0.509141 0.250738
vt 0.535493 0.197611
vt 0.525992 0.170363
vt 0.462011 0.189667
vt 0.460155 0.204668
vt 0.456412 0.223194
vt 0.468178 0.224850
vt 0.490464 0.240380
vt 0.512854 0.246512
vt 0.504805 0.251338
vt 0.507196 0.253294
vt 0.510555 0.259670
vt 0.504652 0.255316
vt 0.530222 0.201678
vt 0.548779 0.188861
vt 0.550153 0.187466
vt 0.549950 0.179172
vt 0.513211 0.166095
vt 0.458482 0.201587
vt 0.451888 0.217939
vt 0.456460 0.219514
vt 0.477362 0.237078
vt 0.501979 0.248550
vt 0.517634 0.252403
vt 0.517322 0.231045
vt 0.552335 0.190968
vt 0.457122 0.188815
vt 0.457348 0.194917
vt 0.455779 0.196810
vt 0.456508 0.204887
vt 0.458639 0.223699
vt 0.471924 0.232726
vt 0.493407 0.239746
vt 0.498831 0.245912
vt 0.553379 0.198670
vt 0.555256 0.188267
vt 0.488561 0.243705
vt 0.501440 0.249294
vt 0.498212 0.249989
vt 0.498610 0.255048
vt 0.523129 0.262710
vt 0.520116 0.257879
vt 0.520401 0.247320
vt 0.529465 0.216243
vt 0.542281 0.201447
vt 0.474051 0.152169
vt 0.468187 0.159438
vt 0.499711 0.262003
vt 0.511255 0.262658
vt 0.523009 0.258128
vt 0.528010 0.228015
vt 0.536683 0.209695
vt 0.454851 0.196808
vt 0.453698 0.221221
vt 0.453394 0.226632
vt 0.498450 0.260031
vt 0.499595 0.264802
vt 0.526612 0.235880
vt 0.557432 0.194533
vt 0.552647 0.174661
vt 0.536856 0.168535
vt 0.522978 0.164647
vt 0.510478 0.156443
vt 0.464840 0.178515
vt 0.453082 0.192304
vt 0.449889 0.197353
vt 0.443468 0.213907
vt 0.446403 0.216486
vt 0.451559 0.222124
vt 0.452984 0.230894
vt 0.482908 0.246017
vt 0.506465 0.264912
vt 0.528177 0.266639
vt 0.526526 0.258846
vt 0.559795 0.193174
vt 0.464812 0.144064
vt 0.461901 0.151166
vt 0.450102 0.206760
vt 0.449835 0.224396
vt 0.451704 0.226646
vt 0.500803 0.267156
vt 0.519573 0.265357
vt 0.530478 0.242829
vt 0.570653 0.186336
vt 0.464655 0.167296
vt 0.450852 0.185079
vt 0.450640 0.191806
vt 0.472241 0.245114
vt 0.480212 0.247544
vt 0.513619 0.265934
vt 0.547342 0.208458
vt 0.566749 0.195850
vt 0.570690 0.191261
vt 0.475835 0.143086
vt 0.456870 0.130558
vt 0.464393 0.137051
vt 0.445477 0.208643
vt 0.447508 0.223887
vt 0.482628 0.253125
vt 0.501420 0.270112
vt 0.504576 0.269286
vt 0.529065 0.260075
vt 0.537408 0.223153
vt 0.560473 0.198141
vt 0.524679 0.156352
vt 0.451661 0.141027
vt 0.460193 0.165688
vt 0.455161 0.179053
vt 0.449903 0.189646
vt 0.445590 0.201503
vt 0.442119 0.218284
vt 0.447234 0.227386
vt 0.449165 0.230626
vt 0.531105 0.263964
vt 0.537364 0.239674
vt 0.541156 0.232406
vt 0.564550 0.196229
vt 0.566302 0.165573
vt 0.574984 0.158095
vt 0.582678 0.167147
vt 0.448883 0.149273
vt 0.448403 0.187435
vt 0.443195 0.206245
vt 0.448291 0.236103
vt 0.508865 0.268989
vt 0.504088 0.273325
vt 0.526875 0.268480
vt 0.534985 0.266529
vt 0.532425 0.262367
vt 0.530775 0.259436
vt 0.535056 0.257249
vt 0.557980 0.207132
vt 0.565148 0.203792
vt 0.562474 0.199325
vt 0.561782 0.156320
vt 0.550196 0.157013
vt 0.445790 0.189390
vt 0.445730 0.230017
vt 0.446654 0.243937
vt 0.475329 0.254010
vt 0.488525 0.271056
vt 0.491881 0.271388
vt 0.497018 0.271845
vt 0.512380 0.268889
vt 0.515185 0.269149
vt 0.517622 0.268810
vt 0.525014 0.270402
vt 0.537014 0.270326
vt 0.536067 0.260237
vt 0.546718 0.221982
vt 0.585325 0.172717
vt 0.594030 0.166891
vt 0.589508 0.157681
vt 0.511090 0.145633
vt 0.472103 0.131384
vt 0.446714 0.179685
vt 0.445151 0.193921
vt 0.439276 0.213085
vt 0.446223 0.237143
vt 0.478903 0.257460
vt 0.487447 0.266748
vt 0.519847 0.270178
vt 0.540127 0.254017
vt 0.598706 0.182172
vt 0.610102 0.178146
vt 0.480499 0.135543
vt 0.463245 0.122997
vt 0.448970 0.123438
vt 0.450661 0.134681
vt 0.444681 0.182775
vt 0.445661 0.185043
vt 0.442528 0.197994
vt 0.439320 0.217813
vt 0.440299 0.230780
vt 0.444228 0.233431
vt 0.443456 0.249140
vt 0.462675 0.249882
vt 0.520240 0.273340
vt 0.530216 0.272632
vt 0.536545 0.271732
vt 0.538753 0.269012
vt 0.541744 0.265225
vt 0.553913 0.213872
vt 0.567867 0.205479
vt 0.542034 0.146654
vt 0.446783 0.168773
vt 0.445751 0.176671
vt 0.436812 0.206296
vt 0.444178 0.242751
vt 0.453029 0.256661
vt 0.492895 0.273576
vt 0.525449 0.271552
vt 0.565915 0.214191
vt 0.566861 0.207524
vt 0.181209 0.403322
vt 0.169187 0.399869
vt 0.171152 0.392483
vt 0.567107 0.146083
vt 0.407553 0.105249
vt 0.430878 0.115846
vt 0.428447 0.125707
vt 0.414468 0.119126
vt 0.445056 0.140701
vt 0.450368 0.160104
vt 0.443450 0.183089
vt 0.441684 0.185179
vt 0.441151 0.193528
vt 0.437313 0.222980
vt 0.439220 0.226248
vt 0.441673 0.257208
vt 0.480064 0.262763
vt 0.534500 0.273926
vt 0.554410 0.236972
vt 0.560708 0.225733
vt 0.584016 0.191515
vt 0.615612 0.210338
vt 0.621837 0.216349
vt 0.668537 0.238470
vt 0.674968 0.228153
vt 0.662226 0.199666
vt 0.634446 0.195862
vt 0.601233 0.155644
vt 0.524078 0.137648
vt 0.479116 0.127261
vt 0.467589 0.115525
vt 0.450822 0.114911
vt 0.433883 0.104404
vt 0.409314 0.112660
vt 0.438142 0.135474
vt 0.444763 0.152145
vt 0.442045 0.238163
vt 0.471496 0.260944
vt 0.509216 0.278985
vt 0.528348 0.274028
vt 0.542788 0.260412
vt 0.569632 0.203826
vt 0.634031 0.230491
vt 0.653599 0.194265
vt 0.633624 0.187049
vt 0.154479 0.429609
vt 0.163814 0.416915
vt 0.169421 0.428283
vt 0.182048 0.421021
vt 0.172337 0.407836
vt 0.186024 0.396188
vt 0.553372 0.141111
vt 0.414327 0.092991
vt 0.395656 0.091368
vt 0.417829 0.128817
vt 0.443017 0.174356
vt 0.442781 0.178460
vt 0.438009 0.182343
vt 0.439247 0.189507
vt 0.433767 0.201376
vt 0.436306 0.229655
vt 0.440318 0.265798
vt 0.475028 0.264645
vt 0.500154 0.279708
vt 0.539555 0.275253
vt 0.546195 0.272367
vt 0.549431 0.268199
vt 0.541337 0.261107
vt 0.555789 0.253587
vt 0.558628 0.247966
vt 0.569398 0.212686
vt 0.615560 0.157583
vt 0.388700 0.083328
vt 0.419475 0.085746
vt 0.407298 0.112695
vt 0.411773 0.118652
vt 0.414969 0.124005
vt 0.429183 0.218795
vt 0.438251 0.246556
vt 0.440026 0.250691
vt 0.438056 0.262152
vt 0.456013 0.265875
vt 0.488393 0.275791
vt 0.487135 0.277721
vt 0.537953 0.278610
vt 0.547462 0.258980
vt 0.570989 0.211226
vt 0.582570 0.203425
vt 0.596054 0.203929
vt 0.659539 0.250209
vt 0.674595 0.214204
vt 0.631279 0.171658
vt 0.184321 0.427340
vt 0.187801 0.412183
vt 0.459957 0.107331
vt 0.400608 0.071181
vt 0.379026 0.072722
vt 0.397938 0.096414
vt 0.402827 0.104306
vt 0.405256 0.107664
vt 0.436155 0.151162
vt 0.444585 0.160046
vt 0.441078 0.169426
vt 0.437692 0.193294
vt 0.430218 0.209865
vt 0.438231 0.236840
vt 0.437128 0.267213
vt 0.467743 0.269745
vt 0.518338 0.282086
vt 0.542757 0.276561
vt 0.544937 0.273754
vt 0.548668 0.265641
vt 0.547276 0.260865
vt 0.572110 0.221958
vt 0.570960 0.217458
vt 0.573534 0.211653
vt 0.083477 0.477268
vt 0.099299 0.459732
vt 0.101696 0.471307
vt 0.105991 0.449819
vt 0.120343 0.454831
vt 0.133407 0.442160
vt 0.137254 0.426102
vt 0.159772 0.436340
vt 0.177177 0.437802
vt 0.407379 0.117216
vt 0.416091 0.130455
vt 0.419413 0.134842
vt 0.435847 0.196554
vt 0.434439 0.199347
vt 0.429733 0.205585
vt 0.434494 0.237485
vt 0.435572 0.271597
vt 0.437295 0.272558
vt 0.472769 0.273030
vt 0.492312 0.283166
vt 0.505216 0.284495
vt 0.510642 0.287792
vt 0.550002 0.270804
vt 0.573758 0.217824
vt 0.575326 0.209886
vt 0.608685 0.217151
vt 0.618107 0.228842
vt 0.644622 0.252403
vt 0.202610 0.404126
vt 0.485146 0.118325
vt 0.381763 0.080294
vt 0.387477 0.085160
vt 0.392475 0.091422
vt 0.404759 0.111799
vt 0.412555 0.122950
vt 0.411729 0.125225
vt 0.431079 0.203395
vt 0.426708 0.226982
vt 0.429720 0.234163
vt 0.435995 0.253670
vt 0.469053 0.272642
vt 0.479221 0.275417
vt 0.479767 0.278799
vt 0.483280 0.279811
vt 0.628326 0.240901
vt 0.680515 0.248615
vt 0.649311 0.174118
vt 0.568660 0.131218
vt 0.553850 0.134358
vt 0.508236 0.122147
vt 0.438532 0.087297
vt 0.430333 0.075542
vt 0.391991 0.063367
vt 0.392881 0.054752
vt 0.388545 0.088221
vt 0.395860 0.095605
vt 0.391063 0.095154
vt 0.399095 0.100498
vt 0.397447 0.102805
vt 0.400397 0.106284
vt 0.403910 0.112885
vt 0.409147 0.120675
vt 0.412566 0.128519
vt 0.435740 0.176720
vt 0.433881 0.188142
vt 0.435016 0.252817
vt 0.433634 0.261196
vt 0.435693 0.275099
vt 0.438040 0.281531
vt 0.532871 0.286703
vt 0.567233 0.241602
vt 0.569941 0.229857
vt 0.669011 0.262529
vt 0.675085 0.259431
vt 0.068714 0.484228
vt 0.082425 0.495040
vt 0.095636 0.483080
vt 0.167282 0.445474
vt 0.201513 0.420680
vt 0.469804 0.101819
vt 0.427832 0.066268
vt 0.395491 0.044952
vt 0.368210 0.066688
vt 0.374761 0.073596
vt 0.389233 0.092707
vt 0.386410 0.089816
vt 0.394837 0.099107
vt 0.401521 0.108615
vt 0.413446 0.131844
vt 0.421893 0.143047
vt 0.433907 0.164040
vt 0.429198 0.199501
vt 0.425473 0.210847
vt 0.429795 0.242716
vt 0.432655 0.260424
vt 0.431979 0.267768
vt 0.434295 0.277423
vt 0.547254 0.278549
vt 0.547798 0.277989
vt 0.552732 0.260087
vt 0.558701 0.258729
vt 0.053735 0.506151
vt 0.067690 0.499523
vt 0.125070 0.467062
vt 0.143815 0.448290
vt 0.199667 0.431673
vt 0.224051 0.417411
vt 0.365781 0.067527
vt 0.375012 0.075735
vt 0.381284 0.082041
vt 0.383086 0.086340
vt 0.398054 0.107771
vt 0.409294 0.122946
vt 0.414609 0.135254
vt 0.418682 0.138208
vt 0.424556 0.209792
vt 0.422265 0.232386
vt 0.430260 0.250285
vt 0.430760 0.267338
vt 0.430098 0.273899
vt 0.479019 0.282889
vt 0.492948 0.288188
vt 0.524411 0.290108
vt 0.550875 0.280369
vt 0.554136 0.263792
vt 0.593815 0.214582
vt 0.610516 0.233001
vt 0.655350 0.267061
vt 0.059471 0.519317
vt 0.149695 0.453760
vt 0.193802 0.441618
vt 0.491223 0.109152
vt 0.887639 0.766714
vt 0.932163 0.741138
vt 0.934180 0.725002
vt 0.361492 0.061122
vt 0.338829 0.049731
vt 0.349886 0.056716
vt 0.346477 0.055868
vt 0.342808 0.049302
vt 0.328138 0.044802
vt 0.335917 0.050007
vt 0.333045 0.041766
vt 0.330272 0.049654
vt 0.358575 0.062366
vt 0.368999 0.070738
vt 0.392971 0.119815
vt 0.415092 0.138245
vt 0.420388 0.216611
vt 0.429542 0.258019
vt 0.435043 0.282614
vt 0.438105 0.285298
vt 0.479847 0.287981
vt 0.553035 0.276757
vt 0.555090 0.260691
vt 0.565645 0.254712
vt 0.573228 0.227857
vt 0.577570 0.226007
vt 0.642627 0.269717
vt 0.521122 0.849866
vt 0.108944 0.482525
vt 0.176535 0.449523
vt 0.233572 0.427369
vt 0.501068 0.106940
vt 0.866339 0.764213
vt 0.925407 0.759944
vt 0.947199 0.715431
vt 0.961686 0.707865
vt 0.864998 0.950706
vt 0.862741 0.930654
vt 0.891336 0.914821
vt 0.400734 0.019311
vt 0.403068 0.022083
vt 0.393347 0.021501
vt 0.375265 0.059477
vt 0.325623 0.033306
vt 0.652597 0.502469
vt 0.657591 0.516589
vt 0.644042 0.517664
vt 0.608729 0.412735
vt 0.626216 0.421048
vt 0.619069 0.418747
vt 0.615551 0.414444
vt 0.628510 0.419847
vt 0.638176 0.425733
vt 0.157754 0.032253
vt 0.157920 0.037192
vt 0.149130 0.034993
vt 0.147625 0.041072
vt 0.145078 0.036364
vt 0.728214 0.452365
vt 0.721511 0.453129
vt 0.720216 0.450623
vt 0.716165 0.451482
vt 0.682235 0.446402
vt 0.694333 0.447131
vt 0.699289 0.454447
vt 0.681731 0.442152
vt 0.711143 0.450862
vt 0.707645 0.451399
vt 0.701469 0.448246
vt 0.700733 0.446912
vt 0.693312 0.444930
vt 0.672600 0.438970
vt 0.662997 0.456474
vt 0.668723 0.439088
vt 0.681182 0.461171
vt 0.688769 0.443731
vt 0.681013 0.440704
vt 0.670150 0.469762
vt 0.683721 0.480731
vt 0.664343 0.482064
vt 0.704445 0.462380
vt 0.717626 0.453667
vt 0.713780 0.449140
vt 0.707208 0.448789
vt 0.706776 0.447082
vt 0.673220 0.438537
vt 0.652077 0.446520
vt 0.694669 0.471879
vt 0.152482 0.048826
vt 0.166778 0.030427
vt 0.700673 0.445196
vt 0.694910 0.443300
vt 0.688323 0.441291
vt 0.681377 0.438845
vt 0.666846 0.493218
vt 0.694250 0.488914
vt 0.152777 0.031738
vt 0.140484 0.038117
vt 0.162675 0.047467
vt 0.647934 0.429605
vt 0.650177 0.431921
vt 0.638676 0.424788
vt 0.597571 0.406090
vt 0.672635 0.505159
vt 0.688214 0.506018
vt 0.727884 0.455133
vt 0.154590 0.029997
vt 0.133192 0.040784
vt 0.131763 0.045021
vt 0.140285 0.051294
vt 0.169076 0.034657
vt 0.173615 0.028724
vt 0.181143 0.027416
vt 0.182549 0.031411
vt 0.187626 0.026187
vt 0.193709 0.025680
vt 0.190676 0.029455
vt 0.661543 0.434535
vt 0.650802 0.429803
vt 0.607562 0.409883
vt 0.593518 0.406360
vt 0.657354 0.474235
vt 0.653419 0.532501
vt 0.635498 0.529777
vt 0.148149 0.031759
vt 0.143235 0.033881
vt 0.146229 0.061643
vt 0.200673 0.024744
vt 0.202554 0.027927
vt 0.207955 0.024709
vt 0.677119 0.437481
vt 0.670187 0.435066
vt 0.637670 0.422673
vt 0.631907 0.419330
vt 0.623156 0.414948
vt 0.609677 0.409170
vt 0.583932 0.400760
vt 0.588709 0.399667
vt 0.590623 0.386406
vt 0.323313 0.046433
vt 0.338223 0.054190
vt 0.345361 0.058255
vt 0.380873 0.084338
vt 0.416076 0.141632
vt 0.422073 0.149320
vt 0.424743 0.269530
vt 0.429112 0.273125
vt 0.433176 0.280842
vt 0.466341 0.287943
vt 0.472346 0.284564
vt 0.502795 0.293982
vt 0.517659 0.294218
vt 0.546821 0.289820
vt 0.557117 0.264906
vt 0.561598 0.257274
vt 0.579839 0.228523
vt 0.631687 0.257343
vt 0.522266 0.835336
vt 0.520675 0.825947
vt 0.528548 0.830302
vt 0.603746 0.842490
vt 0.599470 0.837481
vt 0.508232 0.845973
vt 0.502866 0.838601
vt 0.686948 0.260837
vt 0.095505 0.498251
vt 0.145504 0.468619
vt 0.903585 0.766113
vt 0.915013 0.764500
vt 0.934736 0.739711
vt 0.934844 0.735029
vt 0.964331 0.701304
vt 0.887950 0.916443
vt 0.622395 0.436574
vt 0.626069 0.448008
vt 0.641025 0.458424
vt 0.647753 0.491178
vt 0.640568 0.505097
vt 0.712261 0.472365
vt 0.119658 0.051731
vt 0.154753 0.064627
vt 0.214927 0.028705
vt 0.666024 0.433882
vt 0.655499 0.430392
vt 0.649876 0.427238
vt 0.268722 0.029248
vt 0.280915 0.031303
vt 0.280236 0.032363
vt 0.592419 0.400022
vt 0.351282 0.061693
vt 0.356301 0.065025
vt 0.367326 0.073172
vt 0.364231 0.070346
vt 0.370530 0.075369
vt 0.375666 0.079789
vt 0.371278 0.090440
vt 0.375602 0.116163
vt 0.381513 0.107186
vt 0.419604 0.143954
vt 0.421867 0.158007
vt 0.421250 0.162990
vt 0.425582 0.186763
vt 0.416306 0.211376
vt 0.425496 0.262185
vt 0.429415 0.277235
vt 0.431834 0.285410
vt 0.460786 0.281647
vt 0.474113 0.287439
vt 0.554197 0.284417
vt 0.554162 0.282869
vt 0.573112 0.234248
vt 0.575970 0.229581
vt 0.583892 0.224483
vt 0.590576 0.220506
vt 0.622716 0.255457
vt 0.528120 0.850221
vt 0.528809 0.832849
vt 0.051664 0.530843
vt 0.221888 0.436732
vt 0.472223 0.092516
vt 0.940915 0.732507
vt 0.879932 0.922711
vt 0.885605 0.918582
vt 0.358767 0.047043
vt 0.675088 0.525524
vt 0.694891 0.535213
vt 0.703676 0.514168
vt 0.702868 0.496927
vt 0.724916 0.459339
vt 0.134307 0.037845
vt 0.127804 0.043364
vt 0.122411 0.046311
vt 0.212327 0.023829
vt 0.642477 0.423979
vt 0.289566 0.034214
vt 0.303677 0.038465
vt 0.337204 0.057744
vt 0.359099 0.067276
vt 0.419551 0.215950
vt 0.412658 0.226066
vt 0.425159 0.256370
vt 0.429539 0.280101
vt 0.430314 0.282431
vt 0.521937 0.301815
vt 0.536991 0.299001
vt 0.555314 0.282596
vt 0.556404 0.280058
vt 0.562741 0.258116
vt 0.568188 0.251945
vt 0.570320 0.248343
vt 0.571322 0.246356
vt 0.573088 0.238539
vt 0.605288 0.240663
vt 0.650457 0.278126
vt 0.530156 0.829149
vt 0.601386 0.839086
vt 0.069664 0.520742
vt 0.248866 0.440397
vt 0.255987 0.435336
vt 0.463569 0.081034
vt 0.957247 0.709404
vt 0.587062 0.421326
vt 0.602045 0.437248
vt 0.628317 0.515758
vt 0.142013 0.030645
vt 0.198819 0.032923
vt 0.219294 0.023998
vt 0.223629 0.023485
vt 0.230689 0.026440
vt 0.660499 0.431645
vt 0.654730 0.429076
vt 0.235605 0.024681
vt 0.240711 0.024549
vt 0.248311 0.025912
vt 0.259487 0.027174
vt 0.251322 0.028659
vt 0.268621 0.032456
vt 0.312406 0.042751
vt 0.321297 0.049906
vt 0.370592 0.079366
vt 0.360292 0.111521
vt 0.363972 0.126534
vt 0.389172 0.131983
vt 0.402296 0.131689
vt 0.416474 0.145061
vt 0.419646 0.149343
vt 0.420360 0.153993
vt 0.420757 0.171063
vt 0.417193 0.239605
vt 0.415588 0.251977
vt 0.457677 0.279593
vt 0.465875 0.280299
vt 0.488801 0.297243
vt 0.497406 0.305729
vt 0.559295 0.289390
vt 0.557214 0.285004
vt 0.567653 0.257529
vt 0.631519 0.274541
vt 0.638729 0.285001
vt 0.040017 0.528182
vt 0.080877 0.524245
vt 0.161689 0.461369
vt 0.183800 0.457127
vt 0.199174 0.455156
vt 0.290592 0.423108
vt 0.313928 0.403349
vt 0.459829 0.059025
vt 0.323150 0.406926
vt 0.327919 0.417277
vt 0.323215 0.418185
vt 0.334412 0.425536
vt 0.935277 0.756190
vt 0.935240 0.748895
vt 0.939625 0.740623
vt 0.943562 0.721265
vt 0.871383 0.937108
vt 0.877767 0.924926
vt 0.500697 0.422310
vt 0.503516 0.417978
vt 0.502839 0.419819
vt 0.611499 0.453520
vt 0.633215 0.466184
vt 0.646209 0.543016
vt 0.685145 0.549578
vt 0.716980 0.482090
vt 0.152439 0.024578
vt 0.129845 0.037976
vt 0.125739 0.041579
vt 0.118472 0.047932
vt 0.113452 0.050652
vt 0.106472 0.057330
vt 0.112051 0.070291
vt 0.099703 0.084543
vt 0.164768 0.063016
vt 0.160284 0.071127
vt 0.229529 0.023890
vt 0.346816 0.064438
vt 0.358447 0.075687
vt 0.415560 0.220352
vt 0.421088 0.265370
vt 0.421246 0.272571
vt 0.422238 0.278875
vt 0.429077 0.289531
vt 0.437178 0.288301
vt 0.509480 0.305385
vt 0.559173 0.287186
vt 0.558450 0.271663
vt 0.562556 0.261884
vt 0.565314 0.262183
vt 0.631236 0.282357
vt 0.656224 0.282542
vt 0.666720 0.278439
vt 0.537315 0.836482
vt 0.506032 0.849028
vt 0.039037 0.532907
vt 0.041041 0.543455
vt 0.062053 0.535774
vt 0.211853 0.448502
vt 0.238716 0.446881
vt 0.465057 0.070562
vt 0.924483 0.768026
vt 0.923265 0.765382
vt 0.935957 0.746545
vt 0.965484 0.705891
vt 0.870930 0.949159
vt 0.871218 0.945732
vt 0.875176 0.928748
vt 0.399918 0.014411
vt 0.369380 0.029401
vt 0.344446 0.027750
vt 0.558951 0.405659
vt 0.637031 0.479862
vt 0.107797 0.053713
vt 0.149289 0.069942
vt 0.176451 0.049009
vt 0.242622 0.032430
vt 0.283232 0.040609
vt 0.301806 0.043544
vt 0.370515 0.134134
vt 0.404238 0.142298
vt 0.416562 0.151637
vt 0.416539 0.155263
vt 0.416276 0.185363
vt 0.410981 0.197678
vt 0.446992 0.287168
vt 0.561925 0.286528
vt 0.561033 0.282393
vt 0.573538 0.250147
vt 0.607688 0.254301
vt 0.034803 0.540895
vt 0.106636 0.500558
vt 0.123876 0.482313
vt 0.299339 0.430710
vt 0.328708 0.425969
vt 0.933417 0.761068
vt 0.937972 0.743749
vt 0.962627 0.711386
vt 0.871331 0.955254
vt 0.871381 0.940633
vt 0.501634 0.422556
vt 0.595729 0.448785
vt 0.625887 0.496810
vt 0.620459 0.534438
vt 0.628204 0.542159
vt 0.671541 0.557064
vt 0.662187 0.566541
vt 0.645382 0.553825
vt 0.853254 0.191778
vt 0.847302 0.187305
vt 0.851492 0.187600
vt 0.890713 0.147678
vt 0.889270 0.144690
vt 0.895317 0.143808
vt 0.897238 0.134440
vt 0.894984 0.141123
vt 0.889789 0.137735
vt 0.881244 0.145288
vt 0.898808 0.147031
vt 0.904464 0.144247
vt 0.886869 0.142184
vt 0.879955 0.151521
vt 0.887476 0.152900
vt 0.892001 0.155495
vt 0.899108 0.150904
vt 0.906468 0.148663
vt 0.905592 0.137666
vt 0.890754 0.131281
vt 0.903268 0.151302
vt 0.900850 0.126903
vt 0.808885 0.516162
vt 0.798567 0.524357
vt 0.798362 0.520794
vt 0.793836 0.530613
vt 0.785086 0.532209
vt 0.791233 0.524935
vt 0.784548 0.540075
vt 0.778921 0.538807
vt 0.933738 0.098641
vt 0.923012 0.099549
vt 0.921826 0.088916
vt 0.899818 0.116798
vt 0.908195 0.117321
vt 0.907704 0.120215
vt 0.914738 0.119389
vt 0.914430 0.116274
vt 0.898929 0.120736
vt 0.904283 0.113929
vt 0.911115 0.112638
vt 0.904122 0.125651
vt 0.907601 0.107129
vt 0.919946 0.111147
vt 0.893856 0.120035
vt 0.918439 0.124347
vt 0.903714 0.110626
vt 0.891995 0.123714
vt 0.924625 0.124489
vt 0.924744 0.121086
vt 0.780355 0.530728
vt 0.812568 0.518445
vt 0.923633 0.106288
vt 0.914385 0.097354
vt 0.897025 0.113426
vt 0.885165 0.132412
vt 0.882363 0.141351
vt 0.874770 0.149635
vt 0.871946 0.155446
vt 0.882957 0.157778
vt 0.912506 0.144047
vt 0.914764 0.126418
vt 0.925161 0.117271
vt 0.938537 0.114484
vt 0.940547 0.107082
vt 0.778025 0.541917
vt 0.778765 0.548029
vt 0.786524 0.543294
vt 0.804116 0.524481
vt 0.907626 0.102652
vt 0.891926 0.124600
vt 0.885081 0.137167
vt 0.868770 0.151785
vt 0.870920 0.162472
vt 0.876597 0.169693
vt 0.868840 0.167980
vt 0.866550 0.185190
vt 0.867388 0.179676
vt 0.873324 0.185535
vt 0.876253 0.180093
vt 0.869899 0.176460
vt 0.864353 0.188776
vt 0.860502 0.183040
vt 0.880907 0.185161
vt 0.873932 0.174162
vt 0.858643 0.178565
vt 0.876544 0.190993
vt 0.882041 0.178781
vt 0.861553 0.176380
vt 0.867807 0.172373
vt 0.855648 0.186129
vt 0.872245 0.193527
vt 0.881951 0.171913
vt 0.862757 0.192358
vt 0.882037 0.190830
vt 0.879212 0.160611
vt 0.882791 0.167084
vt 0.876786 0.158979
vt 0.911894 0.130700
vt 0.786049 0.525033
vt 0.774902 0.536985
vt 0.774222 0.546573
vt 0.792932 0.535973
vt 0.898911 0.106274
vt 0.890249 0.118164
vt 0.885905 0.127767
vt 0.876669 0.144359
vt 0.864295 0.154415
vt 0.873907 0.158162
vt 0.886918 0.183191
vt 0.899854 0.159093
vt 0.909579 0.152542
vt 0.913672 0.130650
vt 0.953880 0.105771
vt 0.799116 0.514794
vt 0.793448 0.518819
vt 0.911882 0.089922
vt 0.906751 0.097018
vt 0.880663 0.123512
vt 0.887033 0.123912
vt 0.869900 0.148332
vt 0.868514 0.156175
vt 0.862644 0.169745
vt 0.850300 0.180808
vt 0.891307 0.177778
vt 0.889495 0.175080
vt 0.893991 0.162038
vt 0.918170 0.149252
vt 0.947598 0.113431
vt 0.803106 0.528847
vt 0.887505 0.115351
vt 0.879231 0.131101
vt 0.879715 0.138842
vt 0.862549 0.150535
vt 0.860580 0.152491
vt 0.849740 0.207006
vt 0.855321 0.211811
vt 0.848835 0.212278
vt 0.846498 0.201298
vt 0.843070 0.203567
vt 0.841529 0.206693
vt 0.858391 0.207471
vt 0.853162 0.201620
vt 0.855577 0.217889
vt 0.862301 0.216877
vt 0.862837 0.212724
vt 0.844903 0.193739
vt 0.849959 0.194106
vt 0.838287 0.209153
vt 0.847526 0.215480
vt 0.841493 0.195895
vt 0.836957 0.198747
vt 0.862187 0.222681
vt 0.864046 0.205738
vt 0.865008 0.202136
vt 0.856820 0.197727
vt 0.883575 0.197115
vt 0.891953 0.165416
vt 0.906760 0.156291
vt 0.921926 0.137180
vt 0.770605 0.535560
vt 0.783026 0.550075
vt 0.795962 0.540444
vt 0.801500 0.533978
vt 0.810383 0.524988
vt 0.816154 0.516932
vt 0.815502 0.520646
vt 0.891032 0.111027
vt 0.875609 0.121513
vt 0.863498 0.159315
vt 0.863785 0.162377
vt 0.846633 0.176712
vt 0.843311 0.188278
vt 0.832073 0.202838
vt 0.868724 0.209910
vt 0.873175 0.197673
vt 0.889172 0.188063
vt 0.926641 0.134576
vt 0.932282 0.125836
vt 0.767270 0.543573
vt 0.767949 0.546120
vt 0.770747 0.552552
vt 0.774994 0.554476
vt 0.882106 0.124421
vt 0.873204 0.142235
vt 0.867217 0.146461
vt 0.854146 0.172752
vt 0.838086 0.178222
vt 0.841643 0.183389
vt 0.853517 0.221554
vt 0.860084 0.195774
vt 0.893719 0.182024
vt 0.894575 0.171061
vt 0.895324 0.167987
vt 0.916410 0.153002
vt 0.929105 0.136458
vt 0.936250 0.122073
vt 0.776577 0.528580
vt 0.788803 0.545692
vt 0.900785 0.092704
vt 0.897350 0.100095
vt 0.895069 0.104553
vt 0.874751 0.134590
vt 0.853479 0.147340
vt 0.856349 0.151882
vt 0.830079 0.197094
vt 0.868866 0.221880
vt 0.869218 0.215129
vt 0.884245 0.201043
vt 0.922165 0.144043
vt 0.932542 0.136530
vt 0.947674 0.119607
vt 0.783361 0.522729
vt 0.888602 0.193546
vt 0.900593 0.168696
vt 0.906318 0.168419
vt 0.914265 0.157675
vt 0.794041 0.510259
vt 0.776648 0.557511
vt 0.817384 0.522024
vt 0.824372 0.516805
vt 0.874832 0.123086
vt 0.875242 0.124611
vt 0.858068 0.161981
vt 0.836254 0.179937
vt 0.839349 0.188360
vt 0.836387 0.189537
vt 0.833520 0.192185
vt 0.834208 0.211468
vt 0.868612 0.200295
vt 0.962014 0.115846
vt 0.787570 0.516528
vt 0.768403 0.531241
vt 0.766470 0.540519
vt 0.765652 0.550894
vt 0.768975 0.557118
vt 0.770834 0.559355
vt 0.790399 0.546504
vt 0.890052 0.100280
vt 0.886025 0.110343
vt 0.851924 0.151594
vt 0.830501 0.175389
vt 0.843646 0.217107
vt 0.855962 0.226497
vt 0.876816 0.208640
vt 0.927200 0.153711
vt 0.942472 0.136313
vt 0.945834 0.128387
vt 0.765710 0.554829
vt 0.801977 0.541523
vt 0.813085 0.527227
vt 0.853706 0.143310
vt 0.837248 0.171766
vt 0.865443 0.228991
vt 0.869075 0.227093
vt 0.874955 0.203762
vt 0.931880 0.141859
vt 0.937401 0.136795
vt 0.779096 0.520694
vt 0.761648 0.538916
vt 0.771716 0.563271
vt 0.782855 0.555653
vt 0.796768 0.545835
vt 0.806891 0.533932
vt 0.823579 0.520456
vt 0.892097 0.091338
vt 0.868794 0.125763
vt 0.850382 0.168483
vt 0.825649 0.167466
vt 0.892318 0.198618
vt 0.897384 0.190134
vt 0.906589 0.178609
vt 0.905108 0.171117
vt 0.910685 0.165401
vt 0.930552 0.150958
vt 0.955050 0.124406
vt 0.770708 0.525367
vt 0.759827 0.555203
vt 0.772857 0.564522
vt 0.778041 0.558859
vt 0.788816 0.550703
vt 0.867539 0.116390
vt 0.866808 0.122795
vt 0.844634 0.148100
vt 0.814859 0.193730
vt 0.821272 0.199899
vt 0.826436 0.206126
vt 0.879568 0.214410
vt 0.903108 0.183763
vt 0.906146 0.174434
vt 0.932366 0.145814
vt 0.759373 0.545160
vt 0.757538 0.550830
vt 0.763729 0.559641
vt 0.765187 0.563492
vt 0.811867 0.532923
vt 0.847253 0.153793
vt 0.824425 0.172435
vt 0.841772 0.219591
vt 0.975819 0.127924
vt 0.783060 0.515626
vt 0.759038 0.535968
vt 0.766593 0.567689
vt 0.765676 0.573628
vt 0.776599 0.562793
vt 0.807471 0.544972
vt 0.823779 0.525258
vt 0.852192 0.132429
vt 0.820759 0.174362
vt 0.879582 0.206074
vt 0.888136 0.205109
vt 0.910050 0.170526
vt 0.940545 0.140190
vt 0.770762 0.570987
vt 0.786151 0.556627
vt 0.877992 0.089410
vt 0.857979 0.231441
vt 0.884495 0.207940
vt 0.888813 0.208278
vt 0.893885 0.204333
vt 0.915028 0.169484
vt 0.758180 0.532911
vt 0.754911 0.541138
vt 0.753441 0.556561
vt 0.754977 0.560658
vt 0.768187 0.579321
vt 0.798601 0.182259
vt 0.804871 0.191953
vt 0.880894 0.222419
vt 0.920275 0.162854
vt 0.938335 0.147542
vt 0.753122 0.546824
vt 0.751645 0.552798
vt 0.878530 0.227457
vt 0.748647 0.539073
vt 0.761987 0.571569
vt 0.778053 0.565647
vt 0.817391 0.200778
vt 0.872765 0.232552
vt 0.888317 0.211544
vt 0.901048 0.198510
vt 0.758388 0.528968
vt 0.746798 0.557765
vt 0.757635 0.562245
vt 0.763907 0.580985
vt 0.808667 0.197932
vt 0.863733 0.238332
vt 0.912155 0.175776
vt 0.934168 0.160108
vt 0.944188 0.150227
vt 0.962106 0.134948
vt 0.764517 0.520756
vt 0.757946 0.569362
vt 0.760028 0.579613
vt 0.765259 0.584731
vt 0.773497 0.579827
vt 0.768039 0.588568
vt 0.871393 0.558814
vt 0.781652 0.197096
vt 0.821600 0.207684
vt 0.844910 0.225026
vt 0.910159 0.183194
vt 0.757262 0.567459
vt 0.756714 0.578178
vt 0.760687 0.584205
vt 0.790370 0.599039
vt 0.847692 0.608577
vt 0.818021 0.609161
vt 0.796810 0.196422
vt 0.904711 0.193646
vt 0.907625 0.188347
vt 0.917930 0.173078
vt 0.924724 0.165645
vt 0.747866 0.543586
vt 0.746777 0.561797
vt 0.889161 0.214976
vt 0.893231 0.209088
vt 0.899553 0.205163
vt 0.968741 0.141444
vt 0.983772 0.142526
vt 0.745611 0.551392
vt 0.754498 0.574764
vt 0.762697 0.587922
vt 0.833256 0.221046
vt 0.885974 0.230826
vt 0.974841 0.147552
vt 0.748546 0.534843
vt 0.739856 0.557855
vt 0.752168 0.566613
vt 0.758341 0.587023
vt 0.797326 0.200527
vt 0.809805 0.203772
vt 0.021603 0.007930
vt 0.019687 0.005077
vt 0.028234 0.011950
vt 0.917539 0.178605
vt 0.953342 0.147286
vt 0.754745 0.527130
vt 0.739674 0.561944
vt 0.754005 0.583643
vt 0.794028 0.604087
vt 0.784356 0.200214
vt 0.846369 0.228802
vt 0.964401 0.150562
vt 0.739568 0.547029
vt 0.774453 0.593498
vt 0.788237 0.201809
vt 0.818523 0.211565
vt 0.898163 0.213654
vt 0.896405 0.209721
vt 0.927487 0.171433
vt 0.753946 0.523610
vt 0.745406 0.566924
vt 0.750832 0.572013
vt 0.749237 0.578611
vt 0.766934 0.591981
vt 0.800500 0.607923
vt 0.801630 0.206172
vt 0.026749 0.009039
vt 0.946425 0.155974
vt 0.981199 0.154256
vt 0.738117 0.553838
vt 0.734336 0.563706
vt 0.753583 0.587254
vt 0.761382 0.589965
vt 0.818712 0.610166
vt 0.770476 0.205492
vt 0.832079 0.226329
vt 0.850693 0.234377
vt 0.889960 0.224155
vt 0.937716 0.164903
vt 0.744209 0.533101
vt 0.736757 0.541728
vt 0.738825 0.565732
vt 0.782832 0.602021
vt 0.907919 0.195909
vt 0.971208 0.157739
vt 0.745809 0.572275
vt 0.749081 0.585602
vt 0.756202 0.590094
vt 0.774977 0.597199
vt 0.787833 0.606521
vt 0.807379 0.610305
vt 0.961434 0.157437
vt 0.950373 0.161271
vt 0.742329 0.577637
vt 0.745309 0.582185
vt 0.746706 0.589115
vt 0.801072 0.610039
vt 0.785828 0.204499
vt 0.920560 0.185570
vt 0.747912 0.526433
vt 0.728878 0.563990
vt 0.742513 0.586349
vt 0.752437 0.591594
vt 0.763352 0.593855
vt 0.774354 0.600039
vt 0.766670 0.207819
vt 0.788522 0.208288
vt 0.014893 0.010864
vt 0.010303 0.006483
vt 0.014810 0.007397
vt 0.022114 0.011123
vt 0.027742 0.014339
vt 0.037341 0.017970
vt 0.985699 0.159645
vt 0.974517 0.164693
vt 0.731437 0.534626
vt 0.723713 0.542890
vt 0.731836 0.569707
vt 0.739844 0.570306
vt 0.766699 0.594190
vt 0.767706 0.596628
vt 0.774674 0.601572
vt 0.785066 0.606808
vt 0.792377 0.610041
vt 0.011765 0.012646
vt 0.034524 0.013938
vt 0.894805 0.228263
vt 0.955943 0.170102
vt 0.732948 0.549241
vt 0.728810 0.557650
vt 0.756861 0.593605
vt 0.774795 0.603743
vt 0.781623 0.208964
vt 0.934402 0.175013
vt 0.735718 0.576699
vt 0.897450 0.222193
vt 0.913746 0.202475
vt 0.731972 0.530159
vt 0.718715 0.540880
vt 0.719675 0.554651
vt 0.734846 0.583781
vt 0.746153 0.592554
vt 0.778124 0.607089
vt 0.807781 0.613896
vt 0.016058 0.015386
vt 0.036374 0.020193
vt 0.991242 0.174801
vt 0.721979 0.531361
vt 0.718696 0.537465
vt 0.725768 0.571459
vt 0.765948 0.599537
vt 0.010862 0.013797
vt 0.021802 0.016358
vt 0.043577 0.020356
vt 0.717559 0.534824
vt 0.715471 0.548509
vt 0.714196 0.551036
vt 0.720449 0.564339
vt 0.740173 0.590836
vt 0.790901 0.613047
vt 0.791776 0.484444
vt 0.784848 0.499888
vt 0.776357 0.496593
vt 0.929068 0.192132
vt 0.961867 0.183009
vt 0.716366 0.541181
vt 0.716502 0.543351
vt 0.728907 0.578071
vt 0.734360 0.587677
vt 0.760104 0.596421
vt 0.763468 0.600994
vt 0.765635 0.603616
vt 0.725106 0.527946
vt 0.720391 0.577128
vt 0.748443 0.596117
vt 0.775854 0.608818
vt 0.008443 0.016343
vt 0.753485 0.521681
vt 0.736642 0.517415
vt 0.722854 0.526520
vt 0.718713 0.570625
vt 0.734089 0.592138
vt 0.743041 0.594612
vt 0.017828 0.017576
vt 0.028434 0.019868
vt 0.780102 0.505860
vt 0.766059 0.507697
vt 0.718426 0.514378
vt 0.717425 0.502605
vt 0.735938 0.465306
vt 0.141764 0.024644
vt 0.099398 0.058853
vt 0.092791 0.063001
vt 0.086058 0.071759
vt 0.105737 0.092857
vt 0.129542 0.075836
vt 0.209925 0.035961
vt 0.416543 0.148128
vt 0.412194 0.191758
vt 0.433839 0.287938
vt 0.474217 0.296704
vt 0.479527 0.301854
vt 0.486910 0.312448
vt 0.530223 0.307224
vt 0.556607 0.299543
vt 0.576512 0.238089
vt 0.579215 0.241897
vt 0.609394 0.276971
vt 0.644235 0.294723
vt 0.531937 0.830602
vt 0.170220 0.465571
vt 0.231668 0.454658
vt 0.289549 0.453552
vt 0.301284 0.448265
vt 0.341224 0.435868
vt 0.956134 0.715370
vt 0.964790 0.708920
vt 0.971875 0.697915
vt 0.873251 0.932559
vt 0.497212 0.427726
vt 0.499328 0.424443
vt 0.500510 0.425265
vt 0.510000 0.421819
vt 0.392021 0.010772
vt 0.363521 0.009914
vt 0.539112 0.420399
vt 0.575219 0.432046
vt 0.586581 0.457042
vt 0.618719 0.485310
vt 0.615786 0.517305
vt 0.714368 0.547728
vt 0.712624 0.557106
vt 0.756952 0.597427
vt 0.772287 0.501548
vt 0.745068 0.513067
vt 0.729787 0.522698
vt 0.732000 0.474202
vt 0.116387 0.044380
vt 0.117028 0.088131
vt 0.323089 0.059415
vt 0.353195 0.117734
vt 0.338464 0.126313
vt 0.351598 0.136211
vt 0.417451 0.273910
vt 0.419552 0.279404
vt 0.421180 0.285997
vt 0.460337 0.285676
vt 0.469358 0.291371
vt 0.501789 0.312451
vt 0.518317 0.311342
vt 0.561382 0.292235
vt 0.568833 0.264351
vt 0.573124 0.254524
vt 0.576147 0.245717
vt 0.547028 0.829169
vt 0.024244 0.564195
vt 0.049139 0.548605
vt 0.096820 0.520205
vt 0.139670 0.482490
vt 0.940342 0.746563
vt 0.966809 0.705473
vt 0.968230 0.702020
vt 0.612975 0.471577
vt 0.614841 0.497649
vt 0.604122 0.528607
vt 0.636927 0.549848
vt 0.699657 0.555579
vt 0.712426 0.554728
vt 0.711699 0.563130
vt 0.725565 0.587685
vt 0.024058 0.021149
vt 0.044941 0.019298
vt 0.034131 0.012652
vt 0.045079 0.017824
vt 0.751823 0.508199
vt 0.130067 0.031735
vt 0.114014 0.047072
vt 0.103297 0.053270
vt 0.076955 0.092267
vt 0.075633 0.113060
vt 0.202189 0.043599
vt 0.229643 0.031700
vt 0.260014 0.039334
vt 0.413633 0.151289
vt 0.416036 0.159288
vt 0.419244 0.161532
vt 0.419013 0.167341
vt 0.418496 0.172855
vt 0.415044 0.181172
vt 0.413420 0.187311
vt 0.405144 0.206845
vt 0.439454 0.291131
vt 0.454732 0.286007
vt 0.463691 0.292383
vt 0.465366 0.295308
vt 0.473122 0.307691
vt 0.526570 0.318081
vt 0.541896 0.310166
vt 0.565531 0.288894
vt 0.592716 0.241343
vt 0.619952 0.291788
vt 0.554286 0.844366
vt 0.555071 0.834097
vt 0.683899 0.345924
vt 0.686828 0.348519
vt 0.676534 0.343666
vt 0.038472 0.561138
vt 0.158925 0.481393
vt 0.180016 0.468766
vt 0.197736 0.464621
vt 0.222450 0.464750
vt 0.247794 0.464534
vt 0.307875 0.441065
vt 0.939902 0.753049
vt 0.942476 0.751047
vt 0.945323 0.746520
vt 0.956066 0.726621
vt 0.960058 0.718402
vt 0.465657 0.444011
vt 0.456250 0.440749
vt 0.461084 0.440091
vt 0.871499 0.951972
vt 0.494256 0.430501
vt 0.499866 0.428717
vt 0.577033 0.447876
vt 0.721572 0.584845
vt 0.734103 0.596089
vt 0.756578 0.601139
vt 0.761827 0.607619
vt 0.780231 0.612628
vt 0.045216 0.026008
vt 0.737897 0.515699
vt 0.733293 0.518028
vt 0.726432 0.503774
vt 0.117583 0.039044
vt 0.097469 0.110574
vt 0.147772 0.083027
vt 0.192254 0.056052
vt 0.340482 0.085942
vt 0.338510 0.103514
vt 0.385889 0.143130
vt 0.411202 0.159683
vt 0.408518 0.196787
vt 0.409485 0.226659
vt 0.406669 0.234238
vt 0.494668 0.318650
vt 0.562772 0.297525
vt 0.564753 0.282466
vt 0.566509 0.278070
vt 0.575973 0.254876
vt 0.572624 0.834730
vt 0.673970 0.340965
vt 0.064976 0.550536
vt 0.942426 0.761839
vt 0.436598 0.442912
vt 0.446661 0.441508
vt 0.443083 0.443291
vt 0.451101 0.441522
vt 0.468186 0.439392
vt 0.466820 0.440330
vt 0.476117 0.437693
vt 0.480253 0.436703
vt 0.479498 0.438746
vt 0.483685 0.435763
vt 0.486267 0.434806
vt 0.490229 0.433289
vt 0.488751 0.434520
vt 0.493915 0.433463
vt 0.553211 0.436780
vt 0.590506 0.474131
vt 0.605281 0.537578
vt 0.008048 0.018370
vt 0.039394 0.027369
vt 0.745903 0.509926
vt 0.739999 0.513834
vt 0.103591 0.051557
vt 0.087778 0.066175
vt 0.076678 0.074266
vt 0.083151 0.069848
vt 0.068060 0.083847
vt 0.056086 0.117139
vt 0.172178 0.069844
vt 0.364606 0.144890
vt 0.402340 0.148709
vt 0.416503 0.164680
vt 0.416449 0.173546
vt 0.411895 0.179230
vt 0.410292 0.185210
vt 0.405807 0.201532
vt 0.403376 0.240661
vt 0.400530 0.248067
vt 0.412254 0.265186
vt 0.414066 0.277710
vt 0.420229 0.290069
vt 0.449091 0.289326
vt 0.476289 0.317835
vt 0.535745 0.319113
vt 0.557501 0.306445
vt 0.592558 0.252952
vt 0.630804 0.302351
vt 0.651181 0.303590
vt 0.053377 0.558001
vt 0.126594 0.493130
vt 0.197149 0.475954
vt 0.219064 0.475942
vt 0.288075 0.466604
vt 0.943058 0.756049
vt 0.948583 0.742910
vt 0.951847 0.735820
vt 0.470242 0.441100
vt 0.472409 0.438574
vt 0.601286 0.514070
vt 0.619971 0.547593
vt 0.676069 0.570693
vt 0.710970 0.561031
vt 0.711635 0.568349
vt 0.738188 0.598938
vt 0.757889 0.503682
vt 0.748526 0.507619
vt 0.743799 0.509973
vt 0.741740 0.512199
vt 0.126300 0.027570
vt 0.082696 0.126912
vt 0.170334 0.080174
vt 0.222239 0.041398
vt 0.327521 0.115424
vt 0.328174 0.130082
vt 0.413688 0.174000
vt 0.407649 0.191789
vt 0.405920 0.196119
vt 0.401934 0.207322
vt 0.400096 0.213996
vt 0.402117 0.242291
vt 0.409949 0.258323
vt 0.417727 0.282895
vt 0.417814 0.286898
vt 0.486774 0.321972
vt 0.510673 0.318092
vt 0.566754 0.300632
vt 0.567899 0.292722
vt 0.588753 0.288602
vt 0.595461 0.274168
vt 0.603945 0.294897
vt 0.084699 0.537245
vt 0.120653 0.507447
vt 0.103926 0.528299
vt 0.144781 0.495266
vt 0.262368 0.475528
vt 0.424128 0.443153
vt 0.432826 0.444700
vt 0.455530 0.447334
vt 0.531025 0.443844
vt 0.554164 0.456428
vt 0.566473 0.468681
vt 0.643607 0.567825
vt 0.657187 0.572572
vt 0.688835 0.563297
vt 0.712691 0.578449
vt 0.726247 0.594072
vt 0.027511 0.024654
vt 0.059075 0.020114
vt 0.761774 0.500385
vt 0.753287 0.504968
vt 0.744280 0.479201
vt 0.749655 0.469430
vt 0.102043 0.048184
vt 0.093851 0.058827
vt 0.072070 0.076166
vt 0.125461 0.102404
vt 0.280989 0.060231
vt 0.309772 0.077848
vt 0.311713 0.097168
vt 0.325216 0.138275
vt 0.344995 0.142913
vt 0.415198 0.164065
vt 0.414744 0.169001
vt 0.444175 0.291968
vt 0.450889 0.291544
vt 0.463891 0.300373
vt 0.467132 0.313239
vt 0.554958 0.313308
vt 0.569346 0.290058
vt 0.035327 0.575722
vt 0.241930 0.480673
vt 0.319080 0.462337
vt 0.588181 0.489275
vt 0.629405 0.558941
vt 0.710793 0.566566
vt 0.711211 0.571372
vt 0.712100 0.574432
vt 0.767843 0.612443
vt 0.778630 0.614934
vt 0.013487 0.021334
vt 0.054023 0.025613
vt 0.768010 0.495406
vt 0.750639 0.505316
vt 0.080930 0.068239
vt 0.069384 0.078992
vt 0.061080 0.085654
vt 0.054821 0.135705
vt 0.144487 0.103373
vt 0.188766 0.078109
vt 0.217434 0.062711
vt 0.244793 0.053233
vt 0.411895 0.169508
vt 0.407639 0.183027
vt 0.404956 0.194422
vt 0.402350 0.200807
vt 0.398792 0.205938
vt 0.391830 0.226450
vt 0.403818 0.238401
vt 0.419210 0.299263
vt 0.427939 0.299224
vt 0.436072 0.294708
vt 0.438897 0.295588
vt 0.461505 0.307705
vt 0.551104 0.318305
vt 0.563248 0.303631
vt 0.629026 0.317505
vt 0.016830 0.585404
vt 0.181415 0.483595
vt 0.299225 0.476418
vt 0.346781 0.447675
vt 0.355119 0.443282
vt 0.410706 0.443151
vt 0.419174 0.444091
vt 0.520796 0.454060
vt 0.545333 0.473624
vt 0.591798 0.530526
vt 0.655748 0.585893
vt 0.640725 0.583268
vt 0.670694 0.588537
vt 0.714921 0.585481
vt 0.746013 0.602878
vt 0.756159 0.502979
vt 0.033043 0.141848
vt 0.069954 0.143897
vt 0.053752 0.154782
vt 0.109055 0.113454
vt 0.156329 0.097409
vt 0.274029 0.078929
vt 0.344761 0.156466
vt 0.403089 0.191387
vt 0.395480 0.210618
vt 0.397328 0.212864
vt 0.392863 0.219578
vt 0.417126 0.292419
vt 0.460846 0.299498
vt 0.513442 0.323835
vt 0.524624 0.327100
vt 0.561272 0.311357
vt 0.561754 0.307092
vt 0.568666 0.308438
vt 0.616798 0.313183
vt 0.574315 0.825452
vt 0.049119 0.581726
vt 0.069325 0.575225
vt 0.077263 0.560975
vt 0.169370 0.494515
vt 0.205430 0.484563
vt 0.229043 0.485355
vt 0.285652 0.482822
vt 0.339793 0.471869
vt 0.400781 0.442769
vt 0.410462 0.444167
vt 0.588895 0.517039
vt 0.595877 0.542376
vt 0.631441 0.569406
vt 0.745316 0.605146
vt 0.753977 0.609839
vt 0.758588 0.501580
vt 0.745002 0.493342
vt 0.104229 0.038347
vt 0.083715 0.064500
vt 0.072919 0.072710
vt 0.067190 0.079973
vt 0.049278 0.104993
vt 0.032199 0.126013
vt 0.035088 0.165662
vt 0.084759 0.141876
vt 0.099244 0.131883
vt 0.205989 0.086484
vt 0.248894 0.073372
vt 0.304152 0.114324
vt 0.309398 0.124005
vt 0.380673 0.154400
vt 0.391745 0.157790
vt 0.398777 0.261987
vt 0.399757 0.263480
vt 0.409688 0.280023
vt 0.415828 0.304944
vt 0.432166 0.300033
vt 0.435178 0.298088
vt 0.460824 0.301322
vt 0.479157 0.324716
vt 0.500639 0.325946
vt 0.534841 0.326474
vt 0.590200 0.300658
vt 0.666777 0.343344
vt 0.059127 0.570842
vt 0.120366 0.527366
vt 0.165949 0.503079
vt 0.327405 0.479689
vt 0.363279 0.453987
vt 0.427365 0.448406
vt 0.568528 0.493687
vt 0.567320 0.513300
vt 0.575768 0.523413
vt 0.711944 0.578256
vt 0.760061 0.500187
vt 0.756349 0.500928
vt 0.051865 0.093454
vt 0.043058 0.181828
vt 0.028754 0.197287
vt 0.056943 0.171666
vt 0.367771 0.153919
vt 0.393363 0.206322
vt 0.400941 0.270865
vt 0.412504 0.293024
vt 0.439882 0.298511
vt 0.454491 0.301251
vt 0.468616 0.321639
vt 0.573216 0.298869
vt 0.609700 0.304587
vt 0.605577 0.831796
vt 0.595106 0.825839
vt 0.658997 0.329216
vt 0.022933 0.602818
vt 0.032501 0.599439
vt 0.094613 0.544689
vt 0.469952 0.463294
vt 0.493578 0.459234
vt 0.523970 0.480495
vt 0.547879 0.495364
vt 0.613381 0.554062
vt 0.637366 0.597582
vt 0.653758 0.596583
vt 0.706254 0.575829
vt 0.713051 0.583228
vt 0.027900 0.027611
vt 0.009724 0.023002
vt 0.045677 0.032777
vt 0.061510 0.025808
vt 0.063181 0.026063
vt 0.761372 0.497062
vt 0.757601 0.475630
vt 0.765713 0.472281
vt 0.067650 0.071692
vt 0.069580 0.074372
vt 0.043595 0.103257
vt 0.022515 0.165512
vt 0.802622 0.325551
vt 0.817709 0.319320
vt 0.812906 0.331164
vt 0.033595 0.222405
vt 0.045434 0.205804
vt 0.066718 0.164161
vt 0.187384 0.082873
vt 0.284392 0.096446
vt 0.310786 0.151154
vt 0.392501 0.212986
vt 0.389017 0.227280
vt 0.382156 0.239712
vt 0.381210 0.251449
vt 0.415020 0.299834
vt 0.424307 0.304632
vt 0.428682 0.302464
vt 0.447863 0.297852
vt 0.458789 0.305272
vt 0.457747 0.312757
vt 0.460234 0.318242
vt 0.487564 0.330726
vt 0.557713 0.318838
vt 0.589269 0.312211
vt 0.140853 0.516376
vt 0.268098 0.497041
vt 0.366322 0.471341
vt 0.451560 0.469907
vt 0.538932 0.504754
vt 0.550943 0.514157
vt 0.578122 0.533321
vt 0.684461 0.582810
vt 0.715066 0.588085
vt 0.717770 0.591614
vt 0.057850 0.029498
vt 0.085776 0.057362
vt 0.058021 0.084920
vt 0.055059 0.090052
vt 0.056344 0.193533
vt 0.130895 0.115547
vt 0.153210 0.112994
vt 0.168432 0.098966
vt 0.198121 0.095752
vt 0.284697 0.113498
vt 0.397559 0.171925
vt 0.386517 0.181867
vt 0.393716 0.212860
vt 0.389346 0.218525
vt 0.384493 0.231937
vt 0.380616 0.266863
vt 0.396826 0.260151
vt 0.507854 0.329368
vt 0.546071 0.326979
vt 0.539007 0.331031
vt 0.559584 0.315045
vt 0.563425 0.314833
vt 0.599015 0.322611
vt 0.629202 0.327932
vt 0.640677 0.326293
vt 0.134668 0.535030
vt 0.160503 0.514934
vt 0.187495 0.499339
vt 0.221066 0.490807
vt 0.203226 0.492987
vt 0.290173 0.490032
vt 0.316040 0.488607
vt 0.959212 0.769720
vt 0.398877 0.460596
vt 0.505349 0.479244
vt 0.620448 0.567724
vt 0.663423 0.601742
vt 0.731525 0.602827
vt 0.737277 0.605775
vt 0.742901 0.609331
vt 0.749706 0.612359
vt 0.768992 0.616376
vt 0.016916 0.027041
vt 0.022483 0.029536
vt 0.037037 0.031981
vt 0.050683 0.031355
vt 0.060166 0.028588
vt 0.063357 0.028873
vt 0.065645 0.023865
vt 0.060150 0.081448
vt 0.017386 0.147502
vt 0.053416 0.218370
vt 0.219518 0.098764
vt 0.256392 0.099037
vt 0.286239 0.122287
vt 0.384846 0.225359
vt 0.397362 0.271359
vt 0.413199 0.296247
vt 0.431489 0.304345
vt 0.457834 0.308833
vt 0.456974 0.312057
vt 0.498676 0.332522
vt 0.512991 0.333391
vt 0.528065 0.333534
vt 0.552604 0.324569
vt 0.571497 0.310758
vt 0.061129 0.589051
vt 0.096596 0.563056
vt 0.114667 0.543405
vt 0.428057 0.471759
vt 0.537262 0.513378
vt 0.584152 0.547842
vt 0.590215 0.555031
vt 0.601429 0.561002
vt 0.646661 0.605803
vt 0.011163 0.024596
vt 0.031724 0.031529
vt 0.040594 0.033094
vt 0.053027 0.031904
vt 0.058390 0.030951
vt 0.047719 0.096966
vt 0.037265 0.111154
vt 0.030166 0.121688
vt 0.033632 0.115527
vt 0.010486 0.161583
vt 0.801711 0.334641
vt 0.821325 0.333653
vt 0.182864 0.091710
vt 0.260621 0.114425
vt 0.374457 0.160242
vt 0.393803 0.197281
vt 0.379764 0.235207
vt 0.376862 0.240679
vt 0.399146 0.271785
vt 0.402170 0.287346
vt 0.420889 0.306881
vt 0.435278 0.308149
vt 0.454037 0.307625
vt 0.457263 0.316437
vt 0.457410 0.319916
vt 0.476674 0.329917
vt 0.609985 0.327060
vt 0.647098 0.335835
vt 0.011773 0.609787
vt 0.026595 0.617305
vt 0.082593 0.582605
vt 0.175940 0.514252
vt 0.294064 0.499397
vt 0.363415 0.487131
vt 0.396951 0.483031
vt 0.437244 0.483541
vt 0.493028 0.485120
vt 0.500537 0.494421
vt 0.524521 0.503076
vt 0.622932 0.587644
vt 0.649149 0.617435
vt 0.720970 0.596133
vt 0.724623 0.598536
vt 0.756036 0.613186
vt 0.021529 0.030018
vt 0.050135 0.091188
vt 0.035905 0.106408
vt 0.028146 0.124229
vt 0.786190 0.333403
vt 0.782779 0.328880
vt 0.050213 0.241313
vt 0.089025 0.158633
vt 0.173971 0.116933
vt 0.236231 0.106293
vt 0.300906 0.133946
vt 0.296136 0.171542
vt 0.382105 0.228944
vt 0.378946 0.252747
vt 0.401363 0.283664
vt 0.403008 0.292323
vt 0.408509 0.302894
vt 0.412008 0.309005
vt 0.415556 0.309661
vt 0.423780 0.308770
vt 0.467091 0.327801
vt 0.559402 0.323494
vt 0.657729 0.347637
vt 0.072774 0.591692
vt 0.247891 0.499945
vt 0.354268 0.496752
vt 0.462675 0.491187
vt 0.565459 0.529394
vt 0.664702 0.619135
vt 0.683897 0.611828
vt 0.684495 0.597914
vt 0.696784 0.597502
vt 0.014987 0.027502
vt 0.025752 0.031212
vt 0.048619 0.032791
vt 0.067177 0.060263
vt 0.050795 0.087934
vt 0.017449 0.144468
vt 0.830617 0.320884
vt 0.030675 0.244838
vt 0.068830 0.198524
vt 0.076598 0.182574
vt 0.133796 0.145648
vt 0.184168 0.109799
vt 0.184855 0.122489
vt 0.353410 0.165399
vt 0.386555 0.220302
vt 0.375819 0.240292
vt 0.400063 0.275765
vt 0.429367 0.308203
vt 0.453586 0.316427
vt 0.459224 0.322782
vt 0.460280 0.325330
vt 0.518206 0.337175
vt 0.546241 0.330419
vt 0.551905 0.326957
vt 0.035977 0.631761
vt 0.042443 0.621289
vt 0.048947 0.610942
vt 0.112492 0.555450
vt 0.196788 0.502634
vt 0.215147 0.500613
vt 0.520665 0.514965
vt 0.537399 0.522007
vt 0.570739 0.543421
vt 0.569049 0.553083
vt 0.718672 0.596877
vt 0.733094 0.604695
vt 0.768536 0.616881
vt 0.008778 0.023728
vt 0.036855 0.033830
vt 0.044697 0.034202
vt 0.049406 0.085750
vt 0.044675 0.095217
vt 0.847127 0.669677
vt 0.847213 0.684865
vt 0.842662 0.692854
vt 0.797380 0.337824
vt 0.836597 0.333487
vt 0.024294 0.262360
vt 0.035751 0.258783
vt 0.149119 0.141962
vt 0.285898 0.149229
vt 0.371958 0.240891
vt 0.411582 0.305911
vt 0.417020 0.309845
vt 0.437675 0.310362
vt 0.444762 0.310584
vt 0.451392 0.314282
vt 0.481277 0.334633
vt 0.151491 0.538073
vt 0.164890 0.529424
vt 0.283587 0.512280
vt 0.557832 0.546434
vt 0.573975 0.561130
vt 0.618313 0.604564
vt 0.630896 0.613470
vt 0.706889 0.603522
vt 0.724146 0.599380
vt 0.726656 0.600338
vt 0.729997 0.603328
vt 0.735511 0.606014
vt 0.737160 0.607495
vt 0.751894 0.614728
vt 0.015924 0.037812
vt 0.048260 0.044130
vt 0.036722 0.101041
vt 0.848804 0.657899
vt 0.850797 0.663399
vt 0.849743 0.669612
vt 0.845675 0.670532
vt 0.843624 0.701109
vt 0.840392 0.702942
vt 0.851088 0.706334
vt 0.809065 0.342436
vt 0.813863 0.340502
vt 0.827612 0.348319
vt 0.841179 0.326335
vt 0.067499 0.219123
vt 0.092750 0.175607
vt 0.279378 0.169043
vt 0.302741 0.180383
vt 0.380009 0.198618
vt 0.376256 0.249720
vt 0.380257 0.278966
vt 0.402034 0.289172
vt 0.420768 0.314233
vt 0.455216 0.324668
vt 0.461682 0.327712
vt 0.508408 0.340972
vt 0.523571 0.339321
vt 0.528229 0.338404
vt 0.533625 0.336513
vt 0.539281 0.334345
vt 0.567416 0.321586
vt 0.577254 0.331426
vt 0.608296 0.338500
vt 0.626529 0.339179
vt 0.065036 0.603093
vt 0.085498 0.600003
vt 0.132874 0.560214
vt 0.304863 0.506258
vt 0.357300 0.506280
vt 0.490918 0.506145
vt 0.603740 0.573312
vt 0.610192 0.589885
vt 0.630897 0.619286
vt 0.650823 0.636864
vt 0.658400 0.645905
vt 0.675125 0.633420
vt 0.846459 0.654972
vt 0.846953 0.661491
vt 0.804768 0.341389
vt 0.822027 0.347879
vt 0.158300 0.146489
vt 0.285114 0.182556
vt 0.320328 0.181417
vt 0.374069 0.226016
vt 0.378805 0.264078
vt 0.400458 0.280622
vt 0.404175 0.298530
vt 0.410396 0.316559
vt 0.451340 0.324873
vt 0.463116 0.329404
vt 0.465346 0.331633
vt 0.488091 0.337370
vt 0.501138 0.338516
vt 0.547174 0.332373
vt 0.549154 0.333567
vt 0.560531 0.328368
vt 0.583697 0.338156
vt 0.630219 0.347842
vt 0.647533 0.346864
vt 0.142763 0.550154
vt 0.183070 0.519337
vt 0.207292 0.508505
vt 0.248879 0.507368
vt 0.272353 0.515995
vt 0.394978 0.500174
vt 0.422872 0.490591
vt 0.447852 0.499726
vt 0.469604 0.510956
vt 0.543881 0.535646
vt 0.586441 0.570494
vt 0.841681 0.686720
vt 0.836822 0.711594
vt 0.815682 0.345379
vt 0.830988 0.345184
vt 0.851249 0.335262
vt 0.853083 0.322150
vt 0.024910 0.279524
vt 0.144692 0.161524
vt 0.244895 0.140995
vt 0.263836 0.153913
vt 0.375252 0.249615
vt 0.377280 0.263336
vt 0.377946 0.272039
vt 0.377816 0.278714
vt 0.378275 0.285934
vt 0.380074 0.291407
vt 0.399478 0.286021
vt 0.406601 0.309215
vt 0.408348 0.311201
vt 0.412012 0.311984
vt 0.467774 0.333617
vt 0.510918 0.341084
vt 0.517104 0.340275
vt 0.550002 0.335642
vt 0.020885 0.632779
vt 0.099957 0.589024
vt 0.301723 0.515918
vt 0.405496 0.495792
vt 0.613918 0.611717
vt 0.785840 0.624785
vt 0.843231 0.670752
vt 0.787868 0.334730
vt 0.802861 0.340934
vt 0.808022 0.342991
vt 0.845429 0.344842
vt 0.861805 0.334241
vt 0.060907 0.265353
vt 0.101547 0.185427
vt 0.163118 0.160344
vt 0.174771 0.135119
vt 0.199415 0.131085
vt 0.287624 0.198339
vt 0.312580 0.188948
vt 0.374877 0.255894
vt 0.374251 0.267201
vt 0.377083 0.291987
vt 0.373984 0.293631
vt 0.375157 0.292634
vt 0.373847 0.298387
vt 0.459510 0.330586
vt 0.471248 0.334803
vt 0.522230 0.342932
vt 0.531021 0.340432
vt 0.646726 0.357404
vt 0.051848 0.649345
vt 0.052949 0.633995
vt 0.062963 0.619295
vt 0.101327 0.606914
vt 0.127447 0.570726
vt 0.161033 0.544329
vt 0.235779 0.514539
vt 0.381158 0.513330
vt 0.499869 0.520180
vt 0.553500 0.556712
vt 0.616334 0.623810
vt 0.635000 0.639747
vt 0.676026 0.651583
vt 0.663665 0.673693
vt 0.740988 0.639495
vt 0.028725 0.091585
vt 0.834618 0.711050
vt 0.834388 0.722703
vt 0.802704 0.341708
vt 0.820300 0.347897
vt 0.826261 0.349810
vt 0.039667 0.269931
vt 0.075207 0.242391
vt 0.092993 0.211130
vt 0.130928 0.165584
vt 0.223123 0.135118
vt 0.234642 0.152874
vt 0.266738 0.185078
vt 0.267451 0.200939
vt 0.373341 0.258665
vt 0.374467 0.272969
vt 0.375372 0.279025
vt 0.376884 0.303506
vt 0.377690 0.298055
vt 0.402583 0.297692
vt 0.404765 0.303260
vt 0.457172 0.333062
vt 0.477623 0.338549
vt 0.498930 0.341395
vt 0.538871 0.338526
vt 0.009175 0.634543
vt 0.032267 0.644782
vt 0.076183 0.610063
vt 0.183674 0.534279
vt 0.199569 0.521633
vt 0.343140 0.516131
vt 0.463355 0.517816
vt 0.539673 0.554071
vt 0.706721 0.647376
vt 0.810619 0.641619
vt 0.014521 0.070728
vt 0.837129 0.686835
vt 0.813581 0.346360
vt 0.833453 0.349201
vt 0.868667 0.322675
vt 0.151770 0.173973
vt 0.349160 0.210058
vt 0.374784 0.264580
vt 0.374186 0.283266
vt 0.374261 0.288382
vt 0.373044 0.305966
vt 0.380392 0.300561
vt 0.404937 0.306883
vt 0.418838 0.322485
vt 0.475417 0.337141
vt 0.481381 0.339458
vt 0.485107 0.340184
vt 0.583905 0.347981
vt 0.045424 0.666195
vt 0.130099 0.590233
vt 0.427333 0.513223
vt 0.516049 0.538221
vt 0.569602 0.572259
vt 0.593301 0.591184
vt 0.600442 0.608476
vt 0.648190 0.679428
vt 0.789721 0.662430
vt 0.811338 0.666238
vt 0.813159 0.346998
vt 0.826744 0.351874
vt 0.838629 0.348056
vt 0.866284 0.330011
vt 0.102632 0.231931
vt 0.105840 0.197553
vt 0.183904 0.149554
vt 0.218066 0.153628
vt 0.238083 0.159955
vt 0.249981 0.177407
vt 0.371627 0.272326
vt 0.367808 0.300931
vt 0.376060 0.308689
vt 0.405678 0.311267
vt 0.407900 0.313387
vt 0.466022 0.335499
vt 0.471754 0.336148
vt 0.491527 0.340754
vt 0.503565 0.341464
vt 0.510560 0.344077
vt 0.529991 0.344517
vt 0.095825 0.618560
vt 0.115911 0.614200
vt 0.124314 0.600364
vt 0.150828 0.560515
vt 0.222847 0.520274
vt 0.299346 0.529519
vt 0.603748 0.619051
vt 0.646049 0.652326
vt 0.834686 0.650420
vt 0.819552 0.350897
vt 0.837667 0.350515
vt 0.851903 0.341207
vt 0.070455 0.271466
vt 0.079210 0.259030
vt 0.120183 0.190671
vt 0.137545 0.178339
vt 0.252716 0.193794
vt 0.300640 0.221521
vt 0.444790 0.327483
vt 0.454667 0.336553
vt 0.489808 0.341257
vt 0.516001 0.345929
vt 0.550939 0.343019
vt 0.020357 0.657723
vt 0.331200 0.525568
vt 0.455419 0.523463
vt 0.490041 0.530695
vt 0.550677 0.564660
vt 0.553753 0.571040
vt 0.542241 0.575044
vt 0.618708 0.644396
vt 0.658361 0.699091
vt 0.713510 0.670624
vt 0.741791 0.666747
vt 0.729488 0.694576
vt 0.792736 0.702478
vt 0.830602 0.695757
vt 0.831942 0.354528
vt 0.834071 0.352890
vt 0.843261 0.347047
vt 0.856980 0.337757
vt 0.106596 0.217449
vt 0.322019 0.247149
vt 0.388333 0.304547
vt 0.396600 0.301477
vt 0.401238 0.309826
vt 0.405258 0.316444
vt 0.428330 0.325020
vt 0.473492 0.340325
vt 0.486701 0.343022
vt 0.501242 0.343853
vt 0.588519 0.357634
vt 0.607314 0.352968
vt 0.012304 0.651767
vt 0.059426 0.671727
vt 0.143392 0.574837
vt 0.169486 0.555283
vt 0.254093 0.528146
vt 0.278004 0.531517
vt 0.574798 0.582122
vt 0.633099 0.658500
vt 0.681063 0.677556
vt 0.733891 0.711116
vt 0.829789 0.737411
vt 0.828347 0.747006
vt 0.825411 0.761054
vt 0.825987 0.749341
vt 0.844594 0.348900
vt 0.860044 0.336876
vt 0.865846 0.334074
vt 0.871166 0.325190
vt 0.876608 0.315030
vt 0.873051 0.304526
vt 0.035957 0.310743
vt 0.042242 0.300855
vt 0.053183 0.295125
vt 0.063739 0.286628
vt 0.100713 0.247721
vt 0.136712 0.198267
vt 0.157086 0.184153
vt 0.217617 0.172442
vt 0.225560 0.193510
vt 0.341914 0.277941
vt 0.369759 0.282342
vt 0.367763 0.315382
vt 0.372454 0.311678
vt 0.378169 0.313008
vt 0.397792 0.314078
vt 0.570050 0.349584
vt 0.621910 0.361034
vt 0.038026 0.670843
vt 0.065115 0.645977
vt 0.082838 0.634006
vt 0.107251 0.629936
vt 0.200741 0.537342
vt 0.185585 0.551194
vt 0.227964 0.531541
vt 0.389749 0.523204
vt 0.420732 0.526612
vt 0.486184 0.551525
vt 0.505711 0.552500
vt 0.515797 0.561994
vt 0.599517 0.642338
vt 0.623332 0.657289
vt 0.631790 0.676477
vt 0.635085 0.709722
vt 0.824896 0.737383
vt 0.844505 0.350199
vt 0.849602 0.345558
vt 0.849770 0.343550
vt 0.855506 0.341320
vt 0.867762 0.330169
vt 0.184586 0.165769
vt 0.245718 0.201026
vt 0.269001 0.228553
vt 0.281612 0.249262
vt 0.375242 0.314095
vt 0.410109 0.323459
vt 0.450663 0.338275
vt 0.505032 0.349818
vt 0.450161 0.540669
vt 0.522802 0.569556
vt 0.630938 0.693742
vt 0.602043 0.746013
vt 0.639156 0.735307
vt 0.651577 0.721002
vt 0.692103 0.696445
vt 0.778653 0.733155
vt 0.837543 0.476170
vt 0.832504 0.474559
vt 0.832099 0.467186
vt 0.823910 0.466659
vt 0.831895 0.478045
vt 0.840083 0.483457
vt 0.839997 0.471648
vt 0.825284 0.465240
vt 0.845223 0.480154
vt 0.844999 0.475280
vt 0.827436 0.463883
vt 0.820157 0.468477
vt 0.844981 0.486484
vt 0.834790 0.488523
vt 0.875645 0.499003
vt 0.882707 0.494452
vt 0.890891 0.503439
vt 0.881120 0.488054
vt 0.875519 0.489403
vt 0.859243 0.499060
vt 0.861085 0.494655
vt 0.876597 0.508717
vt 0.903755 0.511733
vt 0.916234 0.501784
vt 0.915509 0.508575
vt 0.932006 0.505574
vt 0.946356 0.506020
vt 0.935766 0.512906
vt 0.922980 0.502307
vt 0.907890 0.502894
vt 0.676460 0.992751
vt 0.676252 0.982196
vt 0.684209 0.986335
vt 0.954098 0.510036
vt 0.969687 0.499677
vt 0.941820 0.528154
vt 0.663605 0.980574
vt 0.661475 0.971726
vt 0.655690 0.972559
vt 0.968240 0.497016
vt 0.952169 0.509308
vt 0.947825 0.511741
vt 0.956588 0.503071
vt 0.948635 0.507775
vt 0.941481 0.503790
vt 0.906205 0.504780
vt 0.901528 0.509365
vt 0.945881 0.516100
vt 0.668251 0.985670
vt 0.938990 0.499366
vt 0.933858 0.500449
vt 0.907456 0.525110
vt 0.937160 0.521218
vt 0.656719 0.982584
vt 0.667221 0.989990
vt 0.974374 0.496241
vt 0.956434 0.499923
vt 0.945468 0.500343
vt 0.912961 0.498718
vt 0.897991 0.503101
vt 0.893070 0.499448
vt 0.650487 0.965611
vt 0.649953 0.972281
vt 0.950048 0.501660
vt 0.908062 0.499349
vt 0.886125 0.493474
vt 0.886589 0.488826
vt 0.875283 0.482487
vt 0.868755 0.489708
vt 0.851801 0.483990
vt 0.857117 0.495133
vt 0.860686 0.487714
vt 0.896573 0.520239
vt 0.705595 0.970719
vt 0.647991 0.949819
vt 0.649581 0.940526
vt 0.662881 0.987364
vt 0.962657 0.497271
vt 0.893806 0.495874
vt 0.890720 0.490873
vt 0.861481 0.482112
vt 0.837191 0.465051
vt 0.817510 0.456851
vt 0.850235 0.499142
vt 0.647854 0.975588
vt 0.666522 0.991642
vt 0.966651 0.492633
vt 0.943777 0.497319
vt 0.937343 0.495204
vt 0.919882 0.496014
vt 0.902829 0.496609
vt 0.881065 0.481071
vt 0.888566 0.485494
vt 0.869857 0.484055
vt 0.860254 0.481130
vt 0.856413 0.480552
vt 0.849419 0.469400
vt 0.842187 0.465188
vt 0.645383 0.964836
vt 0.650733 0.981209
vt 0.657978 0.991315
vt 0.983315 0.492746
vt 0.976758 0.490053
vt 0.958691 0.495836
vt 0.928402 0.495833
vt 0.914675 0.494254
vt 0.852177 0.478121
vt 0.820965 0.453452
vt 0.810224 0.454013
vt 0.709286 0.948496
vt 0.643140 0.954086
vt 0.649886 0.985380
vt 0.653643 0.988390
vt 0.984345 0.485839
vt 0.989205 0.488946
vt 0.950481 0.495419
vt 0.870258 0.478229
vt 0.851125 0.473999
vt 0.852437 0.467327
vt 0.837014 0.459674
vt 0.832123 0.460284
vt 0.917991 0.575490
vt 0.646416 0.923855
vt 0.640540 0.967800
vt 0.658484 0.992941
vt 0.965813 0.490603
vt 0.953762 0.496097
vt 0.946733 0.492865
vt 0.939495 0.490126
vt 0.897489 0.490542
vt 0.847652 0.462210
vt 0.630998 0.881087
vt 0.641089 0.944798
vt 0.640240 0.975041
vt 0.643875 0.981978
vt 0.991363 0.484176
vt 0.945386 0.487260
vt 0.933988 0.488965
vt 0.918049 0.490054
vt 0.912327 0.491276
vt 0.902706 0.492036
vt 0.899092 0.485525
vt 0.895269 0.481389
vt 0.889163 0.477924
vt 0.883972 0.471727
vt 0.865605 0.476814
vt 0.861953 0.478643
vt 0.858946 0.474729
vt 0.825347 0.454691
vt 0.801370 0.450808
vt 0.629895 0.901741
vt 0.630924 0.911305
vt 0.636273 0.921010
vt 0.638841 0.932462
vt 0.638967 0.960490
vt 0.988978 0.480425
vt 0.975661 0.485933
vt 0.914385 0.487198
vt 0.875926 0.473827
vt 0.862500 0.475353
vt 0.843988 0.456374
vt 0.831704 0.454509
vt 0.861447 0.509834
vt 0.759212 0.937577
vt 0.624949 0.887806
vt 0.621438 0.880908
vt 0.620522 0.892216
vt 0.624803 0.900200
vt 0.636462 0.949060
vt 0.634434 0.968783
vt 0.646241 0.993543
vt 0.653564 0.995000
vt 0.981109 0.482374
vt 0.976703 0.485547
vt 0.960871 0.488221
vt 0.927891 0.489053
vt 0.856237 0.462340
vt 0.816938 0.443200
vt 0.812263 0.443209
vt 0.808259 0.444636
vt 0.765872 0.425589
vt 0.809069 0.939557
vt 0.646041 0.875500
vt 0.621560 0.901797
vt 0.634389 0.935743
vt 0.644484 0.988405
vt 0.646735 0.991917
vt 0.983923 0.477049
vt 0.956184 0.491361
vt 0.950561 0.489344
vt 0.907864 0.485493
vt 0.889717 0.472144
vt 0.858671 0.470915
vt 0.851663 0.458246
vt 0.838304 0.455321
vt 0.827079 0.451706
vt 0.637314 0.870406
vt 0.624965 0.872156
vt 0.615064 0.884163
vt 0.628247 0.913946
vt 0.631506 0.953887
vt 0.626809 0.970901
vt 0.995000 0.482679
vt 0.991120 0.475952
vt 0.971018 0.480829
vt 0.951127 0.484269
vt 0.934115 0.482217
vt 0.903338 0.478211
vt 0.898816 0.473743
vt 0.878627 0.465349
vt 0.865180 0.469896
vt 0.864022 0.470312
vt 0.862175 0.466213
vt 0.821837 0.444686
vt 0.719664 0.890079
vt 0.632621 0.927241
vt 0.628690 0.939629
vt 0.631453 0.961553
vt 0.634805 0.978180
vt 0.638484 0.984530
vt 0.978267 0.474891
vt 0.955490 0.485443
vt 0.948781 0.480140
vt 0.942390 0.481168
vt 0.926221 0.479655
vt 0.920613 0.486324
vt 0.835748 0.448410
vt 0.817511 0.433980
vt 0.788982 0.434865
vt 0.665407 0.875195
vt 0.693740 0.880665
vt 0.626091 0.867264
vt 0.618307 0.872269
vt 0.615841 0.877913
vt 0.619612 0.905337
vt 0.628123 0.933421
vt 0.624295 0.961652
vt 0.638552 0.989674
vt 0.993506 0.474502
vt 0.986364 0.473320
vt 0.925397 0.478549
vt 0.873272 0.467844
vt 0.865094 0.459708
vt 0.860982 0.455473
vt 0.828710 0.444694
vt 0.613241 0.888447
vt 0.628016 0.926322
vt 0.632206 0.983263
vt 0.977308 0.476751
vt 0.938152 0.475704
vt 0.919208 0.479069
vt 0.911812 0.478207
vt 0.895239 0.469920
vt 0.825530 0.436865
vt 0.619452 0.868669
vt 0.609486 0.877644
vt 0.615088 0.897018
vt 0.624765 0.917324
vt 0.619006 0.912839
vt 0.624521 0.950264
vt 0.625794 0.976272
vt 0.637049 0.993678
vt 0.963454 0.479830
vt 0.953508 0.478948
vt 0.869508 0.462199
vt 0.841782 0.447519
vt 0.821508 0.432240
vt 0.794024 0.431273
vt 0.699671 0.879356
vt 0.663548 0.872762
vt 0.636186 0.867486
vt 0.613441 0.868256
vt 0.986746 0.468539
vt 0.909599 0.473923
vt 0.889503 0.461607
vt 0.858715 0.452165
vt 0.852516 0.449213
vt 0.810137 0.435076
vt 0.804267 0.436213
vt 0.617546 0.864865
vt 0.610771 0.872031
vt 0.602099 0.884058
vt 0.606272 0.891327
vt 0.615993 0.961676
vt 0.615182 0.969636
vt 0.977335 0.467630
vt 0.972859 0.470566
vt 0.883294 0.460016
vt 0.826128 0.427076
vt 0.761641 0.415198
vt 0.748328 0.408534
vt 0.766266 0.414285
vt 0.676217 0.873507
vt 0.625051 0.863849
vt 0.600879 0.879563
vt 0.610678 0.903947
vt 0.618205 0.936442
vt 0.608693 0.965333
vt 0.630573 0.988514
vt 0.978412 0.462593
vt 0.959725 0.476984
vt 0.956201 0.473347
vt 0.943414 0.473550
vt 0.927747 0.470368
vt 0.907334 0.467718
vt 0.648260 0.868667
vt 0.609147 0.864823
vt 0.609347 0.907784
vt 0.621194 0.927784
vt 0.613529 0.942838
vt 0.614564 0.975660
vt 0.628498 0.992764
vt 0.988548 0.463969
vt 0.923265 0.466531
vt 0.870557 0.454992
vt 0.834440 0.428429
vt 0.801602 0.424692
vt 0.792054 0.425702
vt 0.780011 0.422550
vt 0.654290 0.868225
vt 0.603692 0.867902
vt 0.600909 0.870698
vt 0.613739 0.921523
vt 0.622371 0.980320
vt 0.623091 0.986204
vt 0.992846 0.465468
vt 0.975189 0.465302
vt 0.935573 0.467818
vt 0.901425 0.463052
vt 0.872164 0.454893
vt 0.833230 0.438196
vt 0.813978 0.424052
vt 0.769183 0.411870
vt 0.756649 0.407102
vt 0.633637 0.863392
vt 0.617846 0.859600
vt 0.597776 0.874971
vt 0.596201 0.888444
vt 0.610227 0.947801
vt 0.602663 0.967281
vt 0.965317 0.465598
vt 0.948712 0.469705
vt 0.894250 0.457574
vt 0.869357 0.448690
vt 0.847011 0.441172
vt 0.841136 0.437292
vt 0.784535 0.419265
vt 0.762798 0.402468
vt 0.745276 0.403087
vt 0.664834 0.868813
vt 0.650697 0.862571
vt 0.607680 0.860940
vt 0.603834 0.898816
vt 0.612470 0.980695
vt 0.952597 0.470443
vt 0.834013 0.419116
vt 0.775691 0.410036
vt 0.600858 0.863834
vt 0.590760 0.876580
vt 0.606359 0.916614
vt 0.609470 0.932620
vt 0.604784 0.973789
vt 0.881198 0.449160
vt 0.873644 0.450910
vt 0.792547 0.416489
vt 0.592294 0.885051
vt 0.593867 0.896508
vt 0.603277 0.908405
vt 0.602027 0.938647
vt 0.938216 0.462963
vt 0.928584 0.465079
vt 0.926303 0.462190
vt 0.919234 0.459559
vt 0.839184 0.431040
vt 0.803774 0.416649
vt 0.724386 0.793984
vt 0.720841 0.788503
vt 0.725930 0.786983
vt 0.713951 0.790693
vt 0.707181 0.795384
vt 0.703951 0.790038
vt 0.593232 0.864829
vt 0.604571 0.923089
vt 0.602276 0.930910
vt 0.599257 0.947263
vt 0.595555 0.953656
vt 0.614971 0.986910
vt 0.979391 0.452510
vt 0.968174 0.456463
vt 0.858001 0.440726
vt 0.709277 0.786584
vt 0.589031 0.871022
vt 0.593652 0.906412
vt 0.597210 0.914935
vt 0.979487 0.459092
vt 0.960434 0.460416
vt 0.872996 0.443372
vt 0.792155 0.409379
vt 0.778776 0.402125
vt 0.767104 0.397012
vt 0.752899 0.396492
vt 0.593817 0.861005
vt 0.582765 0.878540
vt 0.584066 0.887956
vt 0.988352 0.450562
vt 0.973563 0.455335
vt 0.915865 0.451412
vt 0.875610 0.446168
vt 0.871132 0.438700
vt 0.838738 0.409542
vt 0.740548 0.398047
vt 0.750304 0.391396
vt 0.722058 0.782731
vt 0.714140 0.785590
vt 0.594829 0.857530
vt 0.585033 0.895455
vt 0.595627 0.966800
vt 0.929661 0.457289
vt 0.857963 0.431719
vt 0.847337 0.415236
vt 0.815666 0.410888
vt 0.702291 0.783754
vt 0.583568 0.864331
vt 0.584093 0.869328
vt 0.589051 0.916153
vt 0.593154 0.938287
vt 0.598098 0.975585
vt 0.602921 0.989776
vt 0.939582 0.457383
vt 0.888864 0.446885
vt 0.825405 0.408969
vt 0.585839 0.904843
vt 0.591290 0.928576
vt 0.586903 0.958038
vt 0.603712 0.983453
vt 0.953893 0.459710
vt 0.905663 0.449160
vt 0.896711 0.446661
vt 0.785608 0.396666
vt 0.711851 0.781667
vt 0.584255 0.861019
vt 0.573467 0.882951
vt 0.576150 0.890567
vt 0.587909 0.943998
vt 0.590778 0.970977
vt 0.881007 0.440085
vt 0.852446 0.428530
vt 0.848611 0.424212
vt 0.966464 0.448906
vt 0.805223 0.408899
vt 0.795466 0.399353
vt 0.782241 0.392059
vt 0.716534 0.775013
vt 0.701524 0.777704
vt 0.574946 0.858714
vt 0.574557 0.873023
vt 0.578696 0.898167
vt 0.582909 0.933512
vt 0.582992 0.949879
vt 0.587111 0.963936
vt 0.955679 0.449966
vt 0.929253 0.449894
vt 0.845978 0.401731
vt 0.695355 0.780768
vt 0.580472 0.913126
vt 0.941993 0.446199
vt 0.813757 0.405605
vt 0.796556 0.392565
vt 0.728861 0.774871
vt 0.572535 0.865030
vt 0.567214 0.893022
vt 0.577058 0.903889
vt 0.579469 0.923007
vt 0.578292 0.960668
vt 0.880924 0.428249
vt 0.828305 0.399597
vt 0.703115 0.773000
vt 0.694698 0.774249
vt 0.565880 0.877489
vt 0.565600 0.885092
vt 0.812205 0.394410
vt 0.570142 0.907465
vt 0.575504 0.938336
vt 0.572710 0.963232
vt 0.972172 0.442762
vt 0.856883 0.412450
vt 0.715862 0.769229
vt 0.583766 0.975623
vt 0.855662 0.400032
vt 0.817218 0.389602
vt 0.565596 0.872539
vt 0.574840 0.929775
vt 0.572801 0.951444
vt 0.918573 0.442619
vt 0.835777 0.398053
vt 0.726422 0.767930
vt 0.571198 0.918054
vt 0.568385 0.940526
vt 0.971940 0.433142
vt 0.959714 0.439708
vt 0.901182 0.433947
vt 0.793404 0.389336
vt 0.720392 0.765480
vt 0.711346 0.766399
vt 0.556645 0.885140
vt 0.560328 0.891125
vt 0.574208 0.980566
vt 0.865655 0.413774
vt 0.744121 0.766159
vt 0.746678 0.767930
vt 0.738662 0.766435
vt 0.803180 0.389098
vt 0.696509 0.768081
vt 0.688927 0.776123
vt 0.564423 0.945944
vt 0.565171 0.955255
vt 0.944648 0.441023
vt 0.850581 0.392585
vt 0.709768 0.765659
vt 0.703020 0.766717
vt 0.563513 0.929906
vt 0.934817 0.437571
vt 0.865228 0.398818
vt 0.841696 0.390868
vt 0.834744 0.389199
vt 0.826496 0.391003
vt 0.755032 0.769458
vt 0.760518 0.768787
vt 0.737080 0.764951
vt 0.721910 0.764620
vt 0.787125 0.388958
vt 0.565805 0.866800
vt 0.556523 0.877224
vt 0.561237 0.899376
vt 0.561256 0.912180
vt 0.573166 0.971823
vt 0.955127 0.432846
vt 0.820953 0.389338
vt 0.691176 0.770068
vt 0.964483 0.419214
vt 0.827872 0.388175
vt 0.763097 0.758847
vt 0.705365 0.764652
vt 0.564964 0.862533
vt 0.559196 0.936795
vt 0.563708 0.963866
vt 0.568957 0.971391
vt 0.917462 0.430852
vt 0.764965 0.772183
vt 0.761127 0.770687
vt 0.699734 0.766553
vt 0.692199 0.768798
vt 0.687064 0.772623
vt 0.557467 0.870162
vt 0.553509 0.897341
vt 0.558643 0.956371
vt 0.950017 0.427046
vt 0.891290 0.415565
vt 0.875359 0.402664
vt 0.857492 0.389749
vt 0.848394 0.389704
vt 0.841174 0.389910
vt 0.768850 0.773091
vt 0.699148 0.758549
vt 0.555739 0.866275
vt 0.546358 0.884518
vt 0.557443 0.918312
vt 0.556184 0.946895
vt 0.891691 0.408488
vt 0.861907 0.388835
vt 0.844442 0.389757
vt 0.814793 0.726830
vt 0.816375 0.760767
vt 0.841558 0.354471
vt 0.870959 0.329239
vt 0.088524 0.264948
vt 0.139348 0.215048
vt 0.125948 0.214433
vt 0.201450 0.186582
vt 0.178689 0.186666
vt 0.340455 0.303806
vt 0.350782 0.315766
vt 0.406162 0.322170
vt 0.472014 0.343665
vt 0.488026 0.345760
vt 0.499441 0.346344
vt 0.518714 0.350668
vt 0.552089 0.353398
vt 0.093318 0.640871
vt 0.126446 0.622962
vt 0.128560 0.637954
vt 0.145273 0.631675
vt 0.134188 0.613243
vt 0.156246 0.568147
vt 0.302234 0.539248
vt 0.363378 0.535746
vt 0.577062 0.607101
vt 0.626507 0.754197
vt 0.605973 0.769465
vt 0.657949 0.731071
vt 0.718919 0.735592
vt 0.685677 0.772427
vt 0.681600 0.776177
vt 0.543951 0.888364
vt 0.939295 0.424056
vt 0.912485 0.420236
vt 0.848602 0.387636
vt 0.833205 0.362662
vt 0.850779 0.346357
vt 0.857082 0.342432
vt 0.862287 0.338338
vt 0.869987 0.332010
vt 0.873887 0.324788
vt 0.875885 0.320195
vt 0.064550 0.299975
vt 0.081317 0.280899
vt 0.127717 0.227615
vt 0.157746 0.202028
vt 0.246948 0.236866
vt 0.253876 0.245522
vt 0.269786 0.263966
vt 0.371209 0.316955
vt 0.536312 0.352373
vt 0.565936 0.361910
vt 0.603298 0.363917
vt 0.634598 0.368166
vt 0.089074 0.651228
vt 0.137940 0.602115
vt 0.363622 0.543653
vt 0.398833 0.543370
vt 0.607124 0.722115
vt 0.614125 0.707199
vt 0.695549 0.726314
vt 0.552120 0.935220
vt 0.852951 0.388996
vt 0.852981 0.348888
vt 0.863380 0.340896
vt 0.875349 0.326449
vt 0.113717 0.233077
vt 0.109790 0.252460
vt 0.142492 0.235270
vt 0.186568 0.202980
vt 0.228677 0.222074
vt 0.312600 0.280042
vt 0.370412 0.320312
vt 0.400818 0.320188
vt 0.414833 0.334716
vt 0.049344 0.684955
vt 0.104290 0.655663
vt 0.149193 0.649572
vt 0.136057 0.658528
vt 0.247709 0.544640
vt 0.422187 0.561707
vt 0.458218 0.556551
vt 0.554683 0.588275
vt 0.534741 0.586589
vt 0.592082 0.769011
vt 0.617344 0.769546
vt 0.634535 0.762058
vt 0.552203 0.872206
vt 0.547612 0.876648
vt 0.547370 0.903652
vt 0.552057 0.924864
vt 0.554582 0.962066
vt 0.873722 0.388954
vt 0.858462 0.387915
vt 0.787432 0.768107
vt 0.049233 0.310647
vt 0.053085 0.305504
vt 0.088192 0.286041
vt 0.197499 0.218726
vt 0.263181 0.267493
vt 0.277403 0.276927
vt 0.317206 0.300846
vt 0.364414 0.326792
vt 0.369229 0.323538
vt 0.373364 0.318144
vt 0.430267 0.342112
vt 0.484443 0.347341
vt 0.512582 0.357437
vt 0.546230 0.368877
vt 0.585870 0.368095
vt 0.602350 0.377516
vt 0.005000 0.682195
vt 0.032146 0.683646
vt 0.078026 0.666718
vt 0.094968 0.671256
vt 0.154219 0.665891
vt 0.183239 0.568558
vt 0.234964 0.555316
vt 0.279457 0.546299
vt 0.485940 0.570518
vt 0.578285 0.620084
vt 0.592465 0.626607
vt 0.579273 0.641569
vt 0.589089 0.665571
vt 0.589067 0.652473
vt 0.613278 0.670662
vt 0.582518 0.742575
vt 0.585139 0.752078
vt 0.624267 0.774334
vt 0.676696 0.771749
vt 0.542123 0.881210
vt 0.956084 0.412576
vt 0.865264 0.387865
vt 0.845089 0.378187
vt 0.875169 0.329525
vt 0.880399 0.314629
vt 0.097269 0.277373
vt 0.164336 0.222589
vt 0.191159 0.231243
vt 0.214589 0.237221
vt 0.228269 0.243922
vt 0.243135 0.255456
vt 0.296556 0.293761
vt 0.301986 0.306320
vt 0.327971 0.311583
vt 0.344891 0.322670
vt 0.367287 0.327456
vt 0.374559 0.320959
vt 0.467298 0.347691
vt 0.013800 0.680485
vt 0.068153 0.680273
vt 0.148704 0.674084
vt 0.137016 0.674392
vt 0.259052 0.555777
vt 0.445506 0.571621
vt 0.501015 0.569098
vt 0.521243 0.575700
vt 0.538377 0.597068
vt 0.581136 0.730779
vt 0.580714 0.766924
vt 0.646699 0.753598
vt 0.663939 0.744629
vt 0.679230 0.777401
vt 0.675476 0.780459
vt 0.676011 0.781259
vt 0.548894 0.945937
vt 0.557822 0.976762
vt 0.934142 0.410779
vt 0.887042 0.385731
vt 0.880844 0.386991
vt 0.868032 0.341533
vt 0.879690 0.321200
vt 0.878294 0.318507
vt 0.882992 0.307757
vt 0.881437 0.299060
vt 0.062870 0.307829
vt 0.124302 0.241598
vt 0.166237 0.245274
vt 0.148221 0.254828
vt 0.371086 0.327049
vt 0.391016 0.322022
vt 0.402485 0.327152
vt 0.403437 0.331763
vt 0.497154 0.353753
vt 0.111114 0.677939
vt 0.166997 0.600626
vt 0.183172 0.584918
vt 0.240708 0.571020
vt 0.361723 0.556224
vt 0.399189 0.561469
vt 0.558193 0.609746
vt 0.601171 0.778756
vt 0.645854 0.774679
vt 0.663983 0.765011
vt 0.672707 0.786141
vt 0.671487 0.790569
vt 0.670832 0.788350
vt 0.915760 0.411447
vt 0.908843 0.395321
vt 0.893152 0.386301
vt 0.891521 0.383844
vt 0.883289 0.385562
vt 0.876552 0.386976
vt 0.873101 0.387020
vt 0.850363 0.360443
vt 0.039606 0.322796
vt 0.081079 0.306104
vt 0.099683 0.294144
vt 0.157310 0.262707
vt 0.258101 0.275753
vt 0.319796 0.320681
vt 0.519933 0.366997
vt 0.561339 0.372329
vt 0.065410 0.691015
vt 0.080683 0.679053
vt 0.154487 0.688405
vt 0.174415 0.645825
vt 0.190928 0.675048
vt 0.171495 0.624160
vt 0.222445 0.583992
vt 0.325921 0.552101
vt 0.499650 0.579789
vt 0.574129 0.655641
vt 0.591674 0.687387
vt 0.568678 0.744293
vt 0.568704 0.761561
vt 0.630490 0.782207
vt 0.672261 0.785053
vt 0.670354 0.790803
vt 0.535564 0.886977
vt 0.543272 0.915396
vt 0.868140 0.376335
vt 0.878319 0.334723
vt 0.883130 0.316852
vt 0.881814 0.314153
vt 0.886725 0.307561
vt 0.050134 0.332263
vt 0.096260 0.304322
vt 0.366782 0.330332
vt 0.373369 0.329180
vt 0.378715 0.321584
vt 0.532850 0.369818
vt 0.026559 0.708085
vt 0.042424 0.707429
vt 0.196395 0.660483
vt 0.478355 0.586239
vt 0.515719 0.592243
vt 0.558294 0.618649
vt 0.558930 0.634625
vt 0.573132 0.675194
vt 0.572269 0.694595
vt 0.560934 0.692634
vt 0.573072 0.719245
vt 0.614752 0.785848
vt 0.669724 0.793426
vt 0.670113 0.794986
vt 0.532889 0.904758
vt 0.536462 0.935347
vt 0.535905 0.945954
vt 0.543814 0.962130
vt 0.947391 0.399320
vt 0.926369 0.391905
vt 0.900391 0.383961
vt 0.896617 0.384040
vt 0.862323 0.352343
vt 0.880677 0.323972
vt 0.889796 0.303641
vt 0.061026 0.323085
vt 0.127257 0.273395
vt 0.172079 0.269454
vt 0.157304 0.276600
vt 0.192341 0.259724
vt 0.229496 0.260118
vt 0.275369 0.289701
vt 0.362187 0.337592
vt 0.365417 0.332750
vt 0.412874 0.346098
vt 0.424003 0.350726
vt 0.451840 0.350865
vt 0.577540 0.376940
vt 0.105489 0.688471
vt 0.143056 0.686428
vt 0.171960 0.690612
vt 0.202086 0.604020
vt 0.375761 0.578143
vt 0.424814 0.591076
vt 0.529767 0.607796
vt 0.564388 0.733275
vt 0.663592 0.792053
vt 0.669022 0.796871
vt 0.536026 0.890373
vt 0.530828 0.920418
vt 0.117586 0.286851
vt 0.247909 0.277611
vt 0.280100 0.304456
vt 0.293362 0.319498
vt 0.350622 0.333998
vt 0.364060 0.335123
vt 0.399126 0.339092
vt 0.457083 0.356347
vt 0.534020 0.376399
vt 0.059426 0.698153
vt 0.121089 0.688422
vt 0.199594 0.691748
vt 0.190546 0.707027
vt 0.206573 0.706643
vt 0.207569 0.620090
vt 0.219469 0.609232
vt 0.318956 0.571238
vt 0.533065 0.619705
vt 0.557289 0.682592
vt 0.545460 0.700240
vt 0.559518 0.749514
vt 0.580948 0.779804
vt 0.592008 0.789373
vt 0.604885 0.796397
vt 0.533743 0.888925
vt 0.531876 0.893348
vt 0.907282 0.382053
vt 0.911674 0.381772
vt 0.886446 0.312238
vt 0.041401 0.337049
vt 0.310868 0.327331
vt 0.329738 0.332188
vt 0.367930 0.334834
vt 0.370272 0.334132
vt 0.488022 0.360196
vt 0.019358 0.719131
vt 0.086771 0.690893
vt 0.264153 0.607772
vt 0.363722 0.591560
vt 0.452103 0.607036
vt 0.509944 0.624137
vt 0.549926 0.650089
vt 0.561692 0.710960
vt 0.573462 0.771591
vt 0.915240 0.383104
vt 0.903272 0.382361
vt 0.903799 0.378363
vt 0.878351 0.345287
vt 0.884669 0.316459
vt 0.891730 0.295255
vt 0.083703 0.319049
vt 0.189874 0.286462
vt 0.209221 0.274770
vt 0.263853 0.308572
vt 0.440609 0.357212
vt 0.466369 0.362791
vt 0.498672 0.368988
vt 0.517064 0.374646
vt 0.542273 0.383873
vt 0.563357 0.395736
vt 0.036357 0.721203
vt 0.203298 0.717436
vt 0.396065 0.603757
vt 0.488257 0.616761
vt 0.525932 0.633838
vt 0.544611 0.664396
vt 0.585263 0.791697
vt 0.621521 0.793411
vt 0.644136 0.791366
vt 0.530670 0.897265
vt 0.894181 0.364190
vt 0.888584 0.311418
vt 0.894040 0.297745
vt 0.117461 0.297689
vt 0.139733 0.285090
vt 0.245150 0.320273
vt 0.267185 0.321761
vt 0.255613 0.324544
vt 0.291444 0.329749
vt 0.352918 0.340959
vt 0.360162 0.340804
vt 0.363319 0.338886
vt 0.400926 0.346541
vt 0.412838 0.356764
vt 0.112394 0.701707
vt 0.129655 0.693264
vt 0.217171 0.684554
vt 0.213960 0.646086
vt 0.248959 0.622462
vt 0.351134 0.603790
vt 0.547824 0.755857
vt 0.584500 0.802354
vt 0.527318 0.904052
vt 0.514693 0.936473
vt 0.943082 0.374160
vt 0.886224 0.333628
vt 0.886828 0.320097
vt 0.892148 0.305086
vt 0.891830 0.301441
vt 0.043828 0.344466
vt 0.100208 0.318103
vt 0.108370 0.306419
vt 0.223795 0.290235
vt 0.232381 0.312759
vt 0.355033 0.346185
vt 0.358665 0.343102
vt 0.143542 0.700472
vt 0.173627 0.708387
vt 0.322352 0.620003
vt 0.420597 0.627149
vt 0.503137 0.637239
vt 0.545399 0.683894
vt 0.549300 0.743398
vt 0.547919 0.731474
vt 0.553439 0.766604
vt 0.610319 0.801671
vt 0.528136 0.896110
vt 0.929802 0.378636
vt 0.926828 0.378566
vt 0.911980 0.380039
vt 0.066147 0.334824
vt 0.154350 0.297275
vt 0.306211 0.337752
vt 0.331262 0.343881
vt 0.358578 0.346685
vt 0.362044 0.343800
vt 0.366318 0.339788
vt 0.371290 0.338115
vt 0.390525 0.336215
vt 0.522503 0.384675
vt 0.543691 0.397559
vt 0.050713 0.721136
vt 0.226623 0.704394
vt 0.312994 0.644049
vt 0.392520 0.638216
vt 0.519996 0.649101
vt 0.530245 0.661239
vt 0.565099 0.772065
vt 0.638623 0.801384
vt 0.527276 0.901999
vt 0.524178 0.911119
vt 0.939925 0.374604
vt 0.922474 0.378941
vt 0.919256 0.379631
vt 0.915789 0.380174
vt 0.893298 0.306125
vt 0.898023 0.292354
vt 0.053382 0.347463
vt 0.128832 0.310422
vt 0.355341 0.346972
vt 0.398682 0.356095
vt 0.454139 0.364936
vt 0.479827 0.370069
vt 0.496261 0.375400
vt 0.021893 0.735788
vt 0.090634 0.700274
vt 0.233721 0.724950
vt 0.242964 0.670275
vt 0.431585 0.651733
vt 0.450025 0.639261
vt 0.535294 0.684849
vt 0.534817 0.762409
vt 0.566964 0.785303
vt 0.512380 0.889979
vt 0.525387 0.905767
vt 0.520455 0.924279
vt 0.934949 0.375914
vt 0.911460 0.357540
vt 0.897167 0.343866
vt 0.895129 0.310060
vt 0.894560 0.302077
vt 0.067743 0.354184
vt 0.077470 0.341487
vt 0.218905 0.320101
vt 0.272277 0.333441
vt 0.352206 0.349267
vt 0.394213 0.349222
vt 0.418194 0.363553
vt 0.507085 0.377470
vt 0.033174 0.739959
vt 0.064049 0.717290
vt 0.075489 0.706155
vt 0.103124 0.711647
vt 0.133339 0.703160
vt 0.352854 0.635409
vt 0.367610 0.653050
vt 0.494622 0.655853
vt 0.533652 0.772385
vt 0.485564 0.827548
vt 0.472782 0.837206
vt 0.467314 0.826938
vt 0.486970 0.844977
vt 0.502553 0.845036
vt 0.517317 0.867356
vt 0.520618 0.916830
vt 0.928369 0.376479
vt 0.898540 0.323184
vt 0.896317 0.298887
vt 0.901814 0.290890
vt 0.084054 0.350037
vt 0.151866 0.318430
vt 0.187925 0.309224
vt 0.347466 0.353126
vt 0.350433 0.351170
vt 0.359138 0.349688
vt 0.363988 0.346722
vt 0.408132 0.367071
vt 0.528306 0.391803
vt 0.239660 0.735973
vt 0.309554 0.663694
vt 0.451064 0.674432
vt 0.515977 0.675728
vt 0.517105 0.705951
vt 0.530040 0.715873
vt 0.532014 0.727143
vt 0.569625 0.797256
vt 0.502327 0.858476
vt 0.522178 0.911141
vt 0.518992 0.921792
vt 0.517297 0.922871
vt 0.515970 0.930020
vt 0.514107 0.931684
vt 0.512941 0.940584
vt 0.939204 0.373373
vt 0.925892 0.365388
vt 0.898032 0.298568
vt 0.048769 0.347838
vt 0.080751 0.364560
vt 0.096455 0.361937
vt 0.241652 0.328127
vt 0.256231 0.334470
vt 0.335166 0.357521
vt 0.397145 0.363003
vt 0.443557 0.367696
vt 0.464593 0.374412
vt 0.121643 0.714367
vt 0.157686 0.714534
vt 0.172017 0.716365
vt 0.184198 0.731902
vt 0.216785 0.749624
vt 0.248281 0.718889
vt 0.255202 0.712859
vt 0.303581 0.688610
vt 0.415949 0.668053
vt 0.534736 0.738502
vt 0.553087 0.779399
vt 0.481312 0.811958
vt 0.621833 0.805630
vt 0.512460 0.924498
vt 0.072286 0.360369
vt 0.222261 0.329481
vt 0.292620 0.344738
vt 0.313538 0.346969
vt 0.354531 0.351339
vt 0.383067 0.346828
vt 0.047727 0.739262
vt 0.111268 0.729403
vt 0.091399 0.716590
vt 0.131387 0.709297
vt 0.317218 0.707082
vt 0.367162 0.669418
vt 0.489335 0.684606
vt 0.513212 0.727486
vt 0.526636 0.753067
vt 0.899646 0.300160
vt 0.902917 0.285713
vt 0.050326 0.350034
vt 0.098090 0.338915
vt 0.125978 0.326692
vt 0.190492 0.322876
vt 0.341608 0.357335
vt 0.345642 0.354966
vt 0.382655 0.356794
vt 0.059068 0.734694
vt 0.081990 0.722715
vt 0.166225 0.725405
vt 0.401410 0.686011
vt 0.434727 0.693834
vt 0.493434 0.717718
vt 0.511096 0.737539
vt 0.467172 0.808516
vt 0.455571 0.835577
vt 0.453398 0.849236
vt 0.467888 0.850880
vt 0.501319 0.875598
vt 0.921012 0.340107
vt 0.904244 0.291791
vt 0.055659 0.353727
vt 0.101706 0.352486
vt 0.171168 0.334236
vt 0.251473 0.339585
vt 0.353496 0.353803
vt 0.411421 0.376046
vt 0.517394 0.398187
vt 0.537797 0.405020
vt 0.125797 0.725091
vt 0.346527 0.697574
vt 0.504796 0.757161
vt 0.517111 0.769313
vt 0.549681 0.791071
vt 0.456911 0.821413
vt 0.475377 0.859485
vt 0.499690 0.916962
vt 0.903742 0.290810
vt 0.134201 0.343858
vt 0.266180 0.350631
vt 0.298149 0.356906
vt 0.348683 0.357389
vt 0.431279 0.372838
vt 0.478483 0.382393
vt 0.485815 0.386928
vt 0.505760 0.386891
vt 0.082294 0.739527
vt 0.468844 0.713048
vt 0.481458 0.732914
vt 0.521481 0.785889
vt 0.937913 0.359955
vt 0.931605 0.348428
vt 0.913805 0.324369
vt 0.912157 0.312282
vt 0.906520 0.280473
vt 0.063404 0.358845
vt 0.091270 0.370323
vt 0.121467 0.365846
vt 0.116533 0.374358
vt 0.166963 0.351087
vt 0.203028 0.340020
vt 0.229692 0.348322
vt 0.325627 0.362179
vt 0.336133 0.360721
vt 0.342619 0.358283
vt 0.355024 0.358702
vt 0.383887 0.364816
vt 0.393839 0.369927
vt 0.153275 0.727454
vt 0.350030 0.716247
vt 0.391165 0.711991
vt 0.472142 0.793413
vt 0.456077 0.799107
vt 0.442694 0.832075
vt 0.456013 0.867312
vt 0.495665 0.895412
vt 0.489197 0.943801
vt 0.907969 0.283265
vt 0.910397 0.275631
vt 0.911298 0.273211
vt 0.069330 0.361911
vt 0.915990 0.265768
vt 0.914512 0.267764
vt 0.916286 0.261749
vt 0.075493 0.365565
vt 0.100213 0.371370
vt 0.266905 0.361549
vt 0.322694 0.367279
vt 0.313308 0.368605
vt 0.329868 0.363989
vt 0.342290 0.360702
vt 0.511518 0.413707
vt 0.052018 0.758290
vt 0.077138 0.751206
vt 0.102427 0.742271
vt 0.129673 0.736072
vt 0.125500 0.745332
vt 0.184911 0.743651
vt 0.260342 0.734648
vt 0.291107 0.732015
vt 0.452866 0.730686
vt 0.487174 0.756019
vt 0.494178 0.779900
vt 0.452085 0.775606
vt 0.436292 0.792646
vt 0.425357 0.777052
vt 0.449358 0.810976
vt 0.436434 0.842254
vt 0.467657 0.883299
vt 0.909881 0.300748
vt 0.915918 0.269395
vt 0.919840 0.264294
vt 0.138554 0.376161
vt 0.198923 0.352491
vt 0.237723 0.362115
vt 0.393176 0.380075
vt 0.430548 0.384823
vt 0.496856 0.395678
vt 0.467964 0.750992
vt 0.911258 0.287590
vt 0.911067 0.279414
vt 0.915804 0.272167
vt 0.143593 0.370402
vt 0.213311 0.374681
vt 0.235218 0.373401
vt 0.226901 0.384634
vt 0.299766 0.372424
vt 0.319558 0.368438
vt 0.334675 0.363215
vt 0.343091 0.362048
vt 0.244575 0.765694
vt 0.209501 0.759072
vt 0.262341 0.760185
vt 0.331555 0.739287
vt 0.387493 0.734732
vt 0.365006 0.752944
vt 0.365213 0.744247
vt 0.385637 0.751390
vt 0.468276 0.776153
vt 0.761611 0.372958
vt 0.750136 0.387286
vt 0.751377 0.369092
vt 0.434838 0.760660
vt 0.435599 0.822741
vt 0.920940 0.265028
vt 0.920813 0.257738
vt 0.079868 0.368415
vt 0.278393 0.374186
vt 0.286256 0.377259
vt 0.334316 0.365246
vt 0.418122 0.390746
vt 0.144681 0.748871
vt 0.152740 0.745877
vt 0.380891 0.761484
vt 0.434103 0.756737
vt 0.455538 0.766357
vt 0.741798 0.359022
vt 0.407793 0.775182
vt 0.422694 0.793661
vt 0.449198 0.891535
vt 0.932693 0.329011
vt 0.916783 0.276661
vt 0.087421 0.371724
vt 0.095385 0.374921
vt 0.117043 0.379888
vt 0.303780 0.374342
vt 0.311469 0.371616
vt 0.316279 0.370139
vt 0.325565 0.369594
vt 0.398448 0.392361
vt 0.091315 0.769084
vt 0.105160 0.755574
vt 0.116649 0.755050
vt 0.176740 0.749316
vt 0.267532 0.747017
vt 0.291509 0.745083
vt 0.315770 0.749044
vt 0.424389 0.810088
vt 0.437714 0.854950
vt 0.445047 0.872834
vt 0.469975 0.910987
vt 0.949657 0.341445
vt 0.926411 0.262959
vt 0.091086 0.373985
vt 0.109083 0.377542
vt 0.172689 0.372396
vt 0.291512 0.377686
vt 0.297825 0.376039
vt 0.310068 0.373041
vt 0.333586 0.367204
vt 0.362847 0.368073
vt 0.365874 0.374833
vt 0.451922 0.394202
vt 0.358461 0.758240
vt 0.377928 0.769546
vt 0.399537 0.771643
vt 0.759527 0.343966
vt 0.449188 0.905689
vt 0.923783 0.259614
vt 0.082997 0.372860
vt 0.079071 0.372490
vt 0.103412 0.377370
vt 0.132987 0.384897
vt 0.186185 0.383143
vt 0.251226 0.380011
vt 0.280195 0.380810
vt 0.287834 0.379072
vt 0.318271 0.371629
vt 0.466887 0.414389
vt 0.934618 0.310441
vt 0.088565 0.375973
vt 0.096093 0.377943
vt 0.110107 0.379841
vt 0.114120 0.381175
vt 0.122046 0.382570
vt 0.147198 0.385927
vt 0.162008 0.385499
vt 0.197453 0.387936
vt 0.243302 0.387166
vt 0.257692 0.384867
vt 0.270616 0.382854
vt 0.075491 0.789342
vt 0.084753 0.782669
vt 0.125432 0.777498
vt 0.236682 0.771076
vt 0.269371 0.777327
vt 0.789273 0.367777
vt 0.772228 0.377383
vt 0.738615 0.344060
vt 0.395327 0.794591
vt 0.409419 0.825147
vt 0.418814 0.835339
vt 0.434362 0.880319
vt 0.427399 0.922281
vt 0.429865 0.903863
vt 0.462060 0.939614
vt 0.950382 0.328919
vt 0.921670 0.298883
vt 0.933939 0.271935
vt 0.122202 0.384921
vt 0.250805 0.386225
vt 0.300625 0.378248
vt 0.307579 0.376377
vt 0.314841 0.374055
vt 0.345652 0.773161
vt 0.775166 0.311748
vt 0.755358 0.322698
vt 0.736033 0.325679
vt 0.729137 0.344330
vt 0.424323 0.857746
vt 0.107300 0.381711
vt 0.170543 0.389392
vt 0.225823 0.388827
vt 0.235505 0.387996
vt 0.423399 0.398328
vt 0.146802 0.780061
vt 0.150099 0.766195
vt 0.217913 0.774468
vt 0.288213 0.769688
vt 0.309371 0.764632
vt 0.744076 0.320965
vt 0.415891 0.913712
vt 0.944835 0.295085
vt 0.094008 0.382362
vt 0.098447 0.380314
vt 0.216117 0.389263
vt 0.263461 0.384138
vt 0.295742 0.380389
vt 0.279725 0.383476
vt 0.319319 0.375171
vt 0.922779 0.023187
vt 0.931611 0.034596
vt 0.898448 0.040486
vt 0.917572 0.045092
vt 0.141036 0.812995
vt 0.294377 0.778351
vt 0.361618 0.784450
vt 0.370818 0.816975
vt 0.399367 0.835372
vt 0.410035 0.849293
vt 0.410214 0.872195
vt 0.444289 0.944650
vt 0.954570 0.300826
vt 0.962875 0.281078
vt 0.940158 0.284410
vt 0.140727 0.386908
vt 0.172544 0.389996
vt 0.303359 0.380555
vt 0.401727 0.406834
vt 0.188657 0.772652
vt 0.934664 0.246825
vt 0.108520 0.383882
vt 0.136620 0.388759
vt 0.148290 0.390173
vt 0.204361 0.389850
vt 0.199175 0.389014
vt 0.199093 0.989241
vt 0.198522 0.992003
vt 0.191087 0.992486
vt 0.914415 0.006889
vt 0.900861 0.029444
vt 0.177683 0.790033
vt 0.740495 0.307719
vt 0.364595 0.828086
vt 0.414040 0.892596
vt 0.121267 0.386736
vt 0.182311 0.390026
vt 0.216824 0.989206
vt 0.228152 0.991112
vt 0.216866 0.991417
vt 0.207681 0.991529
vt 0.185177 0.989204
vt 0.184081 0.993138
vt 0.269590 0.385203
vt 0.282812 0.384138
vt 0.136418 0.992866
vt 0.154596 0.988625
vt 0.154955 0.991393
vt 0.867955 0.053435
vt 0.891502 0.060014
vt 0.335196 0.778871
vt 0.350906 0.791066
vt 0.706469 0.317720
vt 0.406934 0.951328
vt 0.282580 0.989435
vt 0.258467 0.991625
vt 0.252100 0.989392
vt 0.248902 0.991796
vt 0.203442 0.987835
vt 0.172559 0.989375
vt 0.263958 0.387259
vt 0.903071 0.005000
vt 0.902008 0.012654
vt 0.878304 0.042489
vt 0.122627 0.818417
vt 0.803625 0.107435
vt 0.800407 0.120359
vt 0.791203 0.118965
vt 0.773584 0.110630
vt 0.783023 0.125807
vt 0.806477 0.111380
vt 0.815118 0.101064
vt 0.809945 0.095291
vt 0.791368 0.128997
vt 0.772657 0.117659
vt 0.809614 0.114081
vt 0.816588 0.089274
vt 0.775596 0.127956
vt 0.825540 0.096622
vt 0.826195 0.085775
vt 0.813402 0.078332
vt 0.786970 0.102982
vt 0.758903 0.115519
vt 0.794043 0.131502
vt 0.817578 0.110813
vt 0.821630 0.077341
vt 0.816197 0.070944
vt 0.806533 0.074842
vt 0.784930 0.134409
vt 0.803347 0.126480
vt 0.822016 0.070181
vt 0.783384 0.078922
vt 0.774873 0.084113
vt 0.763930 0.127737
vt 0.780203 0.092615
vt 0.770547 0.102072
vt 0.749903 0.108001
vt 0.772000 0.137213
vt 0.777327 0.140904
vt 0.845658 0.087355
vt 0.781705 0.143728
vt 0.330949 0.783776
vt 0.724516 0.297688
vt 0.336200 0.822657
vt 0.380022 0.838771
vt 0.347963 0.835953
vt 0.385930 0.930478
vt 0.380218 0.951361
vt 0.961715 0.253807
vt 0.293490 0.989078
vt 0.285981 0.988117
vt 0.259844 0.988151
vt 0.233865 0.988278
vt 0.192057 0.985825
vt 0.862329 0.018595
vt 0.811501 0.065965
vt 0.805516 0.068191
vt 0.782857 0.070064
vt 0.746759 0.117869
vt 0.150121 0.808970
vt 0.232308 0.793301
vt 0.267398 0.801432
vt 0.740343 0.262503
vt 0.705974 0.296019
vt 0.392590 0.865952
vt 0.392140 0.888910
vt 0.355886 0.937585
vt 0.345278 0.963022
vt 0.126972 0.390066
vt 0.302873 0.986326
vt 0.223241 0.987117
vt 0.173986 0.986597
vt 0.093128 0.822254
vt 0.831729 0.068758
vt 0.825877 0.061349
vt 0.753653 0.101805
vt 0.748736 0.131476
vt 0.766285 0.146877
vt 0.281197 0.793274
vt 0.317677 0.793748
vt 0.749957 0.240661
vt 0.382785 0.910854
vt 0.330627 0.945264
vt 0.267762 0.986391
vt 0.204219 0.984691
vt 0.821463 0.061967
vt 0.815260 0.064476
vt 0.735755 0.110137
vt 0.768079 0.142218
vt 0.841742 0.136523
vt 0.730954 0.235025
vt 0.710647 0.271382
vt 0.341016 0.922646
vt 0.086456 0.407446
vt 0.280857 0.984571
vt 0.232319 0.985660
vt 0.851688 0.037058
vt 0.762549 0.137926
vt 0.762112 0.145668
vt 0.337268 0.856499
vt 0.359808 0.876077
vt 0.344800 0.903526
vt 0.327466 0.963876
vt 0.255150 0.983572
vt 0.128344 0.968848
vt 0.801750 0.063964
vt 0.793874 0.065112
vt 0.747056 0.129156
vt 0.755148 0.135246
vt 0.782439 0.159049
vt 0.794615 0.170775
vt 0.764048 0.211711
vt 0.318228 0.932523
vt 0.307978 0.957155
vt 0.189677 0.971797
vt 0.754575 0.089203
vt 0.755830 0.140535
vt 0.744649 0.203191
vt 0.726309 0.229046
vt 0.708262 0.225348
vt 0.716847 0.227059
vt 0.311749 0.824314
vt 0.320296 0.842278
vt 0.333626 0.866984
vt 0.320292 0.885557
vt 0.312420 0.914902
vt 0.278873 0.930459
vt 0.277316 0.951443
vt 0.233717 0.980736
vt 0.156051 0.962078
vt 0.814489 0.052811
vt 0.813395 0.060927
vt 0.806512 0.060895
vt 0.795452 0.060713
vt 0.759826 0.143051
vt 0.755591 0.195242
vt 0.737689 0.179881
vt 0.706500 0.195105
vt 0.698512 0.202730
vt 0.299884 0.822884
vt 0.313212 0.856256
vt 0.297342 0.896820
vt 0.211119 0.966335
vt 0.790100 0.060424
vt 0.781715 0.062621
vt 0.770379 0.062271
vt 0.759512 0.063924
vt 0.752577 0.070375
vt 0.737419 0.102087
vt 0.722346 0.108106
vt 0.728970 0.115738
vt 0.737791 0.125467
vt 0.757189 0.147583
vt 0.746529 0.152451
vt 0.727414 0.208078
vt 0.703199 0.226176
vt 0.291601 0.845143
vt 0.271515 0.906439
vt 0.126815 0.958289
vt 0.813129 0.056961
vt 0.803480 0.056923
vt 0.725210 0.103287
vt 0.750820 0.137513
vt 0.702677 0.239407
vt 0.281670 0.858310
vt 0.280858 0.877431
vt 0.219423 0.916009
vt 0.240395 0.936517
vt 0.192414 0.953663
vt 0.179327 0.950299
vt 0.736936 0.096327
vt 0.710801 0.112972
vt 0.751440 0.143295
vt 0.731731 0.158068
vt 0.257416 0.886182
vt 0.230600 0.898380
vt 0.213038 0.903490
vt 0.215399 0.899300
vt 0.217032 0.893054
vt 0.203234 0.898745
vt 0.202614 0.926608
vt 0.158570 0.952805
vt 0.787491 0.056865
vt 0.723194 0.120254
vt 0.739003 0.127994
vt 0.744997 0.134145
vt 0.713395 0.167037
vt 0.200701 0.902593
vt 0.209303 0.906851
vt 0.208023 0.910145
vt 0.146068 0.940179
vt 0.815130 0.040344
vt 0.810496 0.052758
vt 0.781680 0.059284
vt 0.757160 0.059598
vt 0.697166 0.101353
vt 0.729825 0.123766
vt 0.738502 0.135806
vt 0.739621 0.147738
vt 0.691722 0.232361
vt 0.218082 0.888294
vt 0.204965 0.891948
vt 0.197429 0.893896
vt 0.191516 0.896907
vt 0.774035 0.058769
vt 0.737789 0.076537
vt 0.710223 0.098464
vt 0.739523 0.132672
vt 0.687477 0.183572
vt 0.220317 0.873150
vt 0.215607 0.888085
vt 0.180506 0.888893
vt 0.182022 0.932662
vt 0.166393 0.936921
vt 0.808386 0.045301
vt 0.774501 0.055143
vt 0.766501 0.057924
vt 0.748771 0.059654
vt 0.721833 0.094313
vt 0.731577 0.128867
vt 0.735435 0.130108
vt 0.216275 0.885180
vt 0.213544 0.881503
vt 0.214567 0.883691
vt 0.203535 0.887162
vt 0.175163 0.889874
vt 0.204574 0.913263
vt 0.773014 0.050250
vt 0.739282 0.058513
vt 0.710324 0.116519
vt 0.729680 0.135336
vt 0.735189 0.155158
vt 0.720739 0.159943
vt 0.700027 0.175016
vt 0.186880 0.887729
vt 0.201179 0.907171
vt 0.804574 0.042960
vt 0.761828 0.057327
vt 0.729674 0.082929
vt 0.695153 0.110361
vt 0.723239 0.125952
vt 0.692719 0.178803
vt 0.199700 0.916183
vt 0.197022 0.919057
vt 0.189549 0.923152
vt 0.755166 0.056339
vt 0.745905 0.055417
vt 0.738339 0.054459
vt 0.729526 0.055964
vt 0.714946 0.122697
vt 0.725692 0.130670
vt 0.708700 0.162919
vt 0.699834 0.166049
vt 0.210794 0.877524
vt 0.189908 0.898976
vt 0.152934 0.935768
vt 0.808667 0.037894
vt 0.760920 0.053304
vt 0.725777 0.055820
vt 0.706270 0.119626
vt 0.717827 0.158541
vt 0.693384 0.167171
vt 0.209899 0.878546
vt 0.194664 0.911397
vt 0.189599 0.921430
vt 0.169648 0.930335
vt 0.158881 0.933734
vt 0.764337 0.042821
vt 0.744438 0.052014
vt 0.727244 0.052117
vt 0.721633 0.063508
vt 0.696853 0.116329
vt 0.715927 0.127717
vt 0.686964 0.175742
vt 0.208837 0.875097
vt 0.174547 0.893677
vt 0.188631 0.901721
vt 0.194050 0.919275
vt 0.181277 0.926685
vt 0.164772 0.931605
vt 0.146081 0.936897
vt 0.731317 0.049848
vt 0.717599 0.054780
vt 0.670295 0.098236
vt 0.703358 0.121833
vt 0.159259 0.887748
vt 0.719029 0.136254
vt 0.691113 0.168489
vt 0.690152 0.170680
vt 0.687868 0.171240
vt 0.688640 0.173928
vt 0.180569 0.919844
vt 0.183092 0.924561
vt 0.177610 0.926856
vt 0.730930 0.046595
vt 0.719513 0.050660
vt 0.706627 0.091310
vt 0.678217 0.104354
vt 0.692525 0.118647
vt 0.711502 0.142077
vt 0.699154 0.157356
vt 0.685900 0.164708
vt 0.198691 0.879889
vt 0.198711 0.883212
vt 0.171254 0.896235
vt 0.183050 0.903157
vt 0.151749 0.922562
vt 0.155904 0.927053
vt 0.747730 0.043426
vt 0.718085 0.047238
vt 0.710014 0.052782
vt 0.693496 0.091417
vt 0.684826 0.107857
vt 0.687726 0.112876
vt 0.207707 0.872806
vt 0.206627 0.873576
vt 0.183707 0.884249
vt 0.172510 0.884542
vt 0.158283 0.885679
vt 0.757568 0.037170
vt 0.711979 0.049151
vt 0.710674 0.064927
vt 0.711220 0.072136
vt 0.712867 0.085336
vt 0.206017 0.870522
vt 0.203910 0.873509
vt 0.157247 0.883898
vt 0.705610 0.048464
vt 0.703989 0.051713
vt 0.694154 0.057047
vt 0.678090 0.093816
vt 0.679746 0.110165
vt 0.681793 0.157277
vt 0.180832 0.907462
vt 0.176408 0.908879
vt 0.168536 0.924663
vt 0.670258 0.101506
vt 0.682501 0.118760
vt 0.688207 0.126897
vt 0.695981 0.148479
vt 0.199873 0.868012
vt 0.152174 0.888553
vt 0.707301 0.044360
vt 0.675312 0.112036
vt 0.157844 0.881527
vt 0.164397 0.897333
vt 0.166810 0.915340
vt 0.688375 0.081975
vt 0.662226 0.098232
vt 0.673269 0.107725
vt 0.673461 0.159741
vt 0.199089 0.872610
vt 0.193429 0.878118
vt 0.181958 0.881087
vt 0.693400 0.041036
vt 0.696501 0.046013
vt 0.679565 0.087056
vt 0.656864 0.096654
vt 0.657154 0.100430
vt 0.668122 0.105722
vt 0.162203 0.880321
vt 0.709634 0.033285
vt 0.695390 0.049173
vt 0.693149 0.065397
vt 0.689719 0.072307
vt 0.652435 0.093105
vt 0.664472 0.103226
vt 0.679013 0.129684
vt 0.167981 0.879951
vt 0.158735 0.892292
vt 0.158195 0.916561
vt 0.688277 0.048714
vt 0.664158 0.087907
vt 0.649810 0.097494
vt 0.664889 0.108507
vt 0.665996 0.114646
vt 0.641038 0.137580
vt 0.179428 0.879120
vt 0.168354 0.909045
vt 0.698948 0.038146
vt 0.684845 0.040187
vt 0.689938 0.045032
vt 0.669642 0.079143
vt 0.640195 0.088454
vt 0.644866 0.095194
vt 0.654485 0.102838
vt 0.670334 0.139961
vt 0.177849 0.875798
vt 0.160510 0.899462
vt 0.637985 0.092143
vt 0.663218 0.127561
vt 0.179149 0.867980
vt 0.179842 0.872674
vt 0.147771 0.891974
vt 0.157886 0.908589
vt 0.680630 0.042526
vt 0.648264 0.083530
vt 0.643222 0.098939
vt 0.639263 0.125134
vt 0.153765 0.876201
vt 0.133168 0.878617
vt 0.137393 0.881989
vt 0.679912 0.031821
vt 0.635407 0.082094
vt 0.640260 0.101074
vt 0.142513 0.879722
vt 0.134527 0.905963
vt 0.128184 0.910303
vt 0.117684 0.904329
vt 0.120834 0.903833
vt 0.670330 0.035607
vt 0.680204 0.046699
vt 0.631550 0.089007
vt 0.626912 0.090786
vt 0.634921 0.095100
vt 0.152993 0.900812
vt 0.672191 0.061675
vt 0.643432 0.105452
vt 0.668425 0.052077
vt 0.673028 0.069725
vt 0.655866 0.080363
vt 0.625556 0.086953
vt 0.642590 0.109394
vt 0.145917 0.878278
vt 0.143769 0.894215
vt 0.140622 0.901861
vt 0.673580 0.040517
vt 0.160106 0.874577
vt 0.133580 0.885929
vt 0.111105 0.904743
vt 0.105956 0.897809
vt 0.667702 0.039188
vt 0.670719 0.044100
vt 0.626758 0.083034
vt 0.615342 0.086950
vt 0.620013 0.091369
vt 0.154673 0.870526
vt 0.139163 0.875304
vt 0.125512 0.897940
vt 0.617504 0.083374
vt 0.127829 0.881567
vt 0.127082 0.885874
vt 0.126073 0.886966
vt 0.100747 0.897089
vt 0.620111 0.082144
vt 0.611106 0.084159
vt 0.621704 0.099544
vt 0.606910 0.101790
vt 0.132748 0.876869
vt 0.127656 0.878546
vt 0.105558 0.893868
vt 0.635773 0.074055
vt 0.610549 0.092014
vt 0.133961 0.875075
vt 0.660051 0.037037
vt 0.659038 0.054746
vt 0.651336 0.071072
vt 0.608605 0.079804
vt 0.125813 0.889280
vt 0.102780 0.901951
vt 0.659415 0.041110
vt 0.650383 0.059783
vt 0.614852 0.077354
vt 0.602328 0.080887
vt 0.594008 0.107704
vt 0.141534 0.870663
vt 0.112129 0.876435
vt 0.108511 0.892795
vt 0.097408 0.898062
vt 0.141811 0.863952
vt 0.139914 0.872292
vt 0.123108 0.890307
vt 0.095887 0.891315
vt 0.593059 0.082698
vt 0.119178 0.872991
vt 0.095973 0.895960
vt 0.637949 0.066100
vt 0.603730 0.074212
vt 0.602407 0.077027
vt 0.110849 0.877999
vt 0.094167 0.892172
vt 0.093189 0.893428
vt 0.091745 0.897547
vt 0.646194 0.037364
vt 0.611452 0.069865
vt 0.602707 0.071892
vt 0.123301 0.870593
vt 0.108930 0.874512
vt 0.090663 0.886384
vt 0.628500 0.041561
vt 0.129322 0.866455
vt 0.086225 0.893922
vt 0.636237 0.050435
vt 0.614598 0.063603
vt 0.593010 0.073840
vt 0.588469 0.086973
vt 0.105175 0.872522
vt 0.109034 0.878561
vt 0.103692 0.881272
vt 0.099260 0.885901
vt 0.089077 0.891730
vt 0.586953 0.075166
vt 0.114707 0.869033
vt 0.088656 0.888842
vt 0.078542 0.899243
vt 0.582890 0.076403
vt 0.099555 0.882195
vt 0.087324 0.890036
vt 0.592280 0.069355
vt 0.625628 0.058904
vt 0.097588 0.872733
vt 0.084129 0.885673
vt 0.083876 0.888378
vt 0.083073 0.891503
vt 0.075338 0.889108
vt 0.566658 0.082733
vt 0.573679 0.092712
vt 0.105739 0.879340
vt 0.586406 0.066859
vt 0.574215 0.100291
vt 0.118019 0.868030
vt 0.531874 0.082490
vt 0.533606 0.086784
vt 0.527221 0.079618
vt 0.590567 0.062467
vt 0.583914 0.070759
vt 0.544746 0.086703
vt 0.081414 0.883782
vt 0.077904 0.887965
vt 0.569450 0.075585
vt 0.502194 0.073768
vt 0.507070 0.080265
vt 0.499414 0.075600
vt 0.083231 0.882661
vt 0.613256 0.046579
vt 0.592910 0.055578
vt 0.510013 0.078364
vt 0.089096 0.876182
vt 0.086431 0.880452
vt 0.080067 0.886669
vt 0.604773 0.052957
vt 0.576609 0.068838
vt 0.571459 0.070308
vt 0.562189 0.075801
vt 0.552008 0.082903
vt 0.080942 0.875354
vt 0.079869 0.876853
vt 0.076605 0.882530
vt 0.077383 0.884827
vt 0.573116 0.066835
vt 0.530098 0.086393
vt 0.521915 0.079138
vt 0.491911 0.069003
vt 0.605871 0.036982
vt 0.578459 0.055194
vt 0.568546 0.058499
vt 0.546448 0.082731
vt 0.553723 0.090551
vt 0.066185 0.889858
vt 0.576065 0.064944
vt 0.533965 0.077230
vt 0.522241 0.081164
vt 0.074251 0.883929
vt 0.070692 0.881400
vt 0.071629 0.884510
vt 0.571163 0.062166
vt 0.546938 0.073811
vt 0.521435 0.076541
vt 0.501901 0.071175
vt 0.080177 0.872205
vt 0.074571 0.877276
vt 0.073698 0.879580
vt 0.062874 0.881355
vt 0.565111 0.064265
vt 0.560530 0.066795
vt 0.510603 0.073818
vt 0.070377 0.879377
vt 0.493108 0.082712
vt 0.483385 0.067777
vt 0.065293 0.880494
vt 0.060513 0.885120
vt 0.589807 0.044078
vt 0.583221 0.048656
vt 0.512540 0.072824
vt 0.067863 0.876006
vt 0.066897 0.879094
vt 0.551012 0.068724
vt 0.069588 0.867360
vt 0.065355 0.872776
vt 0.536040 0.071564
vt 0.495983 0.069363
vt 0.064657 0.870747
vt 0.549232 0.064026
vt 0.535286 0.065751
vt 0.585291 0.037824
vt 0.571729 0.042205
vt 0.559825 0.059411
vt 0.557304 0.062229
vt 0.519972 0.071710
vt 0.067233 0.869271
vt 0.065930 0.876470
vt 0.060396 0.877904
vt 0.052027 0.888063
vt 0.560713 0.050107
vt 0.523310 0.066350
vt 0.538120 0.061216
vt 0.060927 0.873165
vt 0.061543 0.875379
vt 0.063090 0.876985
vt 0.548315 0.059871
vt 0.512077 0.070225
vt 0.049818 0.881659
vt 0.552043 0.056749
vt 0.500379 0.066968
vt 0.526322 0.063314
vt 0.492480 0.063797
vt 0.488032 0.063569
vt 0.057752 0.873868
vt 0.052910 0.874871
vt 0.036930 0.883434
vt 0.058314 0.869953
vt 0.056923 0.875262
vt 0.555397 0.043415
vt 0.510523 0.062481
vt 0.055151 0.870873
vt 0.055729 0.871628
vt 0.053903 0.872014
vt 0.541673 0.054727
vt 0.535384 0.056583
vt 0.524167 0.057996
vt 0.504542 0.065594
vt 0.060343 0.864925
vt 0.058196 0.866778
vt 0.037983 0.877337
vt 0.560177 0.037771
vt 0.541890 0.046497
vt 0.541160 0.052018
vt 0.529929 0.058772
vt 0.494825 0.058827
vt 0.484521 0.053829
vt 0.051864 0.868392
vt 0.052436 0.872579
vt 0.054317 0.867712
vt 0.043007 0.874276
vt 0.488190 0.054343
vt 0.497833 0.056089
vt 0.048095 0.868599
vt 0.531075 0.052222
vt 0.537813 0.040572
vt 0.515315 0.056483
vt 0.495400 0.052466
vt 0.490710 0.046203
vt 0.052345 0.864055
vt 0.051000 0.865222
vt 0.046955 0.864963
vt 0.048659 0.866362
vt 0.047402 0.866985
vt 0.041333 0.868222
vt 0.524518 0.053769
vt 0.518782 0.055616
vt 0.032536 0.870123
vt 0.535367 0.033052
vt 0.507616 0.053730
vt 0.503219 0.054952
vt 0.521324 0.049584
vt 0.500555 0.046724
vt 0.497321 0.043233
vt 0.044416 0.865750
vt 0.523717 0.046474
vt 0.519372 0.052102
vt 0.510141 0.050181
vt 0.495612 0.035922
vt 0.491976 0.036503
vt 0.495963 0.030408
vt 0.519358 0.037632
vt 0.502178 0.024734
vt 0.035660 0.861381
vt 0.502175 0.035227
vt 0.506600 0.045159
vt 0.510575 0.028944
vt 0.514180 0.045274
vt 0.509965 0.039775
s 1
f 18/1/1 19/2/2 21/3/3
f 4570/4/4 24/5/5 4631/6/6
f 25/7/7 4611/8/8 26/9/9
f 50/10/10 52/11/11 4291/12/12
f 52/11/11 50/10/10 51/13/13
f 90/14/14 89/15/15 3254/16/16
f 2859/17/17 104/18/18 105/19/19
f 104/18/18 2859/17/17 2820/20/20
f 2824/21/21 2744/22/22 2745/23/23
f 145/24/24 143/25/25 146/26/26
s 0
f 143/25/27 144/27/27 146/26/27
f 142/28/28 144/27/28 147/29/28
f 147/29/29 144/27/29 143/25/29
s 1
f 145/24/30 146/26/31 148/30/32
s 0
f 144/27/33 142/28/33 149/31/33
s 1
f 147/29/34 143/25/35 145/24/36
s 0
f 148/30/37 146/26/37 150/32/37
f 146/26/38 144/27/38 150/32/38
s 1
f 144/27/39 149/31/40 150/32/41
f 149/33/42 142/34/43 151/35/44
s 0
f 151/35/45 142/34/45 147/36/45
s 1
f 152/37/46 147/36/34 145/38/36
f 148/30/47 150/32/48 153/39/49
s 0
f 151/35/50 147/36/50 152/37/50
f 145/24/51 148/30/51 153/39/51
s 1
f 153/39/49 150/32/52 154/40/53
f 150/41/54 149/42/55 154/43/56
f 155/44/57 149/33/58 151/35/44
f 152/37/59 145/38/60 156/45/61
s 0
f 145/46/62 153/47/62 156/48/62
s 1
f 154/43/63 149/42/64 159/49/65
f 159/49/66 149/42/67 155/50/68
f 157/51/69 155/44/70 151/35/71
s 0
f 157/51/72 151/35/72 161/52/72
f 151/35/73 152/37/73 161/52/73
s 1
f 161/52/74 152/37/75 156/45/61
f 156/48/76 153/47/77 158/53/78
f 158/53/79 153/47/49 154/43/53
f 160/54/80 155/44/70 157/51/69
f 155/44/81 160/54/82 162/55/83
f 154/43/84 159/49/65 165/56/85
s 0
f 165/56/86 159/49/86 162/57/86
s 1
f 159/49/66 155/50/87 162/57/88
f 160/54/80 157/51/69 163/58/89
f 163/58/90 157/51/91 161/52/92
f 161/52/74 156/45/61 164/59/93
f 156/45/76 158/60/78 164/59/94
s 0
f 165/56/95 162/57/95 168/61/95
s 1
f 162/55/83 160/54/82 166/62/96
s 0
f 158/53/97 154/43/97 165/56/97
s 1
f 166/62/98 160/54/80 163/58/89
f 161/52/74 164/59/93 171/63/99
f 164/59/94 158/60/78 171/63/100
s 0
f 158/53/101 165/56/101 167/64/101
s 1
f 168/65/102 162/66/103 169/67/104
f 162/66/83 166/68/96 169/67/105
f 163/58/90 161/52/106 170/69/107
f 171/63/100 158/60/78 167/70/108
f 166/62/109 163/58/110 170/69/111
f 170/69/112 161/52/74 171/63/99
f 167/71/113 165/72/114 216/73/115
s 0
f 165/72/116 168/65/116 216/73/116
f 216/73/117 168/65/117 172/74/117
s 1
f 168/65/102 169/67/104 173/75/118
f 169/67/119 166/68/120 175/76/121
f 166/62/109 170/69/111 175/77/122
f 172/74/123 168/65/124 173/75/125
f 173/75/118 169/67/104 176/78/126
f 169/67/127 174/79/128 176/78/129
f 174/79/130 169/67/119 175/76/121
s 0
f 177/80/131 175/77/131 170/69/131
s 1
f 171/63/132 167/70/133 178/81/134
f 170/69/112 171/63/99 178/81/135
f 178/81/134 167/70/133 215/82/136
f 167/71/113 216/73/115 215/83/137
f 172/74/123 173/75/125 221/84/138
f 182/85/139 180/86/140 184/87/141
f 184/87/142 180/86/143 183/88/144
s 0
f 180/86/145 179/89/145 183/88/145
f 180/86/146 181/90/146 179/89/146
s 1
f 180/86/140 182/85/139 181/90/147
f 183/91/148 179/92/149 185/93/150
f 185/93/151 179/92/152 186/94/153
s 0
f 186/95/154 179/89/154 181/90/154
f 181/90/155 182/85/155 194/96/155
s 1
f 183/88/144 189/97/156 184/87/142
f 186/95/157 181/90/158 194/96/159
f 182/85/160 184/87/161 189/97/162
f 189/97/163 183/88/164 190/98/165
f 187/99/166 185/93/151 186/94/153
f 182/85/167 189/97/168 191/100/169
f 190/101/170 183/91/148 192/102/171
f 183/91/148 185/93/150 192/102/171
f 193/103/172 186/94/157 194/104/159
s 0
f 194/96/173 182/85/173 191/100/173
f 192/102/174 185/93/174 187/99/174
s 1
f 191/100/169 189/97/168 196/105/175
f 189/97/163 190/98/165 196/105/176
f 193/103/177 194/104/178 198/106/179
f 194/104/180 191/107/180 198/106/180
f 192/102/181 187/99/182 204/108/183
f 204/108/184 187/99/185 195/109/186
f 187/99/185 186/94/187 195/109/186
f 186/94/157 193/103/172 195/109/188
f 196/110/176 190/101/165 197/111/189
s 0
f 190/101/190 192/102/190 197/111/190
s 1
f 191/107/169 196/112/175 198/106/191
s 0
f 199/113/192 196/110/192 197/111/192
s 1
f 197/111/193 192/102/194 200/114/195
f 192/102/181 204/108/183 200/114/196
f 195/109/188 193/103/172 202/115/197
f 193/103/177 198/106/179 202/115/198
f 198/106/199 196/112/200 199/116/201
f 203/117/202 197/111/193 200/114/195
f 202/115/203 198/106/204 207/118/205
f 199/113/206 197/111/207 205/119/208
f 204/108/209 195/109/210 202/115/211
f 205/119/212 197/111/213 203/117/214
f 206/120/215 200/114/216 204/108/217
f 203/117/218 200/114/219 206/120/220
f 207/118/221 198/106/199 199/116/201
f 206/120/215 204/108/217 213/121/222
f 213/121/223 204/108/209 202/115/211
f 202/115/203 207/118/205 209/122/224
f 207/118/225 210/123/226 209/122/227
s 0
f 207/118/228 199/116/228 210/123/228
s 1
f 205/119/208 208/124/229 199/113/206
f 175/125/230 199/113/206 208/124/229
f 208/124/231 205/119/212 203/117/214
f 202/115/211 209/122/232 213/121/223
f 225/126/233 209/122/227 210/123/226
f 199/116/234 175/127/235 210/123/236
f 206/120/215 213/121/222 212/128/237
f 213/121/223 209/122/232 227/129/238
f 209/122/239 225/126/240 227/129/241
s 0
f 210/123/242 211/130/242 225/126/242
f 208/124/243 174/131/243 175/125/243
f 211/130/244 175/127/244 177/132/244
s 1
f 170/69/112 178/81/245 177/80/246
f 214/133/247 178/134/134 215/135/136
f 223/136/248 176/78/129 174/79/128
s 0
f 174/131/249 208/124/249 217/137/249
f 217/137/250 208/124/250 218/138/250
s 1
f 208/124/231 203/117/214 219/139/251
f 219/139/252 203/117/218 206/120/220
f 210/123/236 175/127/235 211/130/253
f 177/132/246 178/134/245 220/140/254
f 178/134/255 214/133/256 220/140/257
s 0
f 216/73/258 172/74/258 221/84/258
s 1
f 223/136/259 174/79/260 217/141/261
f 218/138/262 208/124/231 219/139/251
f 219/139/252 206/120/220 224/142/263
f 224/142/264 206/120/265 212/128/266
f 221/84/138 173/75/125 226/143/267
f 173/75/118 176/78/126 226/143/268
f 225/126/269 211/130/270 177/132/271
f 176/78/272 223/136/273 226/143/274
s 0
f 216/73/275 221/84/275 228/144/275
s 1
f 217/141/261 218/145/276 223/136/259
f 212/128/237 213/121/222 230/146/277
f 225/126/269 177/132/278 220/140/279
s 0
f 215/83/280 216/73/280 1353/147/280
f 216/73/281 228/144/281 1353/147/281
s 1
f 223/136/273 218/145/282 229/148/283
f 218/138/262 219/139/251 229/149/284
f 229/149/285 219/139/252 224/142/263
f 213/121/223 227/129/238 230/146/286
f 230/146/287 227/129/241 225/126/240
s 0
f 232/150/288 228/144/288 221/84/288
s 1
f 224/142/264 212/128/266 230/146/289
f 230/146/290 225/126/291 233/151/292
f 233/151/292 225/126/291 220/140/293
f 214/152/247 215/83/136 1472/153/294
s 0
f 1353/147/295 228/144/295 231/154/295
f 572/155/296 551/156/296 523/157/296
s 1
f 242/158/297 243/159/298 245/160/299
f 243/159/298 242/158/297 244/161/300
f 247/162/301 242/158/297 250/163/302
f 245/160/299 243/159/298 246/164/303
f 246/164/304 243/159/305 263/165/306
f 242/158/297 247/162/301 244/161/300
f 245/160/299 246/164/303 252/166/307
f 249/167/308 246/164/304 263/165/306
f 247/162/301 250/163/302 254/168/309
f 242/158/310 245/160/311 257/169/312
f 252/166/307 246/164/303 259/170/313
f 251/171/314 249/172/308 270/173/315
f 243/159/316 244/161/317 253/174/318
f 255/175/319 256/176/320 250/163/302
f 250/163/321 242/158/310 257/169/312
f 246/164/322 249/167/308 259/170/323
f 249/172/308 251/171/314 260/177/324
f 249/167/308 263/165/306 270/178/315
f 244/161/325 247/162/326 253/174/327
f 254/168/309 250/163/302 256/176/320
f 257/169/312 245/160/311 258/179/328
f 245/160/311 252/166/329 258/179/328
f 259/180/323 249/172/308 260/177/324
f 243/159/316 253/174/318 263/165/330
f 253/174/327 247/162/326 264/181/331
f 264/181/331 247/162/326 262/182/332
f 262/182/332 247/162/301 254/168/309
f 250/163/321 257/169/312 265/183/333
f 258/179/328 252/166/329 266/184/334
f 267/185/335 252/166/336 259/170/337
f 251/171/314 270/173/315 269/186/338
f 253/174/327 264/181/331 261/187/339
f 267/185/335 259/170/337 240/188/340
f 259/180/323 260/177/324 240/189/341
f 260/177/324 251/171/314 241/190/342
f 241/190/342 274/191/343 272/192/344
f 241/190/342 251/171/314 274/191/343
f 274/191/343 251/171/314 268/193/345
f 268/193/345 251/171/314 269/186/338
f 263/165/330 253/174/318 261/187/346
f 264/181/331 262/182/332 271/194/347
f 255/175/319 250/163/321 265/183/333
f 257/169/312 258/179/328 273/195/348
s 0
f 252/166/349 267/185/349 266/184/349
s 1
f 272/192/344 274/191/343 280/196/350
f 270/178/351 263/165/330 275/197/352
f 275/197/352 263/165/330 261/187/346
f 262/182/332 254/168/309 256/176/320
f 256/176/320 255/175/319 276/198/353
f 261/187/339 264/181/331 281/199/354
f 262/182/332 291/200/355 271/194/347
f 296/201/356 276/198/353 255/175/319
f 255/175/319 265/183/333 282/202/357
f 258/179/328 266/184/334 277/203/358
f 267/185/335 240/188/340 283/204/359
s 0
f 283/204/360 240/188/360 299/205/360
s 1
f 240/189/341 260/177/324 241/190/342
f 280/196/350 278/206/361 272/192/344
f 272/192/344 278/206/361 279/207/362
f 285/208/363 274/191/343 268/193/345
f 286/209/364 281/199/354 264/181/331
f 286/209/364 264/181/331 271/194/347
f 262/182/332 256/176/320 291/200/355
s 0
f 283/204/365 299/205/365 287/210/365
s 1
f 299/211/366 240/189/341 241/190/342
f 272/192/344 279/207/362 295/212/367
f 279/207/362 278/206/361 284/213/368
f 269/186/369 270/173/370 275/214/371
f 275/197/372 261/187/373 281/199/374
f 276/198/353 296/201/356 318/215/375
f 296/201/356 255/175/319 282/202/357
f 257/169/312 273/195/348 293/216/376
f 273/195/348 258/179/328 277/203/358
s 0
f 266/184/377 267/185/377 294/217/377
s 1
f 267/185/335 283/204/359 294/217/378
f 294/217/378 283/204/359 287/210/379
f 299/211/366 241/190/342 272/192/344
f 278/206/361 280/196/350 300/218/380
f 280/196/350 274/191/343 288/219/381
f 288/219/381 274/191/343 285/208/363
f 289/220/382 269/186/369 275/214/371
f 275/197/372 281/199/383 290/221/384
f 286/209/364 271/194/347 315/222/385
f 315/222/385 271/194/347 291/200/355
f 256/176/320 306/223/386 291/200/355
f 256/176/320 276/198/353 306/223/386
f 292/224/387 282/202/357 265/183/333
f 265/183/333 257/169/312 293/216/376
f 295/212/367 279/207/362 304/225/388
f 239/226/389 279/207/362 284/213/368
f 268/193/345 269/186/390 289/220/391
s 0
f 277/203/392 266/184/392 307/227/392
f 307/227/393 266/184/393 294/217/393
s 1
f 279/207/362 239/226/389 304/225/388
f 300/218/380 280/196/350 288/219/381
f 285/208/363 268/193/345 301/228/394
f 301/228/394 268/193/345 289/220/391
s 0
f 289/220/395 275/214/395 290/229/395
s 1
f 286/209/364 315/222/385 302/230/396
f 292/224/387 265/183/333 293/216/376
f 293/216/376 273/195/348 303/231/397
f 273/195/348 277/203/358 297/232/398
s 0
f 287/233/399 299/211/399 298/234/399
f 299/211/400 313/235/400 298/234/400
s 1
f 299/211/366 272/192/344 295/212/367
f 284/213/368 278/206/361 300/218/380
f 281/199/354 286/209/364 327/236/401
s 0
f 294/217/402 287/210/402 307/227/402
s 1
f 287/233/403 298/234/404 308/237/405
f 299/211/366 295/212/367 313/235/406
f 295/212/367 304/225/388 309/238/407
f 284/213/368 300/218/380 305/239/408
f 288/219/381 285/208/363 310/240/409
f 311/241/410 289/220/411 290/229/412
f 276/198/353 318/215/375 306/223/386
f 307/227/413 287/210/414 308/242/415
f 295/212/367 309/238/407 313/235/406
f 304/225/388 239/226/389 335/243/416
f 300/218/380 288/219/381 310/240/409
f 310/240/409 285/208/363 301/228/394
s 0
f 311/241/417 290/229/417 312/244/417
s 1
f 290/221/418 281/199/354 312/245/419
f 314/246/420 312/244/419 327/247/401
f 312/245/419 281/199/354 327/236/401
f 315/222/385 291/200/355 332/248/421
f 332/248/421 291/200/355 306/223/386
f 319/249/422 297/232/398 277/203/358
f 277/203/358 307/227/423 342/250/424
f 308/237/405 298/234/404 320/251/425
f 298/234/404 313/235/426 320/251/425
f 309/238/407 304/225/388 321/252/427
f 322/253/428 304/225/388 335/243/416
f 324/254/429 239/226/389 284/213/368
f 330/255/430 300/218/380 310/240/409
f 310/240/409 301/228/394 338/256/431
f 326/257/432 301/228/433 311/241/434
f 301/228/435 289/220/411 311/241/410
f 286/209/364 302/230/396 327/236/401
f 306/223/386 318/215/375 340/258/436
f 296/201/356 282/202/357 328/259/437
f 328/259/437 282/202/357 292/224/387
f 342/250/438 307/227/439 333/260/440
f 307/227/413 308/242/415 333/260/441
f 329/261/442 313/235/426 309/238/443
f 321/252/427 304/225/388 322/253/428
f 335/243/416 239/226/389 323/262/444
f 323/262/444 239/226/389 324/254/429
f 305/239/408 300/218/380 330/255/430
s 0
f 338/256/445 301/228/445 325/263/445
s 1
f 325/263/446 301/228/433 326/257/432
f 315/222/385 332/248/421 339/264/447
f 317/265/448 318/215/375 296/201/356
f 273/195/348 297/232/398 303/231/397
f 297/232/398 319/249/422 341/266/449
f 319/249/422 277/203/358 342/250/424
f 308/242/415 320/267/450 333/260/441
f 320/251/451 313/235/426 329/261/442
f 324/254/429 284/213/368 336/268/452
f 337/269/453 310/240/409 338/256/431
f 325/263/446 326/257/432 331/270/454
f 314/246/420 327/247/401 352/271/455
f 332/248/421 306/223/386 395/272/456
f 303/231/397 297/232/398 341/266/449
f 333/260/441 320/267/450 329/273/457
f 309/238/443 321/252/458 329/261/442
f 361/274/459 323/262/444 324/254/429
f 336/268/452 284/213/368 305/239/408
f 310/240/409 337/269/453 330/255/430
f 338/256/460 325/263/446 331/270/454
f 331/270/461 326/257/462 348/275/463
f 326/257/462 311/241/464 348/275/463
f 348/275/465 311/241/466 312/244/465
f 327/236/401 302/230/396 349/276/467
f 333/260/441 329/273/457 343/277/468
f 329/261/442 321/252/458 350/278/469
f 321/252/458 322/253/470 350/278/469
f 322/253/428 335/243/416 354/279/471
f 335/243/416 323/262/444 344/280/472
f 344/280/472 323/262/444 361/274/459
f 351/281/473 361/274/459 324/254/429
f 338/256/460 331/270/454 346/282/474
f 352/271/455 327/247/401 349/283/467
f 315/222/385 339/264/447 302/230/396
f 296/201/356 328/259/437 396/284/475
f 373/285/476 303/286/397 341/287/449
f 333/260/440 343/277/477 342/250/438
f 350/278/469 322/253/470 353/288/478
f 322/253/470 354/279/479 353/288/478
f 351/281/473 324/254/429 345/289/480
f 362/290/481 345/289/480 336/268/452
f 337/269/482 338/256/460 346/282/474
f 348/275/483 312/244/484 357/291/485
f 340/258/436 318/215/375 358/292/486
f 358/292/486 318/215/375 317/265/448
f 317/265/448 296/201/356 396/284/475
f 369/293/487 293/216/376 303/231/397
f 341/266/449 319/249/422 359/294/488
f 342/250/438 343/277/477 360/295/489
f 329/273/457 350/296/490 343/277/468
f 343/277/468 350/296/490 370/297/491
f 335/243/416 344/280/472 354/279/471
f 345/289/480 324/254/429 336/268/452
f 356/298/492 336/268/452 305/239/408
f 337/269/482 346/282/474 364/299/493
f 346/282/494 331/270/461 365/300/495
f 331/270/461 348/275/463 365/300/495
f 312/244/484 314/246/420 357/291/485
f 332/248/421 395/272/456 367/301/496
f 306/223/386 340/258/436 395/272/456
f 368/302/497 328/259/437 292/224/387
f 292/224/387 293/216/376 369/293/487
f 319/249/422 342/250/424 360/295/489
f 353/288/478 354/279/479 380/303/498
f 344/280/472 361/274/459 383/304/499
f 371/305/500 305/239/408 330/255/430
f 365/300/501 348/275/483 357/291/485
f 339/264/447 332/248/421 367/301/496
f 395/272/456 340/258/436 372/306/502
f 350/296/490 353/307/503 389/308/504
f 354/279/471 344/280/472 374/309/505
f 381/310/506 344/280/472 383/304/499
f 391/311/507 351/281/473 345/289/480
f 362/290/481 336/268/452 356/298/492
f 371/305/500 330/255/430 363/312/508
f 363/312/508 330/255/430 337/269/453
f 378/313/509 346/282/494 365/300/495
f 352/271/455 349/283/467 387/314/510
f 302/230/396 339/264/447 349/276/467
f 368/302/497 292/224/387 369/293/487
f 369/315/487 303/286/397 373/285/476
f 359/294/488 319/249/422 360/295/489
f 370/297/491 350/296/490 389/308/504
f 389/308/504 353/307/503 380/316/511
f 354/279/479 374/309/512 380/303/498
f 374/309/505 344/280/472 381/310/506
f 383/304/499 361/274/459 384/317/513
f 384/317/513 386/318/514 385/319/515
f 361/274/459 351/281/473 384/317/513
f 391/311/507 345/289/480 376/320/516
f 345/289/480 362/290/481 376/320/516
f 363/312/508 337/269/453 377/321/517
f 364/299/518 346/282/494 378/313/509
f 357/291/485 314/246/420 352/271/455
f 349/276/467 339/264/447 413/322/519
f 339/264/447 367/301/496 413/322/519
f 379/323/520 328/324/437 368/325/497
f 360/295/489 343/277/477 399/326/521
f 343/277/477 370/297/522 399/326/521
f 380/303/498 374/309/512 390/327/523
f 383/304/499 382/328/524 381/310/506
f 384/317/513 351/281/473 391/311/507
f 376/320/516 362/290/481 392/329/525
f 362/290/481 356/298/492 392/329/525
f 356/298/492 305/239/408 371/305/500
f 393/330/526 337/269/527 394/331/528
f 337/269/482 364/299/493 394/331/529
f 372/306/502 388/332/530 395/272/456
f 372/306/502 340/258/436 358/292/486
f 373/285/476 341/287/449 398/333/531
f 398/333/531 341/287/449 359/334/488
f 399/326/521 370/297/522 389/308/532
f 389/308/504 380/316/511 400/335/533
f 400/335/533 380/316/511 390/336/534
f 386/318/514 384/317/513 391/311/507
f 404/337/535 377/321/536 405/338/537
f 337/269/527 393/330/526 377/321/536
f 378/313/538 365/300/539 406/339/540
f 365/300/501 357/291/485 406/339/540
f 437/340/541 357/291/485 352/271/455
f 387/314/510 349/283/467 412/341/542
f 349/283/467 413/342/519 412/341/542
f 367/301/496 395/272/456 420/343/543
f 360/295/489 399/326/521 408/344/544
f 400/335/533 390/336/534 423/345/545
f 390/327/523 374/309/512 409/346/546
f 374/309/512 381/310/547 409/346/546
f 382/328/524 383/304/499 428/347/548
f 383/304/499 384/317/513 385/319/515
f 386/318/514 391/311/507 402/348/549
f 376/320/516 392/329/525 403/349/550
f 363/312/508 377/321/517 404/337/551
f 405/338/537 377/321/536 393/330/526
f 411/350/552 393/330/553 394/331/554
f 394/331/554 364/299/518 378/313/509
f 369/315/487 373/285/476 425/351/555
f 399/326/521 389/308/532 422/352/556
f 409/346/546 381/310/547 414/353/557
f 414/353/557 381/310/547 415/354/558
f 381/310/547 382/328/559 415/354/558
f 416/355/560 410/356/561 385/319/515
f 238/357/562 385/319/515 417/358/563
f 417/358/563 385/319/515 386/318/514
f 419/359/564 392/329/525 356/298/492
f 395/272/456 388/332/530 420/343/543
f 359/294/488 360/295/489 408/344/544
f 389/308/532 400/335/565 422/352/556
f 383/304/499 385/319/515 410/356/561
f 463/360/566 238/357/562 237/361/567
f 402/348/549 418/362/568 386/318/514
f 391/311/507 376/320/516 402/348/549
f 403/349/550 392/329/525 419/359/564
f 356/298/492 432/363/569 419/359/564
f 356/298/492 371/305/500 432/363/569
f 405/338/570 393/330/553 411/350/552
f 411/350/552 394/331/554 378/313/509
f 406/339/540 357/291/485 436/364/571
f 357/291/485 437/340/541 436/364/571
f 421/365/572 396/366/475 379/323/520
f 379/323/520 396/366/475 328/324/437
f 390/336/534 409/367/573 423/345/545
f 423/345/545 409/367/573 443/368/574
f 409/367/573 414/369/575 443/368/574
f 414/353/557 415/354/558 426/370/576
f 415/354/558 382/328/559 426/370/576
f 426/370/576 382/328/559 427/371/577
f 382/328/559 428/347/578 427/371/577
f 383/304/499 410/356/561 428/347/548
f 416/355/560 385/319/515 429/372/579
f 429/372/579 385/319/515 238/357/562
f 238/357/562 417/358/563 237/361/567
f 417/358/563 386/318/514 430/373/580
f 432/363/569 371/305/500 363/312/508
f 432/363/569 363/312/508 404/337/551
f 404/337/535 405/338/537 433/374/581
f 434/375/582 405/338/570 411/350/552
f 411/350/583 378/313/538 435/376/584
f 435/376/584 378/313/538 406/339/540
f 352/271/455 387/314/510 437/340/541
f 442/377/585 413/322/519 367/301/496
f 368/325/497 369/315/487 425/351/555
f 422/352/556 400/335/565 449/378/586
f 400/335/565 423/345/587 449/378/586
f 449/378/586 423/345/587 443/368/588
f 438/379/589 426/370/576 427/371/577
f 410/356/590 416/355/591 439/380/592
f 429/372/593 238/357/562 463/360/566
f 418/362/568 402/348/549 431/381/594
f 402/348/549 376/320/516 431/381/594
f 431/381/594 376/320/516 403/349/550
f 403/349/550 419/359/564 440/382/595
f 433/374/596 405/338/570 434/375/582
f 434/375/597 411/350/583 435/376/584
f 441/383/598 436/364/571 437/340/541
f 424/384/599 387/314/510 412/341/542
f 367/301/496 420/343/543 442/377/585
f 398/333/531 359/334/488 460/385/600
f 408/386/544 399/387/521 448/388/601
f 399/387/521 422/389/602 448/388/601
f 414/369/575 426/390/603 443/368/574
s 0
f 429/372/604 463/360/604 444/391/604
s 1
f 445/392/605 463/360/566 237/361/567
f 430/373/580 386/318/514 418/362/568
f 432/363/606 404/337/535 433/374/581
f 388/332/530 372/306/502 447/393/607
f 425/351/555 373/285/476 530/394/608
f 443/368/574 426/390/603 450/395/609
f 426/390/603 438/396/610 450/395/609
f 438/379/589 427/371/577 451/397/611
f 427/371/577 428/347/578 451/397/611
f 428/347/578 410/356/590 451/397/611
f 451/397/611 410/356/590 439/380/592
f 439/380/592 416/355/591 452/398/612
f 236/399/613 237/361/567 417/358/563
f 430/373/580 418/362/568 453/400/614
f 454/401/615 431/381/594 403/349/550
f 455/402/616 419/359/564 446/403/617
f 419/359/564 432/363/569 446/403/617
f 432/363/606 433/374/581 456/404/618
f 457/405/619 433/374/596 434/375/582
f 435/376/584 406/339/540 458/406/620
f 406/339/540 436/364/571 458/406/620
f 420/343/543 388/332/530 473/407/621
f 317/408/448 396/366/475 421/365/572
f 466/409/622 421/365/572 379/323/520
f 379/323/520 368/325/497 459/410/623
f 359/334/488 408/386/544 460/385/600
f 452/398/612 416/355/591 462/411/624
f 416/355/591 429/372/625 462/411/624
f 462/411/624 429/372/625 444/391/626
s 0
f 463/360/627 445/392/627 464/412/627
s 1
f 453/400/614 418/362/568 431/381/594
f 440/382/595 419/359/564 465/413/628
f 465/413/628 419/359/564 455/402/616
f 437/340/541 387/314/510 424/384/599
f 412/341/542 413/342/519 442/414/585
f 459/410/623 368/325/497 425/351/555
f 530/394/608 373/285/476 398/333/531
f 448/388/601 422/389/602 485/415/629
f 422/389/602 449/416/586 485/415/629
f 449/416/586 443/417/588 467/418/630
f 443/417/588 450/419/631 486/420/632
f 438/396/610 451/421/633 450/395/609
f 451/397/633 439/380/634 461/422/635
f 439/380/634 452/398/636 461/422/635
f 444/391/626 463/360/637 468/423/638
f 445/392/605 237/361/567 477/424/639
f 237/361/567 236/399/613 477/424/639
f 470/425/640 431/381/594 454/401/615
f 471/426/641 403/349/550 440/382/595
f 446/403/642 432/363/606 472/427/643
f 456/404/618 472/427/643 432/363/606
f 456/404/644 433/374/596 457/405/619
f 482/428/645 434/375/597 435/376/584
f 473/407/621 388/332/530 447/393/607
f 372/429/502 358/430/486 488/431/646
f 358/430/486 317/408/448 475/432/647
f 460/385/600 408/386/544 448/388/601
f 467/418/630 443/417/588 486/420/632
f 450/395/609 451/421/633 461/433/635
f 461/434/635 452/435/636 476/436/648
f 476/436/648 452/435/636 462/437/649
f 444/391/626 468/423/638 462/411/624
f 468/423/638 463/360/637 487/438/650
f 463/360/637 464/412/651 487/438/650
f 417/358/563 430/373/580 480/439/652
f 480/439/652 430/373/580 481/440/653
f 430/373/580 453/400/614 481/440/653
f 471/426/641 454/401/615 403/349/550
f 496/441/654 440/382/595 465/413/628
f 482/428/655 456/404/644 457/405/619
f 457/405/656 434/375/597 482/428/645
f 442/377/585 420/343/543 484/442/657
f 420/343/543 473/407/621 484/442/657
f 475/432/647 317/408/448 421/365/572
f 449/416/586 467/418/630 485/415/629
f 486/420/632 461/434/658 476/436/659
f 476/436/648 462/437/649 492/443/660
f 462/437/649 468/444/661 492/443/660
f 487/438/650 464/412/651 469/445/662
f 464/412/651 445/392/663 469/445/662
f 477/424/639 236/399/613 478/446/664
f 479/447/665 236/399/613 417/358/563
f 480/439/652 481/440/653 495/448/666
f 471/426/641 440/382/595 496/441/654
f 455/402/667 446/403/642 472/427/643
f 424/384/599 412/341/542 506/449/668
f 412/341/542 442/414/585 545/450/669
f 488/431/646 474/451/670 372/429/502
f 466/409/622 379/323/520 521/452/671
f 521/452/671 379/323/520 459/410/623
f 489/453/672 460/385/600 490/454/673
f 460/385/600 448/388/601 490/454/673
f 450/419/631 461/434/658 486/420/632
f 486/420/632 476/436/659 491/455/674
f 468/444/661 487/456/675 492/443/660
f 469/445/662 445/392/663 493/457/676
f 445/392/663 477/424/677 493/457/676
f 477/424/678 478/446/664 503/458/679
f 503/458/679 478/446/664 494/459/680
f 479/447/665 417/358/563 480/439/652
f 453/400/614 470/425/640 505/460/681
f 453/400/614 431/381/594 470/425/640
f 455/402/667 472/427/643 497/461/682
s 0
f 497/461/683 472/427/683 498/462/683
s 1
f 498/462/684 472/427/685 499/463/686
f 472/427/685 456/404/644 499/463/686
f 499/463/686 456/404/644 482/428/655
f 500/464/687 482/428/645 435/376/584
f 437/340/541 424/384/599 441/383/598
f 488/431/646 358/430/486 475/432/647
f 530/394/608 398/333/531 531/465/688
f 448/388/601 485/415/629 490/454/673
f 486/420/632 491/455/674 467/418/630
f 492/443/660 487/456/675 469/466/689
f 501/467/690 493/468/691 502/469/692
f 493/457/676 477/424/677 502/470/693
f 481/440/653 453/400/614 505/460/681
f 465/413/694 455/402/667 497/461/682
f 442/471/585 484/472/657 546/473/695
f 447/474/607 372/429/502 474/451/670
f 485/415/629 467/418/630 507/475/696
f 476/436/659 492/443/697 508/476/698
f 492/443/660 469/466/689 509/477/699
f 469/466/689 493/468/700 501/467/701
f 502/470/693 477/424/677 515/478/702
f 477/424/677 503/458/703 515/478/702
f 516/479/704 503/458/703 494/459/705
f 478/446/664 236/399/613 510/480/706
f 479/447/665 518/481/707 510/480/706
f 470/425/640 454/401/615 526/482/708
f 512/483/709 496/441/654 465/413/628
f 520/484/710 465/413/694 497/461/682
f 498/462/684 499/463/686 514/485/711
f 506/449/668 412/341/542 545/450/669
f 531/465/688 398/333/531 460/385/600
f 491/455/674 476/436/659 508/476/698
f 509/477/699 469/466/689 501/467/701
f 503/458/703 516/479/704 515/478/702
f 236/399/613 479/447/665 510/480/706
f 518/481/707 479/447/665 511/486/712
f 479/447/665 480/439/652 511/486/712
f 526/482/708 454/401/615 471/426/641
f 497/461/713 498/462/684 513/487/714
f 513/487/714 498/462/684 514/485/711
f 500/464/687 435/376/584 458/406/620
f 441/383/598 424/384/599 539/488/715
f 539/488/715 424/384/599 506/449/668
f 490/454/673 485/415/629 522/489/716
f 485/415/629 507/475/696 522/489/716
f 492/443/697 509/477/717 508/476/698
f 502/469/692 515/490/718 501/467/690
f 494/459/705 517/491/719 516/479/704
f 494/459/680 478/446/664 523/157/720
f 505/460/681 470/425/640 519/492/721
f 519/492/721 470/425/640 526/482/708
f 465/413/694 520/484/710 527/493/722
f 520/484/723 497/461/713 513/487/714
f 514/485/724 499/463/725 528/494/726
f 499/463/725 482/428/645 528/494/726
f 528/494/726 482/428/645 500/464/687
f 529/495/727 458/406/620 436/364/571
f 436/364/571 441/383/598 529/495/727
f 442/414/585 546/496/695 545/450/669
f 484/442/657 473/407/621 447/393/607
f 491/455/674 508/476/698 532/497/728
f 501/467/690 515/490/718 541/498/729
f 517/491/719 494/459/705 534/499/730
f 495/448/666 481/440/653 524/500/731
f 524/500/731 481/440/653 505/460/681
f 535/501/732 526/482/708 536/502/733
f 526/482/708 471/426/641 536/502/733
f 471/426/641 512/483/709 536/502/733
f 471/426/641 496/441/654 512/483/709
f 512/483/734 465/413/694 527/493/722
f 527/493/735 520/484/723 537/503/736
f 500/464/687 458/406/620 538/504/737
f 576/505/738 506/449/668 545/450/669
f 531/465/688 460/385/600 489/453/672
f 467/418/630 491/455/674 507/475/696
f 508/476/698 509/477/699 532/497/728
f 515/490/718 516/506/739 541/498/729
f 541/498/729 516/506/739 517/507/740
f 523/157/720 478/446/664 510/480/706
f 511/486/712 480/439/652 542/508/741
f 542/508/741 480/439/652 495/448/666
f 520/484/723 513/487/714 544/509/742
f 538/504/737 458/406/620 529/495/727
f 475/432/647 421/365/572 595/510/743
f 595/510/743 421/365/572 466/409/622
f 459/410/623 425/351/555 540/511/744
f 425/351/555 530/394/608 540/511/744
f 522/489/716 507/475/696 557/512/745
f 532/497/728 509/477/699 550/513/746
f 550/513/746 509/477/699 541/498/747
f 509/477/699 501/467/701 541/498/747
f 541/498/729 517/507/740 534/514/748
f 534/499/730 494/459/705 523/157/749
f 518/481/707 511/486/712 548/515/750
f 495/448/666 524/500/731 542/508/741
f 524/500/731 505/460/681 543/516/751
f 536/502/752 512/483/734 549/517/753
f 549/517/753 512/483/734 527/493/722
f 537/503/736 520/484/723 544/509/742
f 544/509/742 513/487/714 514/485/754
f 545/450/669 546/496/695 594/518/755
f 568/519/756 521/452/671 459/410/623
f 530/394/608 531/465/688 601/520/757
f 507/475/696 491/455/674 532/497/728
f 550/513/746 541/498/747 577/521/758
f 523/157/749 547/522/759 534/499/730
f 579/523/760 518/481/707 548/515/750
f 548/515/750 511/486/712 542/508/741
f 543/516/751 505/460/681 519/492/721
f 544/509/761 514/485/724 554/524/762
f 514/485/724 528/494/726 554/524/762
f 555/525/763 528/494/726 500/464/687
f 529/495/727 441/383/598 539/488/715
f 539/488/715 506/449/668 565/526/764
f 565/526/764 506/449/668 576/505/738
f 577/521/758 541/498/747 558/527/765
f 541/498/729 534/514/748 558/527/766
f 558/527/766 534/514/748 547/528/767
f 547/522/759 523/157/749 551/156/768
f 523/157/720 510/480/706 559/529/769
f 510/480/706 518/481/707 559/529/769
f 518/481/707 579/523/760 559/529/769
f 579/523/760 548/515/750 561/530/770
f 519/492/721 526/482/708 553/531/771
f 527/493/735 537/503/736 563/532/772
f 563/532/772 537/503/736 544/509/742
f 544/509/761 554/524/762 564/533/773
f 554/524/762 528/494/726 555/525/763
f 555/525/763 500/464/687 538/504/737
f 566/534/774 484/472/657 567/535/775
f 484/472/657 447/474/607 567/535/775
f 466/409/622 521/452/671 568/519/756
f 540/511/744 530/394/608 569/536/776
f 507/475/696 532/497/728 557/512/745
f 547/522/759 551/156/768 570/537/777
f 570/537/777 551/156/768 571/538/778
f 559/529/769 572/155/779 523/157/720
f 524/500/731 543/516/751 590/539/780
f 553/531/771 526/482/708 535/501/732
f 235/540/781 535/501/732 536/502/782
f 536/502/752 574/541/783 573/542/784
f 536/502/752 549/517/753 574/541/783
f 549/517/785 527/493/735 563/532/772
f 563/532/786 544/509/761 564/533/773
f 575/543/787 555/525/763 538/504/737
f 529/495/727 539/488/715 600/544/788
f 576/505/738 545/450/669 594/518/755
f 546/473/695 484/472/657 566/534/774
f 489/453/672 490/454/673 615/545/789
f 558/527/766 547/528/767 586/546/790
f 586/546/790 547/528/767 570/547/791
f 551/548/792 572/549/793 578/550/794
f 589/551/795 548/515/750 542/508/741
f 580/552/796 543/516/751 519/492/721
f 581/553/797 535/501/732 235/540/781
f 235/540/798 536/502/752 573/542/784
f 574/541/799 549/517/785 563/532/772
f 584/554/800 488/431/646 475/432/647
f 459/410/623 540/511/744 568/519/756
f 530/394/608 601/520/757 569/536/776
f 490/454/673 522/489/716 615/545/789
f 522/489/716 557/512/745 615/545/789
f 557/512/745 532/497/728 585/555/801
f 532/497/728 550/513/746 585/555/801
f 585/555/801 550/513/746 577/521/758
f 586/546/790 570/547/791 571/556/802
s 0
f 551/156/803 578/557/803 571/538/803
s 1
f 588/558/804 587/559/805 572/155/779
f 542/508/741 524/500/731 590/539/780
f 580/552/796 519/492/721 553/531/771
f 591/560/806 553/531/771 535/501/732
f 592/561/807 235/540/798 573/542/784
f 573/542/808 574/541/799 583/562/809
f 538/504/737 529/495/727 575/543/787
f 600/544/788 539/488/715 565/526/764
f 489/453/672 615/545/789 531/465/688
f 585/555/801 577/521/758 608/563/810
f 558/527/765 586/546/811 577/521/758
f 571/556/802 578/550/812 596/564/813
f 572/155/779 559/529/769 588/558/804
f 597/565/814 579/523/760 561/530/770
f 590/539/780 589/551/795 542/508/741
f 591/560/806 535/501/732 581/553/797
f 583/562/809 574/541/799 563/532/772
f 554/524/762 555/525/763 575/543/787
f 567/535/775 447/474/607 606/566/815
f 587/559/805 588/558/804 632/567/816
f 548/515/750 589/551/795 561/530/770
f 543/516/751 580/552/796 602/568/817
f 580/552/796 553/531/771 603/569/818
f 604/570/819 581/553/820 592/561/807
f 581/553/820 235/540/798 592/561/807
f 592/561/821 573/542/822 605/571/823
f 605/571/824 573/542/808 583/562/809
f 599/572/825 554/524/762 575/543/787
f 546/496/695 566/573/774 594/518/755
f 447/474/607 474/451/670 606/566/815
f 607/574/826 474/451/670 584/554/800
f 474/451/670 488/431/646 584/554/800
f 584/554/800 475/432/647 614/575/827
f 614/575/827 475/432/647 595/510/743
f 557/512/745 616/576/828 615/545/789
f 608/563/810 577/521/758 624/577/829
f 571/556/802 596/564/813 586/546/790
f 596/564/813 578/550/812 625/578/830
f 578/550/831 572/549/793 609/579/832
f 572/549/793 587/580/833 609/579/832
f 559/529/769 579/523/760 597/565/814
f 589/551/795 590/539/780 611/581/834
f 553/531/771 591/560/806 603/569/818
f 612/582/835 591/560/836 604/570/819
f 591/560/836 581/553/820 604/570/819
f 604/570/837 592/561/821 605/571/823
f 605/571/838 583/562/809 563/532/772
f 613/583/839 563/532/786 564/533/773
f 531/465/688 615/545/789 631/584/840
f 557/512/745 585/555/801 616/576/828
f 608/563/810 616/576/828 585/555/801
f 577/521/758 586/546/811 624/577/829
f 587/580/833 617/585/841 609/579/832
f 618/586/842 604/570/837 605/571/823
f 605/571/843 563/532/786 613/583/839
f 564/533/773 554/524/762 599/572/825
f 575/543/787 529/495/727 619/587/844
f 620/588/845 565/526/764 576/505/738
f 576/505/738 594/518/755 620/588/845
f 606/566/815 474/451/670 607/574/826
f 601/520/757 531/465/688 631/584/840
f 586/546/811 596/564/846 624/577/829
f 624/577/829 596/564/846 625/578/847
f 625/578/830 578/550/812 609/579/848
f 626/589/849 588/558/804 627/590/850
f 588/558/804 559/529/769 627/590/850
f 627/590/850 559/529/769 597/565/814
f 590/539/780 543/516/751 602/568/817
f 612/582/851 604/570/837 618/586/842
f 618/586/852 605/571/843 613/583/839
f 613/583/839 564/533/773 629/591/853
f 564/533/773 599/572/825 629/591/853
f 619/587/844 529/495/727 600/544/788
f 600/544/788 565/526/764 630/592/854
f 466/409/622 568/519/756 636/593/855
f 568/519/756 540/511/744 622/594/856
f 540/511/744 569/536/776 622/594/856
f 623/595/857 608/563/810 624/577/829
f 624/577/829 625/578/847 637/596/858
f 609/579/848 617/585/859 625/578/830
f 617/585/841 587/580/833 639/597/860
f 587/580/833 632/598/861 639/597/860
f 588/558/804 626/589/849 632/567/816
f 589/551/795 633/599/862 628/600/863
f 589/551/795 611/581/834 633/599/862
f 603/569/864 591/560/836 634/601/865
f 634/601/865 591/560/836 612/582/835
f 599/572/825 575/543/787 619/587/844
f 565/526/764 620/588/845 630/592/854
f 635/602/866 594/518/755 658/603/867
f 594/518/755 566/573/774 658/603/867
f 658/603/867 566/573/774 666/604/868
f 595/510/743 466/409/622 636/593/855
f 625/578/830 617/585/859 638/605/869
f 639/597/860 632/598/861 642/606/870
f 580/552/796 603/569/818 640/607/871
f 618/586/852 613/583/839 629/591/853
f 646/608/872 615/545/789 616/576/828
f 616/576/828 608/563/810 623/595/857
f 637/596/858 625/578/847 638/605/873
s 0
f 617/585/874 639/597/874 638/605/874
s 1
f 632/567/816 626/589/849 642/609/875
f 633/599/862 611/581/834 653/610/876
f 653/610/876 590/539/780 602/568/817
f 644/611/877 603/569/864 634/601/865
f 634/601/878 612/582/851 618/586/842
f 594/518/755 635/602/866 620/588/845
f 595/510/743 636/593/855 667/612/879
f 568/519/756 622/594/856 636/593/855
f 569/536/776 601/520/757 641/613/880
f 601/520/757 631/584/840 641/613/880
f 631/584/840 615/545/789 646/608/872
f 646/608/872 616/576/828 661/614/881
f 616/576/828 623/595/857 661/614/881
f 623/595/857 624/577/829 637/596/882
f 639/597/860 642/606/870 650/615/883
f 597/565/814 561/530/770 664/616/884
f 647/617/885 561/530/770 589/551/795
f 611/581/834 590/539/780 653/610/876
f 643/618/886 580/552/796 640/607/871
f 640/607/887 603/569/864 644/611/877
f 634/601/878 618/586/842 656/619/888
f 618/586/852 629/591/853 656/619/889
f 619/587/844 600/544/788 630/592/854
f 636/593/855 622/594/856 649/620/890
f 638/605/891 639/597/892 650/615/893
f 653/610/876 602/568/817 654/621/894
f 643/618/895 640/607/887 648/622/896
f 655/623/897 648/622/896 640/607/887
f 655/623/897 640/607/887 644/611/877
f 644/611/898 634/601/878 656/619/888
f 566/534/774 567/535/775 675/624/899
f 675/624/899 567/535/775 660/625/900
f 569/536/776 679/626/901 622/594/856
f 661/614/881 623/595/857 234/627/902
f 642/609/903 626/589/849 663/628/904
f 647/617/885 589/551/795 628/600/863
f 633/599/862 653/610/876 671/629/905
f 681/630/906 648/622/896 655/623/897
f 682/631/907 629/591/853 657/632/908
f 657/632/908 629/591/853 599/572/825
f 630/592/854 620/588/845 665/633/909
f 665/633/909 620/588/845 635/602/866
f 675/624/899 666/634/868 566/534/774
f 567/535/775 606/566/815 660/625/900
f 667/612/879 636/593/855 649/620/890
f 631/584/840 646/608/872 668/635/910
f 623/595/857 637/596/882 234/627/902
f 642/606/870 662/636/911 650/615/883
s 0
f 662/636/912 642/606/912 669/637/912
f 669/637/913 642/606/913 663/638/913
s 1
f 627/590/850 597/565/814 651/639/914
f 651/639/914 597/565/814 664/616/884
f 561/530/770 647/617/885 664/616/884
f 654/621/894 602/568/817 580/552/796
f 655/623/915 644/611/898 673/640/916
f 644/611/898 656/619/888 673/640/916
f 656/619/889 629/591/853 682/631/907
f 619/587/844 630/592/854 674/641/917
f 703/642/918 584/554/800 684/643/919
f 584/554/800 614/575/827 684/643/919
f 631/584/840 668/635/910 641/613/880
f 646/608/872 661/614/881 676/644/920
f 637/596/858 638/605/873 677/645/921
f 687/646/922 627/590/850 651/639/914
f 647/617/885 628/600/863 678/647/923
f 652/648/924 633/599/862 671/629/905
f 671/629/905 653/610/876 672/649/925
f 672/649/925 653/610/876 654/621/894
f 654/621/894 580/552/796 643/618/886
f 657/632/908 599/572/825 619/587/844
f 674/641/917 630/592/854 665/633/909
f 595/510/743 667/612/879 614/575/827
f 569/536/776 641/613/880 693/650/926
f 646/608/872 676/644/920 668/635/910
f 638/605/891 650/615/893 662/636/927
f 628/600/863 633/599/862 678/647/923
f 681/630/928 655/623/915 673/640/916
f 635/602/866 658/603/867 683/651/929
f 606/566/815 607/574/826 692/652/930
f 685/653/931 622/594/856 679/626/901
f 679/626/901 569/536/776 693/650/926
f 676/644/920 661/614/881 699/654/932
f 699/654/932 661/614/881 234/627/902
f 686/655/933 234/627/902 677/645/934
f 234/627/902 637/596/882 677/645/934
f 626/589/849 627/590/850 687/646/922
f 688/656/935 680/657/936 664/616/884
f 689/658/937 654/621/894 643/618/886
f 643/618/895 648/622/896 690/659/938
f 648/622/896 681/630/906 690/659/938
f 691/660/939 681/630/928 673/640/916
f 607/574/826 584/554/800 703/642/918
f 723/661/940 649/620/890 685/653/931
f 649/620/890 622/594/856 685/653/931
f 641/613/880 668/635/910 693/650/926
f 677/645/934 638/605/941 695/662/942
f 638/605/891 662/636/927 695/662/943
s 0
f 662/636/944 669/637/944 695/662/944
s 1
f 663/628/904 626/589/849 687/646/922
f 651/639/914 664/616/884 680/657/936
f 688/656/935 664/616/884 647/617/885
f 678/647/923 633/599/862 652/648/924
f 654/621/894 689/658/937 696/663/945
f 689/658/946 643/618/895 711/664/947
f 643/618/895 690/659/938 711/664/947
f 691/660/948 673/640/949 697/665/950
f 673/640/949 656/619/889 697/665/950
f 656/619/889 682/631/907 697/665/950
f 713/666/951 619/587/844 674/641/917
f 658/603/867 666/604/868 683/651/929
f 614/575/827 667/612/879 684/643/919
f 676/644/920 714/667/952 705/668/953
f 699/654/954 234/627/955 700/669/956
f 708/670/957 663/628/958 687/646/959
f 690/659/960 681/630/928 691/660/939
f 697/665/950 682/631/907 701/671/961
f 698/672/962 675/624/899 660/625/900
f 660/625/900 606/566/815 702/673/963
f 702/673/963 606/566/815 692/652/930
f 667/612/879 649/620/890 723/661/940
f 668/635/910 676/644/920 704/674/964
f 676/644/920 699/654/932 714/667/965
f 700/669/956 234/627/955 716/675/966
f 716/675/967 234/627/902 686/655/933
f 686/655/933 677/645/934 695/662/942
f 669/637/968 663/638/969 707/676/970
f 709/677/971 687/646/922 651/639/914
f 672/649/925 654/621/894 710/678/972
f 711/664/973 690/659/960 728/679/974
f 712/680/975 682/631/907 657/632/908
f 657/632/908 619/587/844 713/666/951
f 635/602/866 683/651/929 665/633/909
f 607/574/826 703/642/918 692/652/930
f 685/653/931 679/626/901 724/681/976
f 704/674/964 676/644/920 732/682/977
f 676/644/920 705/668/953 732/682/977
s 0
f 714/683/978 699/684/978 706/685/978
s 1
f 706/686/979 699/654/980 700/669/981
f 715/687/982 700/688/983 716/689/984
f 695/662/985 669/637/968 707/676/970
f 708/670/986 687/646/922 709/677/971
f 709/677/971 651/639/914 725/690/987
f 725/690/987 651/639/914 680/657/936
f 688/656/935 647/617/885 718/691/988
f 647/617/885 678/647/923 718/691/988
f 652/648/924 671/629/905 1330/692/989
f 654/621/894 696/663/945 710/678/972
f 696/663/990 689/658/946 720/693/991
f 689/658/946 711/664/947 720/693/991
f 690/659/960 691/660/939 728/679/974
f 712/680/975 657/632/908 713/666/951
f 665/633/909 683/651/929 721/694/992
f 683/651/929 666/604/868 722/695/993
f 698/672/962 660/625/900 702/673/963
f 679/626/901 693/650/926 724/681/976
f 693/650/926 668/635/910 704/674/964
f 706/685/994 700/688/983 715/687/982
f 686/655/995 695/662/985 707/676/970
f 663/638/996 717/696/997 707/676/970
f 717/697/998 663/628/958 708/670/957
f 726/698/999 678/647/923 652/648/924
f 710/678/1000 696/663/1001 719/699/1002
f 719/699/1003 696/663/990 731/700/1004
f 731/700/1004 696/663/990 720/693/991
f 720/693/1005 711/664/973 728/679/974
f 701/671/961 682/631/907 712/680/975
f 713/666/951 674/641/917 665/633/909
f 693/650/926 704/674/964 724/681/976
f 729/701/1006 705/702/1007 714/683/1008
f 716/689/984 730/703/1009 715/687/982
f 716/675/1010 686/655/995 707/676/970
f 726/698/999 652/648/924 1330/692/989
f 728/679/1011 691/660/948 697/665/950
f 740/704/1012 667/612/879 723/661/940
f 714/683/1008 706/685/994 715/687/1013
f 730/703/1009 716/689/984 733/705/1014
f 716/675/984 707/676/1015 733/706/1014
f 708/670/957 709/677/971 734/707/1016
f 734/707/1016 709/677/971 725/690/987
f 718/691/988 678/647/923 726/698/999
f 735/708/1017 671/629/905 672/649/925
f 672/649/925 710/678/972 736/709/1018
f 719/699/1003 731/700/1004 737/710/1019
f 738/711/1020 731/700/1021 720/693/1005
f 738/711/1020 720/693/1005 728/679/974
f 738/711/1022 728/679/1011 697/665/950
f 684/643/919 667/612/879 740/704/1012
f 685/653/931 724/681/976 741/712/1023
f 714/683/1008 715/687/1013 729/701/1006
f 733/706/1014 707/676/1015 717/696/998
f 717/697/998 734/707/1016 733/713/1014
f 717/697/998 708/670/957 734/707/1016
f 725/690/987 680/657/936 688/656/935
f 1330/692/989 671/629/905 735/708/1017
f 710/678/1000 719/699/1002 736/709/1024
f 736/709/1025 719/699/1003 742/714/1026
f 742/714/1026 719/699/1003 737/710/1019
f 737/710/1027 731/700/1021 738/711/1020
f 743/715/1028 665/633/909 721/694/992
f 666/634/868 675/624/899 722/716/993
f 744/717/1029 702/673/963 692/652/930
f 724/681/976 704/674/964 745/718/1030
f 746/719/1031 704/674/964 732/682/977
f 755/720/1032 754/721/1033 753/722/1034
f 756/723/1035 753/722/1034 759/724/1036
f 753/722/1034 752/725/1037 759/724/1036
f 757/726/1038 1088/727/1039 1087/728/1040
f 755/720/1032 753/722/1034 760/729/1041
f 759/724/1036 1088/727/1039 757/726/1038
f 766/730/1042 768/731/1043 765/732/1044
f 770/733/1045 769/734/1046 766/730/1042
f 765/732/1047 767/735/1048 771/736/1049
f 765/732/1044 768/731/1043 772/737/1050
f 773/738/1051 768/731/1043 769/734/1046
f 768/731/1043 766/730/1042 769/734/1046
f 775/739/1052 778/740/1053 779/741/1054
f 778/740/1053 777/742/1055 779/741/1054
f 790/743/1056 777/742/1055 781/744/1057
f 777/742/1055 780/745/1058 781/744/1057
f 784/746/1059 792/747/1060 781/744/1057
s 0
f 777/742/1061 778/740/1061 785/748/1061
s 1
f 787/749/1062 782/750/1063 778/740/1053
f 788/751/1064 774/752/1065 789/753/1066
f 774/752/1065 788/751/1064 779/741/1054
f 788/751/1064 775/739/1052 779/741/1054
f 779/741/1054 777/742/1055 790/743/1056
f 781/744/1057 780/745/1067 784/746/1059
f 785/748/1068 778/740/1069 786/754/1070
f 786/754/1070 778/740/1069 782/750/1071
f 787/749/1062 778/740/1053 775/739/1052
f 791/755/1072 788/751/1064 789/753/1066
f 774/752/1065 779/741/1054 790/743/1056
f 781/744/1057 792/747/1060 790/743/1056
f 790/743/1056 792/747/1060 807/756/1073
f 792/747/1060 784/746/1059 794/757/1074
f 784/746/1075 780/745/1076 798/758/1077
f 798/758/1077 780/745/1076 785/748/1068
s 0
f 780/745/1078 777/742/1078 785/748/1078
f 782/750/1079 787/749/1079 795/759/1079
s 1
f 775/739/1052 796/760/1080 787/749/1062
f 791/755/1072 769/734/1046 802/761/1081
f 766/730/1082 765/732/1047 771/736/1049
f 767/735/1048 765/732/1047 772/737/1083
f 773/738/1051 769/734/1046 791/755/1072
f 843/762/1084 792/747/1060 819/763/1085
f 819/763/1085 792/747/1060 793/764/1086
f 793/764/1086 792/747/1060 797/765/1087
f 792/747/1060 794/757/1074 797/765/1087
f 794/757/1088 784/746/1075 798/758/1077
f 795/759/1089 787/749/1090 796/760/1091
f 775/739/1052 788/751/1064 801/766/1092
f 788/751/1064 791/755/1072 802/761/1081
f 802/761/1081 769/734/1046 803/767/1093
f 803/767/1093 769/734/1046 770/733/1045
f 767/735/1048 772/737/1083 804/768/1094
f 772/737/1050 768/731/1043 805/769/1095
f 817/770/1096 789/753/1066 774/752/1065
f 807/756/1073 792/747/1060 843/762/1084
f 825/771/1097 843/762/1084 819/763/1085
f 797/765/1098 794/757/1088 808/772/1099
f 808/772/1099 794/757/1088 798/758/1077
f 799/773/1100 786/754/1101 820/774/1102
f 786/754/1070 782/750/1071 795/759/1103
f 796/760/1080 775/739/1052 810/775/1104
f 810/775/1105 775/739/1052 801/766/1092
f 821/776/1106 788/751/1064 802/761/1081
f 827/777/1107 802/761/1081 811/778/1108
f 803/767/1109 770/733/1110 771/736/1049
f 770/733/1110 766/730/1082 771/736/1049
f 812/779/1111 813/780/1112 860/781/1113
f 804/768/1094 772/737/1083 805/769/1114
f 815/782/1115 768/731/1043 832/783/1116
f 768/731/1043 806/784/1117 832/783/1116
f 806/784/1117 768/731/1043 773/738/1051
f 791/755/1072 789/753/1066 816/785/1118
f 774/752/1065 790/743/1056 817/770/1096
s 0
f 825/771/1119 819/763/1119 818/786/1119
s 1
f 793/764/1120 797/765/1098 808/772/1099
f 798/758/1077 785/748/1068 786/754/1070
f 786/754/1101 795/759/1121 820/774/1102
f 795/759/1089 796/760/1091 810/775/1122
s 0
f 810/775/1123 801/766/1123 822/787/1123
f 821/776/1124 822/787/1124 801/766/1124
s 1
f 788/751/1064 821/776/1106 801/766/1092
f 811/778/1108 802/761/1081 803/767/1093
f 771/736/1125 767/735/1126 824/788/1127
f 767/735/1126 877/789/1128 824/788/1127
f 767/735/1126 804/768/1129 877/789/1128
f 805/769/1095 768/731/1043 830/790/1130
f 768/731/1043 815/782/1115 830/790/1130
f 773/738/1051 791/755/1072 816/785/1118
f 819/763/1131 793/764/1120 808/772/1099
f 826/791/1132 808/772/1133 798/758/1134
f 798/758/1134 786/754/1101 799/773/1100
f 795/759/1089 810/775/1122 836/792/1135
f 836/792/1135 810/775/1122 822/787/1136
f 821/776/1106 802/761/1081 827/777/1137
f 827/777/1138 811/778/1139 837/793/1140
f 811/778/1139 803/767/1141 837/793/1140
f 837/793/1142 803/767/1143 823/794/1144
f 823/794/1145 803/767/1109 771/736/1049
f 813/780/1112 877/789/1128 860/781/1146
f 829/795/1147 804/768/1094 805/769/1114
f 815/782/1115 832/783/1116 764/796/1148
f 841/797/1149 789/753/1066 817/770/1096
f 817/770/1096 790/743/1056 842/798/1150
f 790/743/1056 807/756/1073 833/799/1151
f 818/786/1152 819/763/1153 834/800/1154
f 798/758/1134 799/773/1100 826/791/1132
f 799/773/1100 809/801/1155 826/791/1132
f 822/787/1136 821/776/1156 836/792/1135
f 821/776/1157 827/777/1138 837/793/1140
f 824/788/1127 823/794/1144 771/736/1125
f 824/788/1127 877/789/1128 813/780/1112
f 838/802/1158 855/803/1159 813/780/1112
f 813/780/1112 812/779/1111 838/802/1158
f 812/779/1160 828/804/1161 839/805/1162
f 764/796/1148 832/783/1116 862/806/1163
f 806/784/1117 773/738/1051 816/785/1118
f 816/785/1118 789/753/1066 841/797/1149
f 841/797/1149 817/770/1096 842/798/1150
f 842/798/1150 790/743/1056 833/799/1151
f 818/786/1152 834/800/1154 825/771/1164
f 834/800/1165 819/763/1131 808/772/1099
f 835/807/1166 809/801/1155 875/808/1167
f 820/774/1102 795/759/1121 836/792/1168
f 836/792/1135 821/776/1157 837/793/1140
f 855/803/1159 838/802/1158 845/809/1169
f 838/802/1170 812/779/1160 839/805/1162
f 812/779/1160 860/781/1171 828/804/1161
f 860/781/1146 877/789/1128 847/810/1172
f 805/769/1114 830/790/1173 829/795/1147
f 830/790/1130 815/782/1115 848/811/1174
f 764/796/1148 840/812/1175 849/813/1176
f 840/812/1175 764/796/1148 862/806/1163
f 851/814/1177 843/762/1084 825/771/1097
f 825/771/1164 834/800/1154 851/814/1178
f 834/800/1154 852/815/1179 851/814/1178
f 834/800/1180 808/772/1133 844/816/1181
f 844/816/1181 808/772/1133 826/791/1132
f 835/807/1166 826/791/1182 809/801/1155
f 799/773/1100 820/774/1102 854/817/1183
f 845/809/1184 838/802/1170 856/818/1185
f 856/818/1185 838/802/1170 857/819/1186
f 857/819/1186 838/802/1170 839/805/1162
f 839/805/1187 846/820/1188 858/821/1189
f 846/820/1188 839/805/1187 828/804/1190
f 828/804/1191 860/781/1192 859/822/1193
f 804/768/1129 829/795/1194 877/789/1128
f 848/811/1174 815/782/1115 849/813/1176
f 815/782/1115 764/796/1148 849/813/1176
f 832/783/1116 806/784/1117 862/806/1163
f 887/823/1195 816/785/1118 841/797/1149
f 841/797/1149 842/798/1150 864/824/1196
f 807/756/1073 843/762/1084 865/825/1197
f 844/816/1198 826/791/1182 853/826/1199
f 853/826/1199 826/791/1182 835/807/1166
f 835/807/1166 875/808/1167 867/827/1200
f 799/773/1100 854/817/1183 809/801/1155
f 836/792/1201 837/793/1142 823/794/1144
f 868/828/1202 823/794/1144 824/788/1127
s 0
f 870/829/1203 846/820/1203 828/804/1203
s 1
f 829/795/1147 830/790/1173 848/811/1204
f 861/830/1205 840/812/1175 886/831/1206
f 862/806/1163 806/784/1117 887/823/1195
f 806/784/1117 816/785/1118 887/823/1195
f 843/762/1084 874/832/1207 865/825/1197
f 852/815/1208 834/800/1209 866/833/1210
f 866/833/1211 834/800/1180 844/816/1181
f 820/774/1102 836/792/1201 854/817/1183
f 854/817/1183 836/792/1201 823/794/1144
f 813/780/1112 855/803/1159 868/828/1202
f 857/819/1212 839/805/1213 876/834/1214
s 0
f 858/821/1215 846/820/1215 869/835/1215
s 1
f 870/829/1216 828/804/1217 859/822/1218
f 859/822/1193 860/781/1192 871/836/1219
f 872/837/1220 848/811/1174 878/838/1221
f 848/811/1174 849/813/1176 878/838/1221
f 840/812/1175 861/830/1205 849/813/1176
f 849/813/1176 861/830/1205 879/839/1222
f 885/840/1223 882/841/1224 880/842/1225
f 885/840/1226 880/842/1227 909/843/1228
f 909/843/1228 880/842/1227 883/844/1229
f 886/831/1206 840/812/1175 862/806/1163
f 807/756/1073 873/845/1230 833/799/1151
f 873/845/1230 807/756/1073 865/825/1197
f 874/832/1207 843/762/1084 851/814/1177
f 889/846/1231 853/826/1199 835/807/1166
f 854/817/1183 823/794/1144 868/828/1202
f 824/788/1127 813/780/1112 868/828/1202
f 855/803/1159 845/809/1169 904/847/1232
s 0
f 856/818/1233 857/819/1233 891/848/1233
s 1
f 839/805/1234 858/821/1235 876/834/1236
f 937/849/1237 869/835/1238 870/829/1239
f 869/835/1240 846/820/1241 870/829/1239
f 870/829/1216 859/822/1218 892/850/1242
f 829/795/1147 848/811/1204 893/851/1243
f 848/811/1204 872/837/1244 893/851/1243
f 763/852/1245 883/844/1229 861/830/1205
f 883/844/1229 880/842/1227 896/853/1246
f 896/853/1247 880/842/1247 881/854/1247
f 881/854/1248 880/842/1225 882/841/1224
f 897/855/1249 884/856/1250 882/841/1251
f 763/852/1245 861/830/1205 886/831/1206
f 864/824/1196 842/798/1150 901/857/1252
f 842/798/1150 833/799/1151 901/857/1252
f 851/814/1177 888/858/1253 874/832/1207
f 888/858/1254 851/814/1178 902/859/1255
f 851/814/1178 852/815/1179 902/859/1255
f 903/860/1256 866/833/1257 853/826/1199
f 866/833/1257 844/816/1198 853/826/1199
f 889/846/1231 835/807/1166 890/861/1258
s 0
f 856/818/1259 891/848/1259 905/862/1259
s 1
f 858/821/1260 869/835/1261 906/863/1262
f 906/863/1262 869/835/1261 914/864/1263
f 859/822/1218 871/836/1264 892/850/1242
f 871/836/1219 860/781/1192 907/865/1265
f 907/865/1265 860/781/1192 847/810/1266
f 879/839/1222 861/830/1205 895/866/1267
f 883/844/1229 895/866/1267 861/830/1205
f 895/866/1267 883/844/1229 896/853/1246
f 881/854/1248 882/841/1224 884/856/1268
f 909/843/1228 883/844/1229 898/867/1269
f 898/867/1269 883/844/1229 763/852/1245
f 886/831/1206 862/806/1163 899/868/1270
f 899/868/1270 862/806/1163 887/823/1195
f 887/823/1195 841/797/1149 864/824/1196
f 833/799/1151 873/845/1230 901/857/1252
f 874/832/1207 888/858/1253 910/869/1271
f 920/870/1272 904/847/1232 845/809/1169
f 845/809/1184 856/818/1185 911/871/1273
f 911/871/1274 856/818/1275 912/872/1276
f 912/872/1276 856/818/1275 905/862/1277
f 905/862/1278 891/848/1279 913/873/1280
f 891/848/1279 857/819/1212 913/873/1280
f 913/873/1280 857/819/1212 876/834/1214
s 0
f 869/835/1281 937/849/1281 914/864/1281
s 1
f 937/849/1237 870/829/1239 915/874/1282
f 892/850/1242 871/836/1264 916/875/1283
f 877/789/1128 829/795/1284 893/851/1285
s 0
f 872/837/1286 878/838/1286 921/876/1286
s 1
f 849/813/1176 879/839/1222 878/838/1221
f 917/877/1287 879/839/1222 895/866/1267
f 865/825/1197 874/832/1207 959/878/1288
f 852/815/1208 866/833/1210 928/879/1289
f 835/807/1166 867/827/1200 890/861/1258
f 875/808/1167 809/801/1155 868/828/1202
f 809/801/1155 854/817/1183 868/828/1202
f 920/870/1290 845/809/1184 911/871/1273
f 876/834/1236 858/821/1235 906/863/1291
f 915/874/1292 870/829/1216 892/850/1242
f 871/836/1264 907/865/1293 916/875/1283
f 877/789/1128 893/851/1285 964/880/1294
f 893/851/1243 872/837/1244 921/876/1295
s 0
f 878/838/1296 879/839/1296 921/876/1296
s 1
f 895/866/1297 896/853/1298 922/881/1299
f 923/882/1300 896/853/1301 884/856/1268
f 896/853/1301 881/854/1248 884/856/1268
f 884/856/1250 897/855/1249 924/883/1302
f 897/855/1249 882/841/1251 925/884/1303
f 882/841/1224 885/840/1223 966/885/1304
f 898/867/1269 763/852/1245 926/886/1305
f 763/852/1245 886/831/1206 926/886/1305
f 927/887/1306 887/823/1195 864/824/1196
f 873/845/1230 865/825/1197 918/888/1307
f 947/889/1308 890/861/1258 948/890/1309
f 948/890/1309 890/861/1258 867/827/1200
f 847/810/1172 877/789/1128 964/880/1294
f 893/851/1243 921/876/1295 879/839/1310
f 922/881/1311 896/853/1301 923/882/1300
f 931/891/1312 924/883/1313 940/892/1314
f 924/883/1313 897/855/1315 940/892/1316
f 925/884/1317 882/841/1224 966/885/1304
f 885/840/1226 909/843/1228 966/885/1318
f 909/843/1228 898/867/1269 966/885/1318
f 966/885/1318 898/867/1269 932/893/1319
f 933/894/1320 887/823/1195 927/887/1306
f 927/887/1306 864/824/1196 762/895/1321
f 762/895/1321 901/857/1252 918/888/1307
f 918/888/1307 865/825/1197 959/878/1288
f 910/869/1322 888/858/1254 902/859/1255
f 902/859/1255 852/815/1179 928/879/1323
f 912/872/1324 905/862/1325 936/896/1326
f 906/863/1262 914/864/1327 929/897/1328
f 914/864/1329 937/849/1330 929/897/1331
s 0
f 915/874/1332 930/898/1332 937/849/1332
s 1
f 879/839/1310 917/877/1333 923/882/1300
f 917/877/1334 895/866/1297 922/881/1299
s 0
f 924/883/1335 931/891/1335 938/899/1335
s 1
f 931/891/1336 940/892/1337 939/900/1338
f 940/892/1316 897/855/1315 925/884/1339
f 886/831/1206 899/868/1270 761/901/1340
f 761/901/1340 899/868/1270 933/894/1320
f 899/868/1270 887/823/1195 933/894/1320
f 864/824/1196 901/857/1252 762/895/1321
f 901/857/1252 873/845/1230 918/888/1307
f 942/902/1341 874/832/1207 910/869/1271
f 935/903/1342 903/860/1256 968/904/1343
f 903/860/1256 853/826/1199 968/904/1343
f 968/904/1343 853/826/1199 889/846/1231
f 968/904/1343 889/846/1231 945/905/1344
f 889/846/1231 890/861/1258 945/905/1344
f 890/861/1258 947/889/1308 946/906/1345
f 868/828/1202 855/803/1159 949/907/1346
f 855/803/1159 904/847/1232 949/907/1346
f 950/908/1347 911/871/1274 912/872/1276
f 936/896/1348 905/862/1278 951/909/1349
f 905/862/1278 913/873/1280 951/909/1349
f 953/910/1350 876/834/1214 972/911/1351
f 876/834/1236 906/863/1291 972/911/1352
f 906/863/1262 929/897/1328 954/912/1353
f 955/913/1354 930/898/1355 915/874/1356
f 907/865/1265 847/810/1266 956/914/1357
f 893/851/1358 879/839/1310 923/882/1300
f 917/877/1333 922/881/1311 923/882/1300
f 924/883/1302 923/882/1359 884/856/1250
f 939/900/1338 940/892/1337 957/915/1360
f 940/892/1316 925/884/1339 978/916/1361
f 932/893/1319 898/867/1269 958/917/1362
f 942/902/1341 959/878/1288 874/832/1207
f 910/869/1322 902/859/1255 960/918/1363
f 960/918/1364 902/859/1255 928/879/1323
f 969/919/1365 947/889/1308 962/920/1366
f 875/808/1167 868/828/1202 949/907/1346
f 950/908/1367 912/872/1324 936/896/1326
f 951/909/1349 913/873/1280 952/921/1368
f 913/873/1280 876/834/1214 952/921/1368
f 952/921/1368 876/834/1214 953/910/1350
f 929/897/1369 937/849/1370 963/922/1371
f 963/922/1371 937/849/1370 974/923/1372
s 0
f 937/849/1373 930/898/1373 974/923/1373
s 1
f 915/874/1292 892/850/1242 916/875/1283
f 893/851/1285 923/882/1359 964/880/1294
f 939/900/1338 957/915/1360 965/924/1374
f 940/892/1337 978/916/1375 977/925/1376
f 926/886/1305 886/831/1206 979/926/1377
f 886/831/1206 761/901/1340 979/926/1377
f 961/927/1378 903/860/1256 935/903/1342
f 945/905/1344 890/861/1258 946/906/1345
f 948/890/1309 867/827/1200 970/928/1379
f 867/827/1200 875/808/1167 970/928/1379
f 970/928/1379 875/808/1167 949/907/1346
f 920/870/1290 911/871/1273 971/929/1380
f 950/908/1367 936/896/1326 983/930/1381
s 0
f 954/912/1382 929/897/1382 963/922/1382
s 1
f 915/874/1292 916/875/1283 955/913/1354
f 955/913/1354 916/875/1283 975/931/1383
f 907/865/1265 956/914/1357 976/932/1384
f 957/915/1360 940/892/1337 988/933/1385
f 940/892/1337 977/925/1376 988/933/1385
s 0
f 966/885/1386 932/893/1386 958/917/1386
s 1
f 762/895/1321 918/888/1307 967/934/1387
f 866/833/1257 903/860/1256 981/935/1388
f 981/935/1388 903/860/1256 1026/936/1389
f 946/906/1345 947/889/1308 982/937/1390
f 996/938/1391 997/939/1392 969/919/1365
f 947/889/1308 948/890/1309 962/920/1366
f 971/929/1393 911/871/1274 950/908/1347
f 952/921/1368 953/910/1350 984/940/1394
f 906/863/1395 954/912/1396 1012/941/1397
f 916/875/1283 907/865/1293 976/932/1398
f 985/942/1399 976/932/1384 956/914/1357
f 986/943/1400 965/924/1401 987/944/1402
f 965/924/1374 957/915/1360 988/933/1385
f 966/885/1403 958/917/1404 990/945/1405
f 958/917/1362 898/867/1269 926/886/1305
f 933/894/1320 927/887/1306 980/946/1406
f 967/934/1387 918/888/1307 959/878/1288
f 959/878/1288 942/902/1341 992/947/1407
f 942/902/1408 910/869/1322 960/918/1363
f 928/879/1289 866/833/1210 981/935/1409
f 1026/936/1389 903/860/1256 961/927/1378
f 1029/948/1410 945/905/1344 946/906/1345
f 996/938/1391 969/919/1365 998/949/1411
f 948/890/1309 970/928/1379 1008/950/1412
f 1032/951/1413 904/847/1232 920/870/1272
f 999/952/1414 971/929/1393 950/908/1347
f 983/930/1415 936/896/1348 951/909/1349
f 1000/953/1416 951/909/1349 984/940/1394
f 951/909/1349 952/921/1368 984/940/1394
f 1048/954/1417 953/910/1350 972/911/1351
f 963/922/1371 974/923/1372 1001/955/1418
f 1001/955/1419 974/923/1420 1002/956/1421
s 0
f 974/923/1422 930/898/1422 1002/956/1422
s 1
f 930/898/1423 955/913/1424 1002/956/1425
f 956/914/1357 847/810/1172 964/880/1294
f 989/957/1426 925/884/1317 966/885/1304
f 1023/958/1427 979/926/1377 761/901/1340
f 1004/959/1428 933/894/1320 980/946/1406
f 980/946/1406 927/887/1306 762/895/1321
f 928/879/1323 981/935/1429 960/918/1364
s 0
f 1005/960/1430 960/918/1430 981/935/1430
s 1
f 995/961/1431 994/962/1432 1006/963/1433
f 935/903/1342 968/904/1343 995/961/1431
f 968/904/1343 945/905/1344 1029/948/1410
f 947/889/1308 969/919/1365 982/937/1390
f 982/937/1390 969/919/1365 997/939/1392
f 1031/964/1434 969/919/1365 962/920/1366
f 962/920/1366 948/890/1309 1008/950/1412
f 1008/950/1412 970/928/1379 949/907/1346
f 949/907/1346 904/847/1232 1032/951/1413
s 0
f 971/929/1435 999/952/1435 1009/965/1435
f 999/952/1436 950/908/1436 983/930/1436
s 1
f 1000/953/1437 984/940/1438 1011/966/1439
f 954/912/1440 963/922/1440 1012/941/1440
f 1002/956/1425 955/913/1424 1050/967/1441
f 975/931/1383 916/875/1283 976/932/1398
f 923/882/1359 924/883/1302 964/880/1294
f 1015/968/1442 1014/969/1443 987/944/1444
f 965/924/1445 988/933/1446 1015/968/1447
f 988/933/1385 977/925/1376 1018/970/1448
f 977/925/1376 978/916/1375 1018/970/1448
f 978/916/1361 925/884/1339 1019/971/1449
f 1019/971/1450 925/884/1451 989/957/1452
f 989/957/1426 966/885/1304 1021/972/1453
s 0
f 966/885/1454 990/945/1454 1021/972/1454
s 1
f 990/945/1455 958/917/1456 1022/973/1457
f 1003/974/1458 958/917/1362 926/886/1305
f 761/901/1340 933/894/1320 1023/958/1427
f 1023/958/1427 933/894/1320 1004/959/1428
f 967/934/1387 959/878/1288 991/975/1459
f 1024/976/1460 959/878/1288 1025/977/1461
f 1025/977/1461 959/878/1288 992/947/1407
f 1007/978/1462 995/961/1431 1041/979/1463
f 1031/964/1434 998/949/1411 969/919/1365
f 1031/964/1434 962/920/1366 1008/950/1412
f 949/907/1346 1032/951/1413 1008/950/1412
f 983/930/1415 951/909/1349 1010/980/1464
f 1011/966/1439 984/940/1438 953/910/1465
f 963/922/1466 1001/955/1467 1012/941/1468
f 1001/955/1469 1002/956/1421 1049/981/1470
f 1050/967/1471 955/913/1354 1033/982/1472
f 1033/982/1472 955/913/1354 975/931/1383
f 975/931/1383 976/932/1398 1051/983/1473
f 956/914/1357 964/880/1294 924/883/1302
f 956/914/1357 924/883/1302 938/899/1474
f 939/900/1338 965/924/1374 1013/984/1475
f 1034/985/1476 1013/984/1477 965/924/1401
f 965/924/1401 986/943/1400 1035/986/1478
f 986/943/1479 987/944/1444 1014/969/1443
f 987/944/1480 965/924/1445 1015/968/1447
f 1015/968/1447 988/933/1446 1016/987/1481
f 1016/987/1481 988/933/1446 1036/988/1482
f 988/933/1446 1017/989/1483 1036/988/1482
f 1017/989/1484 988/933/1485 1037/990/1486
f 1037/990/1486 988/933/1485 1018/970/1487
f 1018/970/1448 978/916/1375 1038/991/1488
f 1084/992/1489 1022/973/1490 1003/974/1458
f 1022/973/1490 958/917/1362 1003/974/1458
f 980/946/1406 762/895/1321 1039/993/1491
f 762/895/1321 967/934/1387 1039/993/1491
f 959/878/1288 1024/976/1460 991/975/1459
f 992/947/1407 942/902/1341 1025/977/1461
f 942/902/1408 960/918/1363 1025/977/1492
f 935/903/1342 995/961/1431 961/927/1378
f 1027/994/1493 1006/963/1433 1028/995/1494
f 1006/963/1433 994/962/1432 1028/995/1494
f 1028/995/1494 994/962/1432 1040/996/1495
f 994/962/1432 995/961/1431 1007/978/1462
f 995/961/1431 968/904/1343 1041/979/1463
f 968/904/1343 1029/948/1410 1041/979/1463
f 946/906/1345 982/937/1390 1042/997/1496
f 997/939/1392 996/938/1391 1043/998/1497
f 1032/951/1413 920/870/1272 1046/999/1498
f 920/870/1290 971/929/1380 1046/999/1499
f 1009/965/1500 999/952/1501 1010/980/1464
f 999/952/1501 983/930/1502 1010/980/1464
f 951/909/1349 1000/953/1416 1060/1000/1503
f 1062/1001/1504 1011/966/1439 953/910/1465
f 1065/1002/1505 1002/956/1425 1050/967/1441
f 976/932/1384 985/942/1399 1052/1003/1506
f 931/891/1336 939/900/1338 1067/1004/1507
f 1067/1004/1507 939/900/1338 1013/984/1475
f 1014/969/1443 1035/986/1508 986/943/1479
f 1053/1005/1509 1017/989/1510 1037/990/1511
f 1003/974/1458 926/886/1305 1128/1006/1512
f 926/886/1305 979/926/1377 1128/1006/1512
f 961/927/1378 995/961/1431 1027/994/1493
f 995/961/1431 1006/963/1433 1027/994/1493
f 1056/1007/1513 1028/995/1494 1076/1008/1514
f 1056/1007/1513 1027/994/1493 1028/995/1494
f 1029/948/1410 946/906/1345 1042/997/1496
f 1042/997/1496 982/937/1390 1057/1009/1515
f 982/937/1390 997/939/1392 1043/998/1497
f 1043/998/1497 996/938/1391 1030/1010/1516
f 1044/1011/1517 996/938/1391 1058/1012/1518
f 1059/1013/1519 1009/965/1520 1047/1014/1521
f 1047/1014/1522 1009/965/1500 1010/980/1464
f 1010/980/1523 951/909/1349 1060/1000/1503
f 1060/1000/1524 1000/953/1437 1061/1015/1525
f 1000/953/1437 1011/966/1439 1061/1015/1525
f 953/910/1526 1048/954/1527 1063/1016/1528
f 972/911/1352 906/863/1291 1103/1017/1529
s 0
f 906/863/1530 1012/941/1530 1103/1017/1530
s 1
f 1001/955/1467 1049/981/1531 1012/941/1468
f 1049/981/1470 1002/956/1421 1064/1018/1532
f 1002/956/1421 1065/1002/1533 1064/1018/1532
f 1081/1019/1534 1033/982/1472 1066/1020/1535
f 1033/982/1472 975/931/1383 1066/1020/1535
f 1051/983/1473 976/932/1398 1052/1003/1536
f 938/899/1474 931/891/1537 1067/1004/1507
f 1034/985/1476 965/924/1401 1035/986/1478
f 1014/969/1443 1015/968/1442 1016/987/1538
f 1036/988/1539 1053/1005/1540 1108/1021/1541
f 1036/988/1542 1017/989/1510 1053/1005/1509
f 1037/990/1486 1018/970/1487 1070/1022/1543
f 1070/1022/1543 1018/970/1487 1071/1023/1544
f 1018/970/1487 1038/991/1545 1071/1023/1544
f 978/916/1361 1019/971/1449 1072/1024/1546
f 1109/1025/1547 1019/971/1450 989/957/1452
f 990/945/1455 1022/973/1457 1084/992/1548
f 980/946/1406 1039/993/1491 1004/959/1428
f 1039/993/1491 967/934/1387 1085/1026/1549
f 1024/976/1550 1025/977/1551 1075/1027/1552
f 1087/728/1040 1056/1007/1513 1076/1008/1514
f 1041/979/1463 1029/948/1410 1077/1028/1553
f 1029/948/1410 1042/997/1496 1077/1028/1553
f 1057/1009/1515 982/937/1390 1043/998/1497
f 1030/1010/1516 996/938/1391 1044/1011/1517
f 996/938/1391 998/949/1411 1058/1012/1518
f 1008/950/1412 1032/951/1413 1045/1029/1554
f 1032/951/1413 1046/999/1498 1079/1030/1555
f 1009/965/1556 1059/1013/1557 971/929/1380
f 1061/1015/1558 1011/966/1559 1123/1031/1560
f 953/910/1465 1063/1016/1561 1062/1001/1504
f 1065/1002/1505 1050/967/1441 1104/1032/1562
f 1081/1019/1534 1066/1020/1535 1082/1033/1563
f 975/931/1383 1051/983/1473 1066/1020/1535
f 1083/1034/1564 1034/985/1476 1035/986/1478
f 1053/1005/1509 1037/990/1511 1068/1035/1565
f 1070/1022/1566 1068/1035/1565 1037/990/1511
f 1038/991/1488 978/916/1375 1072/1024/1567
f 1021/972/1453 990/945/1568 1084/992/1569
f 967/934/1387 991/975/1459 1085/1026/1549
f 991/975/1459 1024/976/1460 1073/1036/1570
f 1073/1036/1570 1024/976/1460 1074/1037/1571
f 1074/1037/1572 1024/976/1550 1075/1027/1552
f 1075/1027/1573 1025/977/1492 1005/960/1574
f 1025/977/1492 960/918/1363 1005/960/1574
f 1088/727/1039 759/724/1036 752/725/1037
f 753/722/1034 754/721/1033 752/725/1037
f 1091/1038/1575 1040/1039/1495 994/1040/1432
f 1116/1041/1576 994/962/1432 1007/978/1462
f 1007/978/1462 1041/979/1463 1077/1028/1553
f 1095/1042/1577 1093/1043/1578 1094/1044/1579
f 1097/1045/1580 1095/1042/1577 1094/1044/1579
f 998/949/1411 1121/1046/1581 1058/1012/1518
f 1008/950/1412 1078/1047/1582 1031/964/1434
f 1045/1029/1554 1032/951/1413 1079/1030/1555
f 1059/1013/1519 1047/1014/1521 1099/1048/1583
f 1100/1049/1584 1010/980/1523 1060/1000/1503
f 1101/1050/1585 1060/1000/1524 1061/1015/1525
f 1063/1016/1528 1048/954/1527 1102/1051/1586
f 1102/1051/1586 1048/954/1527 1144/1052/1587
f 1048/954/1417 972/911/1351 1144/1052/1588
f 972/911/1351 1103/1017/1529 1144/1052/1588
f 1049/981/1531 1064/1018/1589 1103/1017/1590
f 1050/967/1441 1033/982/1591 1104/1032/1562
f 1104/1032/1562 1033/982/1591 1081/1019/1592
f 1081/1019/1534 1082/1033/1563 1105/1053/1593
f 1052/1003/1506 985/942/1399 1166/1054/1594
f 985/942/1399 956/914/1357 938/899/1474
f 1016/987/1538 1036/988/1539 1108/1021/1541
f 1108/1021/1541 1053/1005/1540 1068/1035/1595
f 1070/1022/1543 1071/1023/1544 1126/1055/1596
f 1023/958/1427 1004/959/1428 1110/1056/1597
f 1039/993/1491 1085/1026/1549 1111/1057/1598
f 1085/1026/1549 991/975/1459 1073/1036/1570
f 961/927/1378 1027/994/1493 1086/1058/1599
f 1088/727/1039 758/1059/1600 1087/728/1040
f 1088/727/1039 752/725/1037 1089/1060/1601
f 755/720/1032 760/729/1041 1112/1061/1602
f 1112/1061/1602 760/729/1041 1113/1062/1603
f 753/722/1034 756/723/1035 760/729/1041
f 760/729/1041 756/723/1035 1197/1063/1604
f 756/723/1035 759/724/1036 1114/1064/1605
f 757/726/1038 1087/728/1040 1076/1008/1514
f 1028/995/1494 1040/996/1495 1090/1065/1606
f 1077/1028/1553 1042/997/1496 1117/1066/1607
f 1118/1067/1608 1043/998/1497 1030/1010/1516
f 1030/1010/1516 1044/1011/1517 1119/1068/1609
f 1119/1068/1609 1044/1011/1517 1092/1069/1610
f 1044/1011/1517 1093/1043/1578 1092/1069/1610
f 1135/1070/1611 1093/1043/1578 1095/1042/1577
f 1120/1071/1612 1095/1042/1577 1097/1045/1580
f 1044/1011/1517 1058/1012/1518 1139/1072/1613
f 998/949/1411 1031/964/1434 1121/1046/1581
f 1122/1073/1614 1031/964/1434 1078/1047/1582
f 1045/1029/1554 1078/1047/1582 1008/950/1412
f 971/929/1380 1059/1013/1557 1046/999/1499
s 0
f 1099/1048/1615 1047/1014/1615 1100/1049/1615
s 1
f 1100/1049/1584 1047/1014/1616 1010/980/1523
f 1100/1049/1617 1060/1000/1524 1101/1050/1585
f 1123/1031/1560 1011/966/1559 1062/1001/1618
f 1012/941/1468 1049/981/1531 1103/1017/1590
f 1064/1018/1532 1065/1002/1533 1124/1074/1619
f 1051/983/1473 1052/1003/1536 1146/1075/1620
f 985/942/1399 938/899/1474 1166/1054/1594
f 1014/969/1443 1016/987/1538 1107/1076/1621
f 1107/1076/1621 1016/987/1538 1108/1021/1541
f 1068/1035/1595 1125/1077/1622 1108/1021/1541
f 1068/1035/1595 1070/1022/1623 1125/1077/1622
f 1109/1025/1624 989/957/1426 1021/972/1453
f 1084/992/1489 1003/974/1458 1127/1078/1625
f 1128/1006/1512 979/926/1377 1023/958/1427
f 1004/959/1428 1039/993/1491 1110/1056/1597
f 1129/1079/1626 1075/1027/1552 981/935/1627
s 0
f 1075/1027/1628 1005/960/1628 981/935/1628
s 1
f 1026/936/1389 961/927/1378 1086/1058/1599
f 1089/1060/1601 752/725/1037 1131/1080/1629
f 752/725/1037 754/721/1033 1131/1080/1629
f 1197/1063/1604 756/723/1035 1132/1081/1630
f 759/724/1036 757/726/1038 1114/1064/1605
f 1155/1082/1631 1114/1064/1605 757/726/1038
f 1156/1083/1632 1115/1084/1633 1133/1085/1634
f 1157/1086/1635 1115/1084/1633 1090/1087/1606
f 1090/1087/1606 1040/1039/1495 1091/1038/1575
f 1091/1038/1575 994/1040/1432 1116/1088/1576
f 1116/1041/1576 1007/978/1462 1134/1089/1636
f 1117/1066/1607 1042/997/1496 1118/1067/1608
f 1118/1067/1608 1042/997/1496 1057/1009/1515
f 1118/1067/1608 1057/1009/1515 1043/998/1497
f 1092/1069/1610 1093/1043/1578 1135/1070/1611
f 1095/1042/1577 1137/1090/1637 1135/1070/1611
f 1137/1090/1637 1095/1042/1577 1136/1091/1638
f 1097/1045/1580 1094/1044/1579 1161/1092/1639
f 1093/1043/1578 1044/1011/1517 1094/1044/1579
f 1045/1029/1554 1079/1030/1640 1141/1093/1641
f 1142/1094/1642 1046/999/1643 1099/1048/1644
f 1046/999/1643 1059/1013/1645 1099/1048/1644
f 1234/1095/1646 1099/1048/1647 1100/1049/1648
f 1143/1096/1649 1100/1049/1650 1101/1050/1651
f 1061/1015/1558 1163/1097/1652 1101/1050/1651
f 1061/1015/1558 1123/1031/1560 1163/1097/1652
f 1102/1051/1586 1144/1052/1587 1184/1098/1653
f 1103/1017/1590 1064/1018/1589 1124/1074/1654
f 1065/1002/1533 1104/1032/1655 1124/1074/1619
f 1145/1099/1656 1105/1053/1593 1082/1033/1563
f 1066/1020/1535 1051/983/1473 1082/1033/1563
f 1052/1003/1536 1187/1100/1657 1146/1075/1620
f 1083/1034/1658 1035/986/1508 1106/1101/1659
f 1035/986/1508 1014/969/1443 1106/1101/1659
f 1106/1101/1659 1014/969/1443 1107/1076/1621
f 1168/1102/1660 1126/1055/1596 1071/1023/1544
f 1038/991/1488 1072/1024/1567 1148/1103/1661
f 1072/1024/1546 1019/971/1449 1149/1104/1662
f 1019/971/1450 1109/1025/1547 1149/1104/1663
f 1021/972/1453 1084/992/1569 1150/1105/1664
f 1084/992/1665 1127/1078/1666 1150/1105/1667
f 1192/1106/1668 1023/958/1427 1151/1107/1669
f 1151/1107/1669 1023/958/1427 1110/1056/1597
f 1073/1036/1570 1074/1037/1571 1152/1108/1670
f 1152/1108/1671 1074/1037/1572 1075/1027/1552
f 1086/1058/1599 1027/994/1493 1056/1007/1513
f 758/1059/1600 1088/727/1039 1089/1060/1601
f 1028/995/1494 1090/1065/1606 1115/1109/1633
f 1133/1085/1634 1115/1084/1633 1157/1086/1635
f 1007/978/1462 1077/1028/1553 1134/1089/1636
f 1118/1067/1608 1030/1010/1516 1119/1068/1609
f 1136/1091/1638 751/1110/1672 1137/1090/1637
f 1137/1090/1637 751/1110/1672 1158/1111/1673
f 1159/1112/1674 1120/1071/1675 1160/1113/1676
f 1120/1071/1677 1097/1045/1580 1160/1113/1678
f 1097/1045/1580 1161/1092/1639 1178/1114/1679
f 1044/1011/1517 1139/1072/1613 1094/1044/1579
f 1121/1046/1581 1031/964/1434 1122/1073/1614
f 1079/1030/1640 1046/999/1680 1142/1094/1681
f 1123/1031/1560 1062/1001/1618 1183/1115/1682
f 1062/1001/1618 1063/1016/1683 1183/1115/1682
f 1164/1116/1684 1124/1074/1619 1104/1032/1655
f 1104/1032/1685 1081/1019/1686 1185/1117/1687
f 1186/1118/1688 1105/1053/1689 1145/1099/1690
f 1145/1099/1656 1082/1033/1563 1208/1119/1691
f 1082/1033/1563 1051/983/1473 1146/1075/1620
f 1166/1054/1594 1187/1100/1692 1052/1003/1506
f 1034/985/1476 1083/1034/1564 1013/984/1477
f 1083/1034/1564 1147/1120/1693 1013/984/1477
s 0
f 1147/1120/1694 1083/1034/1694 1167/1121/1694
s 1
f 1268/1122/1695 1126/1055/1696 1168/1102/1697
f 1109/1025/1624 1021/972/1453 1150/1105/1664
f 1127/1078/1625 1003/974/1458 1244/1123/1698
f 1244/1123/1698 1003/974/1458 1128/1006/1512
f 1128/1006/1512 1023/958/1427 1192/1106/1668
f 1110/1056/1597 1039/993/1491 1111/1057/1598
f 1152/1108/1671 1075/1027/1552 1169/1124/1699
f 1169/1124/1699 1075/1027/1552 1129/1079/1626
f 1026/936/1389 1086/1058/1599 1170/1125/1700
f 1196/1126/1701 1087/728/1040 758/1059/1600
f 754/721/1033 755/720/1032 1153/1127/1702
f 1153/1127/1702 755/720/1032 1112/1061/1602
f 1113/1062/1603 760/729/1041 1154/1128/1703
f 1154/1128/1703 760/729/1041 1197/1063/1604
f 1155/1082/1631 756/723/1035 1114/1064/1605
f 1076/1008/1514 1028/995/1494 1218/1129/1704
f 1028/995/1494 1115/1109/1633 1218/1129/1704
f 1133/1085/1634 1157/1086/1635 1248/1130/1705
f 1157/1086/1635 1090/1087/1606 1171/1131/1706
f 1092/1069/1610 1135/1070/1611 1172/1132/1707
f 1176/1133/1708 1158/1111/1673 749/1134/1709
f 1158/1111/1673 751/1110/1672 749/1134/1709
f 1138/1135/1710 1136/1091/1638 1095/1042/1577
f 1177/1136/1711 1095/1042/1577 1201/1137/1712
f 1095/1042/1577 1120/1071/1612 1201/1137/1712
f 1139/1072/1613 1058/1012/1518 1121/1046/1581
f 1233/1138/1713 1121/1046/1581 1122/1073/1614
f 1122/1073/1614 1078/1047/1582 1140/1139/1714
f 1140/1139/1714 1078/1047/1582 1045/1029/1554
f 1045/1029/1554 1141/1093/1641 1179/1140/1715
s 0
f 1142/1094/1716 1099/1048/1716 1234/1095/1716
s 1
f 1143/1096/1649 1101/1050/1651 1180/1141/1717
f 1163/1097/1652 1123/1031/1560 1182/1142/1718
f 1063/1016/1683 1102/1051/1719 1183/1115/1682
f 1205/1143/1720 1103/1017/1590 1124/1074/1654
f 1205/1143/1720 1124/1074/1654 1164/1116/1721
f 1185/1117/1687 1081/1019/1686 1186/1118/1722
f 1081/1019/1686 1105/1053/1723 1186/1118/1722
f 1186/1118/1724 1145/1099/1725 1165/1144/1726
f 1187/1100/1657 1238/1145/1727 1146/1075/1620
f 1166/1054/1594 938/899/1474 1067/1004/1507
f 1107/1076/1621 1108/1021/1541 1189/1146/1728
f 1189/1146/1728 1108/1021/1541 1125/1077/1622
f 1125/1077/1622 1070/1022/1623 1268/1122/1695
f 1070/1022/1623 1126/1055/1696 1268/1122/1695
f 1268/1122/1695 1168/1102/1697 1210/1147/1729
f 1071/1023/1544 1038/991/1545 1243/1148/1730
f 1149/1104/1663 1109/1025/1547 1190/1149/1731
f 1127/1078/1625 1244/1123/1698 1191/1150/1732
f 1085/1026/1549 1073/1036/1570 1111/1057/1598
f 1193/1151/1733 1073/1036/1570 1194/1152/1734
f 1073/1036/1570 1152/1108/1670 1194/1152/1734
f 1194/1152/1735 1152/1108/1671 1169/1124/1699
f 1169/1124/1699 1129/1079/1626 1195/1153/1736
f 1086/1058/1599 1056/1007/1513 1196/1126/1701
f 1196/1126/1701 1056/1007/1513 1087/728/1040
f 1154/1154/1703 1197/1155/1604 1247/1156/1737
f 1197/1155/1604 1132/1157/1630 1276/1158/1738
f 1276/1158/1738 1132/1157/1630 750/1159/1739
f 1132/1081/1630 756/723/1035 1155/1082/1631
f 1155/1082/1631 757/726/1038 1218/1129/1704
f 757/726/1038 1076/1008/1514 1218/1129/1704
f 1115/1084/1633 1156/1083/1632 1218/1160/1704
f 1156/1083/1632 1133/1085/1634 1219/1161/1740
f 1198/1162/1741 1133/1085/1634 1248/1130/1705
f 1171/1131/1706 1090/1087/1606 1091/1038/1575
f 1137/1090/1637 1158/1111/1673 1135/1070/1611
f 1138/1135/1710 1095/1042/1577 1177/1136/1711
f 1201/1137/1742 1120/1071/1675 1159/1112/1674
f 1159/1112/1743 1160/1113/1744 1227/1163/1745
f 1178/1114/1746 1161/1092/1747 1289/1164/1748
f 1161/1092/1639 1094/1044/1579 1232/1165/1749
f 1139/1072/1613 1232/1165/1749 1094/1044/1579
f 1121/1046/1581 1233/1138/1713 1139/1072/1613
f 1141/1093/1641 1079/1030/1640 1142/1094/1681
f 1100/1049/1648 1143/1096/1750 1234/1095/1751
f 1180/1141/1717 1101/1050/1651 1202/1166/1752
f 1101/1050/1651 1163/1097/1652 1202/1166/1752
s 0
f 1202/1166/1753 1163/1097/1753 1203/1167/1753
s 1
f 1181/1168/1754 1163/1097/1652 1182/1142/1718
f 1182/1142/1718 1123/1031/1560 1183/1115/1682
f 1144/1052/1755 1103/1017/1756 1184/1098/1757
f 1184/1098/1757 1103/1017/1756 1204/1169/1758
f 1103/1017/1756 1205/1143/1759 1204/1169/1758
f 1164/1116/1684 1104/1032/1655 1185/1117/1760
f 1206/1170/1761 1165/1144/1726 1207/1171/1762
f 1165/1144/1726 1145/1099/1725 1207/1171/1762
f 1082/1033/1563 1146/1075/1620 1208/1119/1691
f 1187/1100/1692 1166/1054/1594 1240/1172/1763
f 1167/1121/1764 1083/1034/1658 1266/1173/1765
f 1083/1034/1658 1106/1101/1659 1266/1173/1765
f 1106/1101/1659 1107/1076/1621 1188/1174/1766
f 1107/1076/1621 1189/1146/1728 1296/1175/1767
f 1268/1122/1695 1189/1146/1728 1125/1077/1622
f 1038/991/1488 1148/1103/1661 1243/1148/1768
f 1148/1103/1661 1072/1024/1567 1212/1176/1769
f 1194/1152/1735 1169/1124/1699 1245/1177/1770
f 1195/1153/1771 1129/1079/1772 981/935/1388
f 981/935/1388 1026/936/1389 1213/1178/1773
f 1196/1126/1701 758/1059/1600 1214/1179/1774
f 758/1059/1600 1089/1060/1601 1214/1179/1774
f 1089/1060/1601 1131/1080/1629 1215/1180/1775
f 1131/1080/1629 754/721/1033 1216/1181/1776
f 1091/1038/1575 1116/1088/1576 1250/1182/1777
f 1077/1028/1553 1117/1066/1607 1134/1089/1636
f 1117/1066/1607 1118/1067/1608 1220/1183/1778
f 1220/1183/1778 1118/1067/1608 1119/1068/1609
f 1119/1068/1609 1092/1069/1610 1172/1132/1707
f 1222/1184/1779 749/1134/1709 751/1110/1672
f 1223/1185/1780 751/1110/1672 1136/1091/1638
f 1199/1186/1781 1136/1091/1638 1138/1135/1710
f 1201/1137/1782 1159/1112/1783 1226/1187/1784
f 1097/1045/1580 1178/1114/1679 1160/1113/1678
f 1160/1113/1785 1178/1114/1786 1229/1188/1787
f 1229/1188/1787 1178/1114/1786 1230/1189/1788
f 1178/1114/1786 1289/1164/1789 1230/1189/1788
s 0
f 1203/1167/1790 1163/1097/1790 1258/1190/1790
s 1
f 1183/1115/1682 1102/1051/1719 1235/1191/1791
f 1102/1051/1719 1184/1098/1792 1235/1191/1791
f 1235/1191/1791 1184/1098/1792 1259/1192/1793
f 1185/1117/1760 1236/1193/1794 1164/1116/1684
s 0
f 1165/1144/1795 1206/1170/1795 1186/1118/1795
s 1
f 1239/1194/1796 1187/1100/1692 1240/1172/1763
f 1067/1004/1507 1013/984/1475 1264/1195/1797
f 1013/984/1798 1147/1120/1799 1265/1196/1800
f 1147/1120/1799 1209/1197/1801 1265/1196/1800
f 1209/1197/1802 1147/1120/1803 1167/1121/1764
f 1168/1102/1660 1071/1023/1544 1243/1148/1804
f 1150/1105/1667 1127/1078/1666 1191/1150/1805
f 1244/1123/1698 1128/1006/1512 1192/1106/1668
f 1245/1177/1806 1169/1124/1699 1195/1153/1736
f 1213/1178/1773 1195/1153/1771 981/935/1388
f 1271/1198/1807 1131/1080/1629 1216/1181/1776
f 1216/1181/1776 754/721/1033 1153/1127/1702
f 1112/1061/1602 1113/1062/1603 1246/1199/1808
f 1247/1156/1737 1197/1155/1604 1276/1158/1738
f 1132/1081/1630 1155/1082/1631 750/1200/1739
f 750/1200/1739 1155/1082/1631 1218/1129/1704
f 750/1159/1739 1218/1160/1704 1156/1083/1632
f 1219/1161/1740 1133/1085/1634 1198/1162/1741
f 1250/1201/1777 1116/1041/1576 1301/1202/1809
f 1116/1041/1576 1134/1089/1636 1301/1202/1809
f 1117/1066/1607 1220/1183/1778 1280/1203/1810
f 1135/1070/1611 1158/1111/1673 1221/1204/1811
f 1221/1204/1811 1158/1111/1673 1282/1205/1812
f 1302/1206/1813 1174/1207/1814 1176/1133/1708
f 1136/1091/1638 1199/1186/1781 1223/1185/1780
f 1223/1185/1815 1199/1186/1816 1252/1208/1817
f 1138/1135/1710 1200/1209/1818 1199/1186/1781
f 1199/1186/1819 1200/1209/1820 1254/1210/1821
f 1200/1209/1818 1138/1135/1710 1224/1211/1822
f 1138/1135/1710 1177/1136/1823 1224/1211/1822
f 1224/1211/1824 1177/1136/1825 1225/1212/1826
f 1225/1212/1826 1177/1136/1825 1255/1213/1827
f 1177/1136/1825 1201/1137/1828 1255/1213/1827
s 0
f 1226/1187/1829 1159/1112/1829 1256/1214/1829
f 1159/1112/1830 1227/1163/1830 1256/1214/1830
s 1
f 1227/1163/1745 1160/1113/1744 1228/1215/1831
f 1228/1215/1831 1160/1113/1785 1229/1188/1787
f 1231/1216/1832 1230/1189/1788 1289/1164/1789
f 1122/1073/1614 1140/1139/1714 1233/1138/1713
f 1140/1139/1714 1045/1029/1554 1179/1140/1715
f 1257/1217/1833 1234/1095/1751 1312/1218/1834
f 1234/1095/1751 1143/1096/1750 1180/1141/1835
s 0
f 1202/1166/1836 1203/1167/1836 1258/1190/1836
f 1163/1097/1837 1181/1168/1837 1258/1190/1837
s 1
f 1184/1098/1792 1204/1169/1838 1259/1192/1793
f 1205/1143/1839 1164/1116/1840 1261/1219/1841
f 1164/1116/1840 1236/1193/1842 1261/1219/1841
f 1236/1193/1794 1185/1117/1760 1262/1220/1843
f 1185/1117/1760 1186/1118/1844 1262/1220/1843
f 1206/1170/1761 1207/1171/1762 1237/1221/1845
f 1294/1222/1846 1237/1221/1847 1207/1171/1848
f 1238/1145/1727 1187/1100/1657 1239/1194/1849
f 1166/1054/1594 1067/1004/1507 1240/1172/1763
f 1264/1195/1797 1013/984/1475 1265/1196/1850
f 1188/1174/1766 1107/1076/1621 1296/1175/1767
f 1189/1146/1728 1268/1122/1695 1267/1223/1851
f 1072/1024/1546 1149/1104/1662 1212/1176/1852
f 1270/1224/1853 1110/1056/1597 1111/1057/1598
f 1300/1225/1854 1111/1057/1598 1193/1151/1733
f 1111/1057/1598 1073/1036/1570 1193/1151/1733
f 1193/1151/1855 1194/1152/1735 1245/1177/1770
f 1213/1178/1773 1026/936/1389 1170/1125/1700
f 1170/1125/1700 1086/1058/1599 1196/1126/1701
f 1214/1179/1774 1089/1060/1601 1215/1180/1775
f 1215/1180/1775 1131/1080/1629 1271/1198/1807
f 1272/1226/1856 1153/1127/1702 1273/1227/1857
f 1153/1127/1702 1112/1061/1602 1273/1227/1857
f 1273/1227/1857 1112/1061/1602 1246/1199/1808
f 1113/1228/1603 1154/1154/1703 1274/1229/1858
f 1154/1154/1703 1247/1156/1737 1275/1230/1859
f 1279/1231/1860 1219/1161/1740 1198/1162/1741
f 1157/1086/1635 1171/1131/1706 1249/1232/1861
f 1171/1131/1706 1091/1038/1575 1250/1182/1777
f 1117/1066/1607 1280/1203/1810 1134/1089/1636
f 1220/1183/1778 1119/1068/1609 1281/1233/1862
f 1119/1068/1609 1172/1132/1707 1281/1233/1862
f 1158/1111/1673 1176/1133/1708 1282/1205/1812
f 1283/1234/1863 1174/1207/1814 1485/1235/1864
f 1282/1205/1812 1176/1133/1708 1174/1207/1814
f 1302/1206/1813 1176/1133/1708 749/1134/1709
f 748/1236/1865 749/1134/1709 1284/1237/1866
f 1284/1237/1866 749/1134/1709 1222/1184/1779
f 1252/1208/1867 1253/1238/1868 1286/1239/1869
f 1252/1208/1867 1199/1186/1819 1253/1238/1868
f 1254/1210/1821 1200/1209/1820 1224/1211/1824
f 1287/1240/1870 1224/1211/1824 1225/1212/1826
f 1255/1213/1827 1201/1137/1828 1288/1241/1871
f 1201/1137/1872 1226/1187/1873 1288/1241/1874
f 1288/1241/1875 1226/1187/1875 1256/1214/1875
f 1231/1216/1832 1289/1164/1789 1341/1242/1876
f 1161/1092/1747 1232/1165/1877 1289/1164/1748
f 1310/1243/1878 1232/1165/1749 1139/1072/1613
f 1310/1243/1878 1139/1072/1613 1233/1138/1713
f 1233/1138/1713 1140/1139/1714 1311/1244/1879
f 1311/1244/1879 1140/1139/1714 1179/1140/1715
f 1141/1093/1641 1142/1094/1880 1257/1217/1833
f 1142/1094/1880 1234/1095/1751 1257/1217/1833
f 1312/1218/1834 1234/1095/1751 1180/1141/1835
f 1202/1166/1881 1258/1190/1882 1290/1245/1883
f 1181/1168/1754 1182/1142/1718 1291/1246/1884
f 1259/1192/1793 1204/1169/1838 1460/1247/1885
f 1236/1193/1842 1292/1248/1886 1261/1219/1841
f 1292/1248/1886 1236/1193/1842 1262/1220/1887
f 1262/1220/1843 1186/1118/1844 1293/1249/1888
f 1293/1249/1888 1186/1118/1844 1206/1170/1889
s 0
f 1206/1170/1890 1237/1221/1890 1315/1250/1890
s 1
f 1315/1250/1891 1237/1221/1892 1294/1222/1893
f 1208/1119/1691 1146/1075/1620 1238/1145/1727
f 1297/1251/1894 1210/1147/1895 1298/1252/1896
f 1210/1147/1897 1168/1102/1660 1243/1148/1804
f 1109/1025/1624 1150/1105/1664 1191/1150/1898
f 1244/1123/1698 1269/1253/1899 1191/1150/1732
f 1299/1254/1900 1244/1123/1698 1192/1106/1668
f 1246/1255/1808 1113/1228/1603 1217/1256/1901
f 1113/1228/1603 1274/1229/1858 1217/1256/1901
f 1154/1154/1703 1275/1230/1859 1274/1229/1858
f 1247/1156/1737 1276/1158/1738 1324/1257/1902
f 1277/1258/1903 1276/1158/1738 750/1159/1739
f 750/1159/1739 1156/1083/1632 1219/1161/1740
f 1198/1162/1741 1248/1130/1705 1326/1259/1904
f 1249/1232/1861 1248/1130/1705 1157/1086/1635
f 1249/1232/1861 1171/1131/1706 141/1260/1905
f 141/1260/1905 1171/1131/1706 1250/1182/1777
f 1301/1202/1809 1134/1089/1636 1280/1203/1810
f 1281/1233/1862 1172/1132/1707 1221/1204/1811
f 1172/1132/1707 1135/1070/1611 1221/1204/1811
f 1282/1205/1812 1174/1207/1814 1283/1234/1863
f 1305/1261/1906 748/1236/1865 1284/1237/1866
f 1284/1237/1907 1222/1184/1908 1285/1262/1909
f 1222/1184/1779 751/1110/1672 1223/1185/1780
f 1223/1185/1815 1252/1208/1817 1306/1263/1910
f 1306/1263/1910 1252/1208/1867 1339/1264/1911
f 1199/1186/1819 1254/1210/1821 1253/1238/1868
f 1254/1210/1821 1224/1211/1824 1287/1240/1870
f 1255/1213/1912 1288/1241/1913 1307/1265/1914
s 0
f 1228/1215/1915 1229/1188/1915 1308/1266/1915
s 1
f 1229/1188/1787 1230/1189/1788 1308/1266/1916
s 0
f 1308/1266/1917 1230/1189/1917 1231/1216/1917
s 1
f 1289/1164/1789 1232/1165/1918 1342/1267/1919
f 1342/1267/1920 1232/1165/1921 1309/1268/1922
f 1309/1268/1923 1232/1165/1924 1310/1243/1925
f 1180/1141/1835 1202/1166/1926 1312/1218/1834
f 1312/1218/1834 1202/1166/1926 1290/1245/1927
f 1344/1269/1928 1290/1245/1929 1181/1168/1930
s 0
f 1290/1245/1931 1258/1190/1931 1181/1168/1931
s 1
f 1313/1270/1932 1235/1191/1791 1259/1192/1793
f 1205/1143/1759 1261/1219/1933 1260/1271/1934
f 1262/1220/1887 1293/1249/1935 1292/1248/1886
f 1292/1248/1886 1293/1249/1935 1314/1272/1936
f 1293/1249/1888 1206/1170/1889 1346/1273/1937
f 1206/1170/1889 1315/1250/1938 1346/1273/1937
f 1207/1171/1848 1145/1099/1656 1208/1119/1691
f 1067/1004/1507 1264/1195/1797 1240/1172/1763
f 1209/1197/1801 1295/1274/1939 1265/1196/1800
f 1266/1173/1765 1106/1101/1659 1316/1275/1940
f 1316/1275/1940 1106/1101/1659 1188/1174/1766
f 1317/1276/1941 1189/1146/1728 1267/1223/1851
f 1210/1147/1729 1297/1251/1942 1268/1122/1695
f 1268/1122/1695 1297/1251/1942 1350/1277/1943
f 1298/1252/1944 1210/1147/1897 1243/1148/1804
f 1190/1149/1945 1109/1025/1946 1319/1278/1947
f 1109/1025/1624 1191/1150/1898 1319/1278/1948
f 1269/1253/1899 1244/1123/1698 1299/1254/1900
f 1151/1107/1669 1110/1056/1597 1270/1224/1853
f 1111/1057/1598 1300/1225/1854 1270/1224/1853
f 1170/1125/1700 1196/1126/1701 1321/1279/1949
f 1196/1126/1701 1214/1179/1774 1321/1279/1949
f 1321/1279/1949 1214/1179/1774 1525/1280/1950
f 1214/1179/1774 1215/1180/1775 1525/1280/1950
f 1216/1181/1776 1153/1127/1702 1323/1281/1951
f 1474/1282/1952 1246/1255/1808 1217/1256/1901
f 1276/1158/1738 1277/1258/1903 1278/1283/1953
f 750/1159/1739 1219/1161/1740 1277/1258/1903
f 1219/1161/1740 1279/1231/1860 1277/1258/1903
f 1198/1162/1741 1326/1259/1904 1325/1284/1954
f 1248/1130/1705 1249/1232/1861 1326/1259/1904
f 1220/1183/1778 1327/1285/1955 1280/1203/1810
f 1327/1285/1955 1220/1183/1778 1281/1233/1862
f 1283/1234/1863 1485/1235/1864 730/703/1009
f 688/656/1956 718/691/1957 1328/1286/1958
f 735/708/1017 672/649/925 736/709/1018
f 1535/1287/1959 736/709/1025 742/714/1026
f 738/711/1022 697/665/950 1331/1288/1960
f 1331/1288/1960 697/665/950 701/671/961
f 724/681/976 745/718/1030 741/712/1023
f 745/718/1961 704/674/964 746/719/1031
s 0
f 746/719/1962 732/682/1962 705/668/1962
s 1
f 749/1134/1709 748/1236/1865 1303/1289/1963
f 1335/1290/1964 1332/1291/1965 1333/1292/1966
f 1332/1291/1967 1335/1290/1968 1337/1293/1969
f 1336/1294/1970 1335/1290/1964 1334/1295/1971
f 1335/1290/1964 1333/1292/1966 1334/1295/1971
f 1335/1290/1968 1336/1294/1972 1337/1293/1969
f 1337/1293/1969 1336/1294/1972 1487/1296/1973
f 1454/1297/1974 1334/1295/1975 1333/1292/1976
f 1303/1289/1963 748/1236/1865 1304/1298/1977
f 1304/1298/1977 748/1236/1865 1305/1261/1906
f 1305/1261/1978 1284/1237/1907 1338/1299/1979
f 1285/1262/1980 1222/1184/1981 1306/1263/1910
f 1222/1184/1981 1223/1185/1815 1306/1263/1910
f 1339/1264/1911 1252/1208/1867 1286/1239/1982
s 0
f 1286/1239/1983 1253/1238/1983 1254/1210/1983
s 1
f 1225/1212/1984 1255/1213/1912 1307/1265/1914
f 1307/1265/1914 1288/1241/1913 1256/1214/1985
f 1340/1300/1986 1256/1214/1985 1308/1266/1987
f 1256/1214/1985 1227/1163/1988 1308/1266/1987
f 1227/1163/1988 1228/1215/1989 1308/1266/1990
f 1289/1164/1789 1342/1267/1919 1341/1242/1876
f 1343/1301/1991 1342/1267/1920 1309/1268/1922
f 1181/1168/1992 1291/1246/1993 1344/1269/1994
f 1182/1142/1718 1183/1115/1682 1345/1302/1995
f 1205/1143/1759 1260/1271/1934 1204/1169/1758
f 1260/1271/1934 1261/1219/1933 1461/1303/1996
f 1261/1219/1933 1292/1248/1997 1461/1303/1996
f 1293/1249/1935 1346/1273/1998 1314/1272/1936
f 1315/1250/1891 1294/1222/1893 1347/1304/1999
f 1347/1304/1999 1294/1222/1893 1348/1305/2000
f 1294/1222/1846 1207/1171/1848 1208/1119/1691
f 1209/1197/1802 1167/1121/1764 1349/1306/2001
f 1296/1175/1767 1189/1146/1728 1317/1276/1941
f 1243/1148/1768 1148/1103/1661 1318/1307/2002
f 1319/1278/1948 1191/1150/1898 1521/1308/2003
f 1191/1150/2004 1269/1253/2005 1521/1308/2006
f 1192/1106/1668 1151/1107/1669 1320/1309/2007
f 1300/1225/1854 1193/1151/1733 1469/1310/2008
f 1469/1310/2009 1193/1151/1855 1245/1177/1770
f 1245/1177/1806 1195/1153/1736 1352/1311/2010
f 1322/1312/2011 1216/1181/1776 1323/1281/1951
f 232/150/2012 221/84/138 226/143/267
f 1472/153/294 215/83/136 1353/147/2013
f 231/154/2014 1273/1313/1857 1353/147/2015
f 1275/1230/1859 1247/1156/1737 1531/1314/2016
f 1276/1158/1738 1278/1283/1953 1324/1257/1902
f 1198/1162/1741 1325/1284/1954 1354/1315/2017
f 1475/1316/2018 1249/1232/1861 141/1260/1905
f 1355/1317/2019 1280/1203/1810 1327/1285/1955
f 730/703/1009 733/705/1014 1283/1234/1863
f 734/707/2020 725/690/2021 1356/1318/2022
f 1356/1318/2022 725/690/2021 1328/1286/1958
f 725/690/2021 688/656/1956 1328/1286/1958
f 1329/1319/2023 726/698/999 1330/692/989
f 712/680/975 713/666/951 1357/1320/2024
f 713/666/951 665/633/909 743/715/1028
f 1358/1321/2025 743/715/1028 721/694/992
f 1360/1322/2026 675/624/899 698/672/962
f 692/652/930 703/642/918 1482/1323/2027
f 703/642/918 684/643/919 1482/1323/2027
f 684/643/919 740/704/1012 1482/1323/2027
f 723/661/940 685/653/931 740/704/1012
s 0
f 745/718/2028 746/719/2028 1484/1324/2028
s 1
f 1484/1325/2029 746/1326/2030 1361/1327/2031
f 746/1326/2030 705/702/2032 1361/1327/2031
f 705/702/1007 729/701/1006 1361/1327/2031
f 729/701/1006 715/687/1013 730/703/2033
f 1302/1206/1813 749/1134/1709 1251/1328/2034
f 749/1134/1709 1303/1289/1963 1251/1328/2034
f 1303/1289/1963 1332/1291/1967 1337/1293/1969
f 1487/1296/1973 1336/1294/1972 1364/1329/2035
f 1370/1330/2036 1367/1331/2037 1366/1332/2038
f 1372/1333/2039 1374/1334/2040 1373/1335/2041
f 1374/1334/2040 1372/1333/2039 1371/1336/2042
f 1437/1337/2043 1375/1338/2044 1374/1334/2040
f 1380/1339/2045 1386/1340/2046 1384/1341/2047
f 1386/1340/2046 1381/1342/2048 1384/1341/2047
f 1384/1341/2047 1381/1342/2048 1385/1343/2049
f 1380/1344/2050 1383/1345/2051 1382/1346/2052
f 1382/1346/2052 1383/1345/2051 1407/1347/2053
f 1388/1348/2054 1389/1349/2055 1390/1350/2056
f 1389/1349/2055 1388/1348/2054 1394/1351/2057
f 1396/1352/2058 1395/1353/2059 1391/1354/2060
f 1395/1353/2059 1389/1349/2055 1391/1354/2060
f 1398/1355/2061 1391/1354/2062 1392/1356/2063
f 1392/1356/2064 1391/1354/2065 1389/1349/2066
f 1394/1351/2057 1388/1348/2054 1400/1357/2067
f 1388/1348/2054 1401/1358/2068 1414/1359/2069
f 1401/1358/2068 1388/1348/2054 1387/1360/2070
f 1387/1360/2070 1388/1348/2054 1390/1350/2056
f 1390/1350/2056 1389/1349/2055 1395/1353/2059
f 1399/1361/2071 1394/1351/2072 1408/1362/2073
f 1402/1363/2074 1403/1364/2075 1409/1365/2076
f 1390/1350/2056 1405/1366/2077 1387/1360/2070
f 1395/1353/2059 1396/1352/2058 1406/1367/2078
f 1406/1367/2079 1396/1352/2080 1407/1347/2081
f 1407/1347/2053 1396/1352/2082 1410/1368/2083
f 1396/1352/2082 1411/1369/2084 1410/1368/2083
f 1396/1352/2082 1391/1354/2085 1411/1369/2084
f 1411/1369/2084 1391/1354/2085 1412/1370/2086
f 1412/1370/2087 1391/1354/2062 1398/1355/2061
f 1392/1356/2064 1389/1349/2066 1399/1361/2088
f 1389/1349/2066 1394/1351/2089 1399/1361/2088
f 1394/1351/2090 1400/1357/2067 1419/1371/2091
f 1400/1357/2067 1388/1348/2054 1414/1359/2069
f 1414/1359/2069 1401/1358/2068 1415/1372/2092
f 1402/1363/2074 1387/1360/2070 1365/1373/2093
f 1406/1367/2079 1407/1347/2081 1383/1345/2094
f 1416/1374/2095 1381/1342/2048 1386/1340/2046
f 1386/1340/2046 1380/1339/2045 1382/1375/2096
f 1410/1368/2083 1411/1369/2084 1412/1370/2086
f 1412/1370/2097 1398/1355/2098 1413/1376/2099
f 1413/1376/2099 1398/1355/2098 1417/1377/2100
f 1398/1355/2098 1392/1356/2101 1417/1377/2100
f 1417/1377/2100 1392/1356/2101 1425/1378/2102
f 1425/1378/2102 1392/1356/2101 1399/1361/2103
f 1399/1361/2103 1408/1362/2104 1425/1378/2102
f 1425/1378/2102 1408/1362/2104 1418/1379/2105
f 1401/1358/2068 1387/1360/2070 1402/1363/2074
f 1379/1380/2106 1403/1364/2075 1378/1381/2107
f 1402/1363/2074 1365/1373/2093 1403/1364/2075
f 1365/1373/2093 1387/1360/2070 1405/1366/2077
f 1390/1350/2056 1395/1353/2059 1406/1367/2108
f 1421/1382/2109 1380/1339/2110 1384/1341/2111
f 1385/1343/2049 1381/1342/2048 1430/1383/2112
f 1416/1374/2095 1386/1340/2046 1424/1384/2113
f 1407/1347/2053 1410/1368/2083 1382/1346/2052
f 1394/1351/2072 1419/1371/2114 1408/1362/2073
f 1377/1385/2115 1376/1386/2116 1375/1338/2117
f 1427/1387/2118 1375/1338/2044 1437/1337/2043
f 1371/1336/2042 1372/1333/2039 1501/1388/2119
f 1403/1364/2075 1379/1380/2106 1409/1365/2076
f 1428/1389/2120 1379/1380/2106 1429/1390/2121
f 1379/1380/2106 1378/1381/2107 1429/1390/2121
f 1390/1350/2056 1406/1367/2108 1405/1366/2077
f 1406/1367/2079 1383/1345/2094 1420/1391/2122
f 1383/1345/2051 1380/1344/2050 1420/1391/2123
s 0
f 1420/1392/2124 1380/1339/2124 1421/1382/2124
s 1
f 1381/1342/2048 1422/1393/2125 1430/1383/2112
f 1422/1393/2125 1381/1342/2048 1431/1394/2126
f 1381/1342/2048 1416/1374/2095 1432/1395/2127
f 1386/1340/2046 1382/1375/2096 1433/1396/2128
f 1382/1375/2096 1410/1397/2129 1433/1396/2128
f 1410/1397/2129 1412/1398/2130 1434/1399/2131
f 1412/1398/2130 1413/1400/2132 1434/1399/2131
f 1413/1400/2132 1417/1401/2133 1443/1402/2134
f 1400/1357/2067 1414/1359/2069 1446/1403/2135
f 1376/1386/2116 1377/1385/2115 1446/1403/2135
f 1446/1403/2136 1377/1385/2137 1436/1404/2138
f 1374/1334/2040 1371/1336/2042 1437/1337/2043
f 1371/1336/2139 1501/1388/2140 1500/1405/2141
f 1501/1388/2119 1372/1333/2039 1363/1406/2142
f 1375/1338/2117 1376/1386/2116 1374/1334/2040
f 1376/1386/2116 1414/1359/2069 1415/1372/2092
f 1404/1407/2143 1402/1363/2074 1409/1365/2076
f 1379/1380/2106 1428/1389/2120 1370/1330/2036
f 1366/1332/2038 1369/1408/2144 1440/1409/2145
f 1369/1408/2144 1366/1332/2038 1367/1331/2037
f 1367/1331/2037 1370/1330/2036 1428/1389/2120
s 0
f 1420/1392/2146 1421/1382/2146 1492/1410/2146
s 1
f 1421/1382/2109 1384/1341/2111 1492/1410/2147
s 0
f 1384/1341/2148 1493/1411/2148 1492/1410/2148
s 1
f 1431/1394/2126 1381/1342/2048 1432/1395/2127
f 1432/1395/2127 1416/1374/2095 139/1412/2149
f 1434/1399/2131 1413/1400/2132 1443/1402/2134
f 1417/1401/2133 1425/1413/2150 1444/1414/2151
f 1425/1413/2150 1418/1415/2152 1444/1414/2151
s 0
f 1408/1362/2153 1435/1416/2153 1418/1379/2153
f 1435/1416/2154 1408/1362/2154 1497/1417/2154
s 1
f 1408/1362/2155 1419/1371/2156 1497/1417/2157
f 1400/1357/2067 1446/1403/2135 1419/1371/2091
f 1414/1359/2069 1376/1386/2116 1446/1403/2135
f 1377/1385/2137 1375/1338/2044 1427/1387/2118
f 1448/1418/2158 1437/1337/2159 1449/1419/2160
f 1449/1419/2160 1437/1337/2159 1498/1420/2161
f 1450/1421/2162 1437/1337/2159 1500/1405/2163
f 1437/1337/2164 1371/1336/2139 1500/1405/2141
f 1501/1388/2119 1363/1406/2142 1364/1422/2165
f 1451/1423/2166 1364/1422/2167 1336/1424/2168
f 1336/1294/2169 1334/1295/1975 1453/1425/2170
f 1454/1297/2171 1333/1292/1966 1455/1426/2172
f 1455/1426/2172 1333/1292/1966 1502/1427/2173
f 1332/1291/1967 1303/1289/1963 1304/1298/1977
f 1338/1299/1979 1284/1237/1907 1285/1262/1909
f 1457/1428/2174 1306/1263/1910 1339/1264/1911
f 1287/1240/2175 1225/1212/1984 1307/1265/1914
f 1308/1266/1987 1231/1216/2176 1341/1242/2177
f 1343/1301/1991 1309/1268/2178 1510/1429/2179
f 1310/1243/1878 1233/1138/1713 1511/1430/2180
f 1511/1430/2180 1233/1138/1713 1311/1244/1879
f 1141/1093/1641 1257/1217/1833 1179/1140/1715
f 1291/1246/1884 1182/1142/1718 1345/1302/1995
f 1460/1247/2181 1204/1169/2182 1260/1271/2183
f 1292/1248/1997 1314/1272/2184 1461/1303/1996
f 1461/1303/1996 1314/1272/2184 1550/1431/2185
f 1314/1272/2186 1346/1273/2187 1462/1432/2188
s 0
f 1315/1250/2189 1347/1304/2189 1463/1433/2189
s 1
f 2325/1434/2190 1264/1195/1797 1516/1435/2191
f 1264/1195/1797 1265/1196/1850 1516/1435/2191
f 1167/1121/1764 1266/1173/1765 1349/1306/2001
f 1296/1175/1767 1465/1436/2192 1188/1174/1766
f 1296/1175/1767 1317/1276/1941 1518/1437/2193
f 1267/1223/1851 1268/1122/1695 1519/1438/2194
f 1268/1122/1695 1350/1277/1943 1519/1438/2194
f 1297/1251/1894 1298/1252/1896 1350/1277/2195
f 1298/1252/1944 1243/1148/1804 1318/1307/2196
f 1149/1104/1663 1190/1149/1731 1467/1439/2197
f 1468/1440/2198 1299/1254/1900 1192/1106/1668
f 1468/1440/2198 1192/1106/1668 1320/1309/2007
f 1320/1309/2007 1151/1107/1669 1270/1224/1853
f 1352/1311/2199 1195/1153/1771 1672/1441/2200
f 1195/1153/1771 1213/1178/1773 1672/1441/2200
f 1525/1280/1950 1215/1180/1775 1271/1198/1807
f 1470/1442/2201 1271/1198/1807 1216/1181/1776
f 1216/1181/1776 1322/1312/2011 1470/1442/2201
f 1323/1281/1951 1153/1127/1702 1272/1226/1856
s 0
f 231/154/2202 228/144/2202 232/150/2202
f 232/150/2203 226/143/2203 1528/1443/2203
s 1
f 229/148/285 224/1444/263 1471/1445/2204
f 224/142/264 230/146/289 1603/1446/2205
f 233/151/292 220/140/293 1564/1447/2206
f 1564/1448/2207 220/1449/257 1472/153/2208
f 220/1449/257 214/152/256 1472/153/2208
f 1353/1450/2015 1273/1227/1857 1246/1199/1808
f 1274/1229/1858 1275/1230/1859 1605/1451/2209
f 1532/1452/2210 1324/1257/1902 1278/1283/1953
f 1277/1258/1903 1279/1231/1860 1278/1283/1953
f 1198/1162/1741 1354/1315/2017 1279/1231/1860
f 1301/1202/1809 1280/1203/1810 1355/1317/2019
f 1328/1286/1958 718/691/1957 1477/1453/2211
f 1477/1453/2211 718/691/1957 1478/1454/2212
f 718/691/1957 726/698/999 1478/1454/2212
f 1535/1287/1959 742/714/1026 1479/1455/2213
f 1479/1455/2214 742/714/2215 1480/1456/2216
f 742/714/2215 737/710/1027 1480/1456/2216
f 737/710/1027 738/711/1020 1480/1456/2216
f 1480/1456/2217 738/711/1022 1331/1288/1960
f 701/671/961 712/680/975 1357/1320/2024
f 1359/1457/2218 683/651/929 722/695/993
f 722/716/993 675/624/899 1360/1322/2026
f 1483/1458/2219 745/718/2220 1484/1324/2221
f 729/701/1006 730/703/1009 1485/1235/1864
f 1174/1207/1814 1302/1206/1813 1251/1328/2034
f 1376/1386/2116 1415/1372/2092 1488/1459/2222
f 1488/1459/2222 1415/1372/2092 1574/1460/2223
f 1574/1460/2223 1415/1372/2092 1489/1461/2224
f 1415/1372/2092 1401/1358/2068 1489/1461/2224
f 1489/1461/2224 1401/1358/2068 1402/1363/2074
f 1438/1462/2225 1409/1365/2076 1379/1380/2106
f 1370/1330/2036 1366/1332/2038 1439/1463/2226
f 1365/1373/2093 1405/1366/2077 1491/1464/2227
f 1384/1341/2228 1385/1343/2229 1493/1411/2230
f 1493/1411/2230 1385/1343/2229 1430/1383/2231
f 1495/1465/2232 1431/1394/2126 1432/1395/2127
f 139/1412/2149 1416/1374/2095 1496/1466/2233
f 1496/1466/2233 1416/1374/2095 1424/1384/2113
f 1386/1340/2046 1433/1396/2128 1424/1384/2113
f 1410/1397/2129 1434/1399/2131 1433/1396/2128
f 1417/1401/2133 1444/1414/2151 1443/1402/2134
f 1444/1414/2151 1418/1415/2152 1540/1467/2234
f 1419/1371/2156 1446/1403/2235 1445/1468/2236
f 1447/1469/2237 1436/1404/2238 1542/1470/2239
f 1436/1404/2138 1377/1385/2137 1427/1387/2118
f 1427/1387/2240 1437/1337/2159 1448/1418/2158
f 1437/1337/2159 1450/1421/2162 1498/1420/2161
f 1498/1471/2241 1450/1472/2242 1499/1473/2243
f 1364/1422/2167 1451/1423/2166 1501/1388/2244
f 1451/1423/2245 1336/1424/2169 1586/1474/2246
f 1453/1425/2170 1334/1295/1975 1454/1297/1974
f 1502/1427/2173 1333/1292/1966 1588/1475/2247
f 1333/1292/1966 1332/1291/1965 1304/1298/2248
f 1304/1298/2248 1305/1261/2249 1503/1476/2250
f 1504/1477/2251 1456/1478/2252 1505/1479/2253
f 1456/1478/2254 1338/1299/2255 1505/1479/2256
f 1338/1299/2255 1285/1262/1980 1505/1479/2256
f 1505/1479/2256 1285/1262/1980 1506/1480/2257
f 1285/1262/1980 1306/1263/1910 1506/1480/2257
f 1506/1480/2257 1306/1263/1910 1457/1428/2174
f 1507/1481/2258 1254/1210/2259 1287/1240/2175
f 1307/1265/1914 1256/1214/1985 1340/1300/1986
f 138/1482/2260 1508/1483/2261 1340/1300/1986
f 1341/1242/2177 1342/1267/2262 1343/1301/2263
f 1310/1243/1925 1458/1484/2264 1309/1268/1923
f 1511/1430/2180 1311/1244/1879 1512/1485/2265
f 1512/1485/2265 1311/1244/1879 1513/1486/2266
f 1179/1140/1715 1257/1217/1833 1311/1244/1879
f 1257/1217/1833 1312/1218/1834 1547/1487/2267
f 1290/1245/1929 1344/1269/1928 1459/1488/2268
f 1344/1269/1994 1291/1246/1993 1345/1302/2269
f 1549/1489/2270 1461/1303/1996 1550/1431/2271
f 1314/1272/2184 1462/1432/2272 1550/1431/2185
f 1462/1432/2188 1346/1273/2187 1514/1490/2273
f 1346/1273/1937 1315/1250/1938 1514/1490/2274
f 1315/1250/1938 1463/1433/2275 1514/1490/2274
f 1553/1491/2276 1463/1433/2277 1347/1304/2278
f 1294/1222/1846 1208/1119/1691 1238/1145/1727
f 1464/1492/2279 1238/1145/1727 1239/1194/1849
f 1265/1196/1800 1295/1274/1939 1516/1435/2280
s 0
f 1295/1274/2281 1209/1197/2281 1517/1493/2281
s 1
f 1316/1275/1940 1188/1174/1766 1465/1436/2192
f 1317/1276/1941 1267/1223/1851 1519/1438/2194
s 0
f 1466/1494/2282 1350/1277/2282 1520/1495/2282
s 1
f 1467/1439/2283 1190/1149/1945 1319/1278/1947
f 1269/1253/2284 1299/1254/2285 1521/1308/2286
f 1270/1224/1853 1300/1225/1854 1522/1496/2287
f 1469/1310/2009 1245/1177/1770 1523/1497/2288
f 1523/1497/2289 1245/1177/1806 1352/1311/2010
f 1672/1441/2200 1213/1178/1773 1559/1498/2290
f 1524/1499/2291 1321/1279/1949 1525/1280/1950
f 1525/1280/1950 1271/1198/1807 1526/1500/2292
f 1272/1501/1856 1273/1313/1857 232/150/2293
f 1273/1313/1857 231/154/2014 232/150/2293
f 226/143/274 223/136/273 1528/1443/2294
f 223/136/273 229/148/283 1528/1443/2294
f 1528/1443/2295 229/148/2296 1529/1502/2297
f 1246/1255/1808 1474/1282/1952 1473/1503/2298
f 1474/1282/1952 1217/1256/1901 1274/1229/1858
f 1605/1451/2209 1275/1230/1859 1531/1314/2016
f 1278/1283/1953 1279/1231/1860 1354/1315/2017
f 1249/1232/1861 1475/1316/2018 1326/1259/1904
f 1326/1259/1904 1475/1316/2018 136/1504/2299
f 1567/1505/2300 1281/1233/1862 1221/1204/1811
f 1478/1454/2212 726/698/999 1329/1319/2023
f 1480/1456/2217 1331/1288/1960 1614/1506/2301
f 721/694/992 1359/1457/2218 1358/1321/2025
f 721/694/992 683/651/929 1359/1457/2218
f 1360/1322/2026 698/672/962 702/673/963
f 740/704/1012 685/653/931 1570/1507/2302
f 741/712/1023 745/718/1030 1536/1508/2303
f 1303/1289/1963 1337/1293/1969 1486/1509/2304
f 1374/1334/2040 1376/1386/2116 1488/1459/2222
f 1369/1408/2144 1367/1331/2037 1537/1510/2305
f 1367/1331/2037 1428/1389/2120 1537/1510/2305
f 1428/1389/2120 1429/1390/2121 1537/1510/2305
f 140/1511/2306 1537/1510/2305 1618/1512/2307
f 1537/1510/2305 1429/1390/2121 1618/1512/2307
f 1429/1390/2121 1378/1381/2107 1441/1513/2308
f 1378/1381/2107 1403/1364/2075 1365/1373/2093
f 1405/1366/2077 1406/1367/2108 1577/1514/2309
f 1406/1367/2108 1420/1391/2310 1577/1514/2309
f 1493/1411/2230 1430/1383/2231 1538/1515/2311
f 1538/1515/2311 1430/1383/2231 1422/1393/2312
f 1422/1393/2125 1431/1394/2126 1494/1516/2313
f 1494/1516/2314 1431/1394/2126 1539/1517/2315
f 1431/1394/2126 1495/1465/2232 1539/1517/2315
f 1418/1415/2152 1435/1518/2316 1540/1467/2234
f 1419/1371/2156 1445/1468/2236 1497/1417/2157
f 1446/1403/2235 1436/1404/2238 1447/1469/2237
f 1542/1470/2239 1436/1404/2238 1582/1519/2317
f 1436/1404/2238 1427/1387/2240 1582/1519/2317
f 1582/1519/2317 1427/1387/2240 1448/1418/2158
f 1585/1520/2318 1499/1473/2243 1450/1472/2242
f 1586/1521/2246 1336/1294/2169 1453/1425/2170
f 1455/1426/2319 1502/1427/2320 1659/1522/2321
f 1333/1292/1966 1304/1298/2248 1588/1475/2247
s 0
f 1503/1476/2322 1305/1261/2322 1544/1523/2322
s 1
f 1544/1523/2323 1305/1261/2324 1456/1478/2325
f 1305/1261/2324 1338/1299/2255 1456/1478/2254
f 1286/1239/2326 1254/1210/2259 1507/1481/2258
f 1508/1483/2261 1507/1481/2258 1287/1240/2175
f 1307/1265/1914 1340/1300/1986 1508/1483/2261
f 1309/1268/2178 1458/1484/2327 1510/1429/2179
f 1310/1243/1925 1511/1430/2328 1458/1484/2264
f 1312/1218/1834 1290/1245/1929 1547/1487/2267
f 1344/1269/1994 1345/1302/2269 1591/1524/2329
f 1345/1302/1995 1183/1115/1682 1548/1525/2330
f 1183/1115/1682 1235/1191/1791 1548/1525/2330
f 1460/1247/2181 1260/1271/2183 1631/1526/2331
f 1260/1271/1934 1461/1303/1996 1549/1489/2270
f 1514/1490/2332 1463/1433/2333 1551/1527/2334
f 1551/1527/2335 1463/1433/2336 1552/1528/2337
f 1463/1433/2336 1553/1491/2276 1552/1528/2337
f 1517/1493/2338 1209/1197/2339 1349/1306/2001
f 1266/1173/1765 1316/1275/1940 1349/1306/2001
f 1518/1437/2193 1317/1276/1941 1595/1529/2340
f 1317/1276/1941 1519/1438/2194 1669/1530/2341
f 1350/1277/1943 1466/1494/2342 1519/1438/2194
s 0
f 1520/1495/2343 1350/1277/2343 1554/1531/2343
s 1
f 1555/1532/2344 1554/1531/2345 1298/1252/2346
f 1554/1531/2345 1350/1277/2347 1298/1252/2346
f 1468/1440/2348 1320/1309/2349 1556/1533/2350
s 0
f 1557/1534/2351 1320/1309/2351 1598/1535/2351
s 1
f 1320/1309/2007 1270/1224/1853 1598/1535/2352
f 1598/1535/2352 1270/1224/1853 1558/1536/2353
f 1558/1536/2353 1270/1224/1853 1599/1537/2354
f 1270/1224/1853 1522/1496/2287 1599/1537/2354
f 1522/1496/2287 1300/1225/1854 1469/1310/2008
f 1559/1498/2290 1213/1178/1773 1524/1499/2291
f 1213/1178/1773 1170/1125/1700 1524/1499/2291
f 1170/1125/1700 1321/1279/1949 1524/1499/2291
f 1524/1499/2291 1525/1280/1950 1560/1538/2355
f 1525/1280/1950 1526/1500/2292 1560/1538/2355
f 1526/1500/2292 1271/1198/1807 1470/1442/2201
f 1322/1312/2011 1323/1281/1951 1601/1539/2356
f 1529/1502/2357 229/148/285 1471/1445/2204
f 1471/1445/2358 224/1444/264 1603/1540/2205
s 0
f 230/146/2359 233/151/2359 1603/1446/2359
s 1
f 233/151/292 1564/1447/2206 1530/1541/2360
f 1474/1282/1952 1274/1229/1858 1565/1542/2361
f 1531/1314/2016 1247/1156/1737 1324/1257/1902
f 1325/1284/1954 1326/1259/1904 136/1504/2299
f 1608/1543/2362 136/1504/2299 1476/1544/2363
f 136/1504/2299 1475/1316/2018 1476/1544/2363
f 1250/1201/1777 1301/1202/1809 1355/1317/2019
f 1327/1285/1955 1281/1233/1862 1567/1505/2300
f 1282/1205/1812 1283/1234/1863 1567/1505/2300
f 1283/1234/1863 733/705/1014 1611/1545/2364
s 0
f 733/713/2365 734/707/2365 1356/1318/2365
s 1
f 1357/1320/2024 713/666/951 1569/1546/2366
f 685/653/931 741/712/1023 1570/1507/2302
f 741/712/1023 1536/1508/2303 1570/1507/2302
f 745/718/2220 1483/1458/2219 1536/1508/2367
f 1483/1458/2219 1484/1324/2368 1536/1508/2367
f 1485/1235/1864 1174/1207/1814 1486/1509/2304
f 1174/1207/1814 1251/1328/2034 1486/1509/2304
f 1251/1328/2034 1303/1289/1963 1486/1509/2304
f 1337/1293/1969 1487/1296/1973 1486/1509/2304
f 1571/1547/2369 1372/1333/2039 1373/1335/2041
f 1373/1335/2041 1374/1334/2040 1488/1459/2222
f 1572/1548/2370 1488/1459/2222 1574/1460/2223
f 1402/1363/2074 1404/1407/2143 1489/1461/2224
f 1404/1407/2143 1409/1365/2076 1438/1462/2225
f 1490/1549/2371 1366/1332/2038 1440/1409/2145
f 1378/1381/2107 1365/1373/2093 1491/1464/2227
f 1491/1464/2227 1405/1366/2077 1577/1514/2309
f 1420/1392/2310 1492/1410/2372 1578/1550/2373
f 1578/1550/2373 1492/1410/2372 1493/1411/2374
f 1538/1515/2311 1422/1393/2312 1494/1516/2375
f 1424/1384/2113 1433/1396/2128 1434/1399/2131
f 1657/1551/2376 1443/1402/2134 1444/1414/2151
f 1435/1518/2316 1497/1552/2377 1540/1467/2234
f 1497/1552/2378 1445/1553/2379 1623/1554/2380
f 1541/1555/2381 1445/1468/2236 1446/1403/2235
f 1447/1469/2382 1542/1470/2383 1581/1556/2384
f 1581/1557/2385 1542/1558/2386 1582/1559/2387
f 1448/1418/2158 1449/1419/2388 1582/1519/2317
f 1582/1559/2387 1449/1560/2389 1583/1561/2390
f 1449/1560/2389 1498/1471/2391 1584/1562/2392
f 1498/1471/2391 1499/1473/2393 1584/1562/2392
f 1450/1421/2162 1500/1405/2163 1451/1423/2245
f 1500/1405/2163 1501/1388/2394 1451/1423/2245
s 0
f 1543/1563/2395 1586/1521/2395 1453/1425/2395
s 1
f 1453/1425/2396 1454/1297/2397 1587/1564/2398
f 1455/1426/2319 1659/1522/2321 1454/1297/2397
f 1454/1297/2397 1659/1522/2321 1587/1564/2398
f 1588/1475/2247 1304/1298/2248 1503/1476/2250
f 1544/1523/2399 1456/1478/2252 1504/1477/2251
f 1505/1479/2253 1506/1480/2400 1626/1565/2401
f 1287/1240/2175 1307/1265/1914 1508/1483/2261
f 2231/1566/2402 138/1482/2260 1545/1567/2403
f 2235/1568/2404 138/1482/2260 1340/1300/1986
f 1308/1266/1987 1509/1569/2405 1340/1300/1986
f 1308/1266/1987 1341/1242/2177 1509/1569/2405
f 1509/1569/2405 1341/1242/2177 1343/1301/2263
f 1510/1429/2179 1458/1484/2327 1589/1570/2406
f 1458/1484/2264 1511/1430/2328 1590/1571/2407
f 1511/1430/2328 1663/1572/2408 1590/1571/2407
f 1663/1572/2409 1511/1430/2180 1512/1485/2265
f 1546/1573/2410 1257/1217/1833 1547/1487/2267
f 1344/1269/1928 1591/1524/2411 1459/1488/2268
f 1313/1270/1932 1259/1192/1793 1592/1574/2412
f 1259/1192/1793 1460/1247/2413 1592/1574/2412
f 1592/1574/2412 1460/1247/2413 1630/1575/2414
f 1462/1432/2272 1514/1490/2415 1550/1431/2185
f 1294/1222/1846 1238/1145/1727 1593/1576/2416
f 1593/1576/2416 1238/1145/1727 1464/1492/2279
f 1594/1577/2417 1464/1492/2418 1239/1194/1796
f 1239/1194/1796 1240/1172/1763 1594/1577/2417
f 1516/1435/2280 1295/1274/1939 1517/1493/2419
f 1633/1578/2420 1316/1275/1940 1465/1436/2192
f 1633/1578/2420 1465/1436/2192 1634/1579/2421
f 1465/1436/2192 1296/1175/1767 1518/1437/2193
f 1595/1529/2340 1317/1276/1941 1669/1530/2341
f 1635/1580/2422 1466/1494/2342 1596/1581/2423
f 1596/1581/2424 1466/1494/2425 1554/1531/2426
s 0
f 1466/1494/2427 1520/1495/2427 1554/1531/2427
s 1
f 1555/1532/2344 1298/1252/2346 1318/1307/2428
f 1318/1307/2429 1148/1103/1661 1212/1176/1769
s 0
f 1521/1308/2430 1299/1254/2430 1556/1533/2430
s 1
f 1299/1254/2431 1468/1440/2348 1556/1533/2350
f 1556/1533/2432 1320/1309/2433 1597/1582/2434
f 1522/1496/2435 1469/1310/2009 1523/1497/2288
f 1561/1583/2436 1322/1312/2011 1562/1584/2437
f 1562/1584/2437 1322/1312/2011 1601/1539/2356
s 0
f 1603/1446/2438 233/151/2438 1530/1541/2438
s 1
f 1246/1255/1808 1473/1503/2298 1353/1585/2015
f 1604/1586/2439 1274/1229/1858 1605/1451/2209
f 1532/1452/2210 1278/1283/1953 1566/1587/2440
f 1278/1283/1953 1354/1315/2017 1566/1587/2440
f 1639/1588/2441 1354/1315/2017 1606/1589/2442
f 1606/1589/2442 1354/1315/2017 1325/1284/1954
f 1475/1316/2018 141/1260/1905 1609/1590/2443
f 1609/1590/2443 141/1260/1905 1610/1591/2444
f 141/1260/1905 1250/1182/1777 1610/1591/2444
f 1355/1317/2019 1327/1285/1955 1567/1505/2300
f 1221/1204/1811 1282/1205/1812 1567/1505/2300
f 733/705/1014 1356/1592/2022 1611/1545/2364
f 1356/1593/2022 1328/1594/1958 1612/1595/2445
f 1328/1594/1958 1477/1596/2211 1612/1595/2445
f 1679/1597/2446 1330/692/989 735/708/1017
f 735/708/1017 736/709/1018 1568/1598/2447
f 1568/1598/2448 736/709/1025 1535/1287/1959
f 1613/1599/2449 1480/1456/2217 1614/1506/2301
f 1331/1288/1960 701/671/961 1615/1600/2450
f 701/671/961 1357/1320/2024 1615/1600/2450
f 713/666/951 743/715/1028 1569/1546/2366
f 743/715/1028 1358/1321/2025 1569/1546/2366
f 1646/1601/2451 744/717/1029 692/652/930
f 1570/1507/2302 1684/1602/2452 740/704/1012
f 1570/1603/2453 1536/1604/2454 1616/1605/2455
f 1363/1406/2142 1372/1333/2039 1571/1547/2369
f 1574/1460/2223 1688/1606/2456 1572/1548/2370
f 1575/1607/2457 1489/1461/2224 1404/1407/2143
f 1438/1462/2225 1379/1380/2106 1370/1330/2036
f 1370/1330/2036 1439/1463/2226 1438/1462/2225
f 1439/1463/2226 1366/1332/2038 1490/1549/2371
f 1440/1409/2145 1369/1408/2144 1617/1608/2458
f 1651/1609/2459 1537/1510/2305 140/1511/2306
f 1618/1512/2307 1429/1390/2121 1441/1513/2308
f 1441/1513/2308 1378/1381/2107 1576/1610/2460
f 1577/1611/2309 1420/1392/2310 1578/1550/2373
f 1493/1411/2461 1538/1515/2462 2224/1612/2463
f 1538/1515/2311 1494/1516/2375 1652/1613/2464
s 0
f 1494/1516/2465 1539/1517/2465 1579/1614/2465
s 1
f 1539/1517/2315 1495/1465/2232 1579/1614/2466
f 1619/1615/2467 1579/1614/2466 1495/1465/2232
f 1495/1465/2232 135/1616/2468 1619/1615/2467
f 1655/1617/2469 1654/1618/2470 135/1616/2468
f 1496/1466/2233 1580/1619/2471 1622/1620/2472
f 1580/1619/2471 1496/1466/2233 1424/1384/2113
f 1540/1467/2234 1497/1552/2378 1623/1554/2380
f 1445/1553/2473 1541/1621/2474 1623/1554/2380
f 1446/1403/2235 1447/1469/2237 1541/1555/2381
f 1541/1555/2475 1447/1469/2382 1581/1556/2384
f 1584/1562/2392 1499/1473/2393 1585/1520/2476
f 1450/1421/2162 1451/1423/2245 1586/1474/2246
f 1543/1563/2477 1453/1425/2396 1587/1564/2398
f 1659/1522/2321 1502/1427/2320 1624/1622/2478
f 1502/1427/2320 1588/1475/2479 1624/1622/2478
f 1544/1523/2399 1504/1477/2251 1625/1623/2480
f 1504/1477/2251 1505/1479/2253 1626/1565/2401
f 1506/1480/2400 1457/1428/2481 1626/1565/2401
f 1339/1264/2482 1286/1239/2326 1507/1481/2258
f 138/1482/2260 2235/1568/2404 1545/1567/2403
f 1589/1570/2406 1458/1484/2327 1590/1571/2483
f 1311/1244/1879 1257/1217/1833 1546/1573/2410
f 1547/1487/2267 1290/1245/1929 1459/1488/2268
f 1459/1488/2268 1591/1524/2411 1629/1624/2484
f 1591/1524/2329 1345/1302/2269 1629/1624/2485
f 1260/1271/2486 1549/1489/2487 1631/1526/2488
f 1631/1526/2488 1549/1489/2487 2239/1625/2489
f 1549/1489/2490 1550/1431/2491 1666/1626/2492
f 1550/1431/2185 1514/1490/2415 1667/1627/2493
f 1552/1528/2494 1553/1491/2495 2322/1628/2496
f 1347/1304/2497 1348/1305/2498 1632/1629/2499
f 1240/1172/1763 1264/1195/1797 1594/1577/2500
f 1264/1195/1797 2325/1434/2501 1594/1577/2500
f 1465/1436/2192 1518/1437/2193 2243/1630/2502
f 2243/1630/2502 1518/1437/2193 1595/1529/2340
f 1635/1580/2422 1596/1581/2503 1636/1631/2504
f 1212/1176/1852 1149/1104/1662 2246/1632/2505
f 1319/1278/1947 1637/1633/2506 1467/1439/2283
f 1467/1439/2507 1637/1633/2506 2247/1634/2508
f 1319/1278/1948 1521/1308/2003 1637/1633/2509
f 1637/1633/2509 1521/1308/2003 1556/1533/2510
f 1526/1500/2292 1470/1442/2201 1561/1583/2436
f 1470/1442/2201 1322/1312/2011 1561/1583/2436
f 1561/1583/2436 1562/1584/2437 1600/1635/2511
f 1601/1539/2356 1323/1281/1951 1602/1636/2512
f 1602/1636/2512 1323/1281/1951 1638/1637/2513
f 1323/1281/1951 1272/1226/1856 1638/1637/2513
f 1272/1501/1856 232/150/2293 1638/1638/2513
f 232/150/2514 1528/1443/2295 1529/1502/2515
s 0
f 1564/1448/2516 1472/153/2516 1530/1639/2516
s 1
f 1472/1640/2517 1353/1585/2015 1674/1641/2518
f 2252/1642/2519 1474/1282/1952 1565/1542/2361
f 1565/1542/2361 1274/1229/1858 1604/1586/2439
f 136/1504/2299 137/1643/2520 1325/1284/1954
f 137/1643/2520 136/1504/2299 1607/1644/2521
f 136/1504/2299 1608/1543/2362 1607/1644/2521
f 1476/1544/2363 1475/1316/2018 1609/1590/2443
f 1250/1201/1777 1355/1317/2019 1610/1645/2444
f 1567/1505/2300 1283/1234/1863 1611/1545/2364
f 1610/1591/2444 1356/1593/2022 1612/1595/2445
f 1677/1646/2522 1478/1454/2523 1640/1647/2524
f 1478/1454/2525 1329/1319/2526 1640/1647/2524
f 1568/1598/2448 1535/1287/1959 1641/1648/2527
f 1614/1506/2301 1331/1288/1960 1615/1600/2450
f 1643/1649/2528 1358/1321/2025 1359/1457/2218
f 1644/1650/2529 1360/1322/2026 702/673/963
f 702/673/963 744/717/1029 1645/1651/2530
f 1646/1601/2451 692/652/930 1482/1323/2027
f 1482/1323/2027 740/704/1012 1683/1652/2531
f 740/704/1012 1684/1602/2452 1683/1652/2531
f 1484/1325/2029 1361/1327/2031 1536/1653/2532
f 729/701/1006 1485/1235/1864 1647/1654/2533
f 1485/1235/1864 1486/1509/2304 1647/1654/2533
f 1486/1509/2304 1487/1296/1973 1648/1655/2534
f 1487/1296/1973 1364/1329/2535 1648/1655/2534
f 1648/1656/2534 1364/1422/2535 1571/1547/2369
f 1364/1422/2535 1363/1406/2142 1571/1547/2369
f 1571/1547/2369 1373/1335/2041 1572/1548/2370
f 1373/1335/2041 1488/1459/2222 1572/1548/2370
f 1575/1607/2457 1404/1407/2143 1649/1657/2536
f 1404/1407/2143 1438/1462/2225 1649/1657/2536
f 1378/1381/2107 1491/1464/2227 1576/1610/2460
f 2224/1612/2463 1538/1515/2462 1652/1613/2537
f 1494/1516/2375 1579/1614/2538 1652/1613/2464
f 1619/1615/2467 135/1616/2468 1620/1658/2539
f 135/1616/2468 1495/1465/2232 1655/1617/2469
f 1495/1465/2232 1432/1395/2127 1655/1617/2469
f 1432/1395/2127 139/1412/2149 1655/1617/2469
f 139/1412/2149 1496/1466/2233 1656/1659/2540
f 1580/1619/2471 1424/1384/2113 2228/1660/2541
f 1444/1414/2151 1540/1467/2234 1657/1551/2376
f 1623/1554/2380 1541/1621/2474 1581/1557/2385
f 2316/1661/2542 1623/1554/2380 1581/1557/2385
f 1581/1557/2385 1582/1559/2387 1583/1561/2390
f 1583/1561/2390 1449/1560/2389 1584/1562/2392
f 2230/1662/2543 1584/1562/2392 1585/1520/2476
f 1585/1520/2476 1450/1472/2544 1586/1521/2545
f 1586/1521/2545 1543/1563/2477 1658/1663/2546
f 1624/1622/2478 1503/1476/2547 1544/1523/2399
f 1504/1477/2251 1626/1565/2401 1625/1623/2480
f 1457/1428/2481 1339/1264/2482 1626/1565/2401
f 1626/1565/2401 1339/1264/2482 1507/1481/2258
f 1545/1567/2403 2235/1568/2404 2234/1664/2548
f 2235/1568/2404 1340/1300/1986 1509/1569/2405
f 1509/1569/2405 1343/1301/2263 2236/1665/2549
s 0
f 1343/1301/2550 1510/1429/2550 1589/1570/2550
s 1
f 1662/1666/2551 1590/1571/2483 1628/1667/2552
f 1546/1573/2410 1513/1486/2266 1311/1244/1879
f 1547/1487/2267 1664/1668/2553 1546/1573/2410
f 1664/1668/2553 1547/1487/2267 1665/1669/2554
f 1547/1487/2267 1459/1488/2268 1665/1669/2554
f 1345/1302/2269 1548/1525/2555 1629/1624/2485
f 1630/1575/2414 1460/1247/2413 1631/1526/2556
f 2239/1625/2489 1549/1489/2487 1666/1626/2557
s 0
f 1347/1304/2558 1632/1629/2558 1553/1491/2558
s 1
f 2286/1670/2559 1294/1222/1846 1593/1576/2416
f 1634/1579/2421 1465/1436/2192 2243/1630/2502
f 1466/1494/2342 1635/1580/2422 1519/1438/2194
s 0
f 2293/1671/2560 1596/1581/2560 1554/1531/2560
s 1
f 1554/1531/2345 1555/1532/2344 1670/1672/2561
f 1555/1532/2344 1318/1307/2428 1670/1672/2561
s 0
f 1318/1307/2562 1212/1176/2562 1670/1672/2562
s 1
f 1637/1633/2563 1556/1533/2432 1597/1582/2434
f 1320/1309/2433 1557/1534/2564 1597/1582/2434
f 1597/1582/2434 1557/1534/2564 1671/1673/2565
s 0
f 1522/1496/2566 1523/1497/2566 1599/1537/2566
s 1
f 1524/1499/2291 1560/1538/2355 1559/1498/2290
f 1560/1538/2355 1526/1500/2292 1673/1674/2567
f 1638/1638/2513 232/150/2293 1529/1502/2568
f 1530/1675/2569 1472/1640/2570 1674/1641/2518
f 1353/1585/2015 1473/1503/2298 1674/1641/2518
f 1473/1503/2298 1474/1282/1952 2252/1642/2519
f 1605/1451/2209 1531/1314/2016 2254/1676/2571
f 1531/1314/2016 1324/1257/1902 1675/1677/2572
f 1324/1257/1902 1532/1452/2210 1675/1677/2572
f 1606/1589/2442 1325/1284/1954 137/1643/2520
f 1476/1544/2363 1609/1590/2443 2258/1678/2573
f 1611/1545/2364 1356/1592/2022 1610/1645/2444
f 1612/1595/2445 1477/1596/2211 1676/1679/2574
f 1477/1453/2211 1478/1454/2212 1677/1646/2522
f 1640/1647/2524 1329/1319/2526 1678/1680/2575
f 1329/1319/2023 1330/692/989 1679/1597/2446
f 1641/1648/2576 1535/1287/1959 1642/1681/2577
f 1642/1681/2577 1535/1287/1959 1479/1455/2213
f 1569/1546/2366 1358/1321/2025 2301/1682/2578
f 722/716/993 1360/1322/2026 1681/1683/2579
f 1644/1650/2529 702/673/963 1645/1651/2530
f 1645/1651/2530 744/717/1029 1682/1684/2580
f 1682/1684/2580 744/717/1029 1646/1601/2451
f 1685/1685/2581 1570/1603/2453 1616/1605/2582
f 1486/1509/2304 1648/1655/2534 1647/1654/2533
f 1688/1606/2456 1686/1686/2583 1572/1548/2370
f 1574/1460/2223 1489/1461/2224 1688/1606/2456
f 1489/1461/2224 1575/1607/2457 1688/1606/2456
f 1438/1462/2225 1439/1463/2226 1689/1687/2584
f 2270/1688/2585 1440/1409/2145 1650/1689/2586
f 1650/1689/2586 1440/1409/2145 1617/1608/2458
f 1691/1690/2587 1692/1691/2588 1690/1692/2589
f 1690/1692/2589 1617/1608/2458 1691/1690/2587
f 1691/1690/2587 1617/1608/2458 1369/1408/2144
f 1369/1408/2144 1537/1510/2305 1651/1609/2459
f 1697/1693/2590 1696/1694/2591 1801/1695/2592
f 1702/1696/2593 1700/1697/2594 1699/1698/2595
f 1703/1699/2596 1704/1700/2597 1705/1701/2598
f 1699/1698/2599 1700/1697/2600 1704/1700/2601
f 1700/1697/2602 1702/1696/2603 1755/1702/2604
f 1702/1696/2593 1699/1698/2605 1712/1703/2606
f 1707/1704/2607 1712/1703/2608 1699/1698/2609
f 1704/1700/2601 1700/1697/2600 1706/1705/2610
f 1755/1702/2611 1706/1705/2612 1700/1697/2613
f 1755/1702/2614 1702/1696/2615 1716/1706/2616
f 1716/1706/2616 1702/1696/2615 1701/1707/2617
f 1701/1707/2618 1702/1696/2619 1709/1708/2620
s 0
f 1710/1709/2621 1702/1696/2621 1712/1703/2621
s 1
f 1711/1710/2622 1712/1703/2608 1707/1704/2607
f 1709/1708/2620 1702/1696/2619 1710/1709/2623
f 1707/1704/2607 1704/1700/2597 1759/1711/2624
f 1704/1700/2597 1703/1699/2596 1759/1711/2624
f 1713/1712/2625 1703/1699/2596 1705/1701/2598
f 1705/1701/2626 1704/1700/2601 1706/1705/2610
f 1717/1713/2627 1712/1703/2628 1711/1710/2629
f 1699/1698/2609 1704/1700/2597 1707/1704/2607
f 1703/1699/2596 1713/1712/2625 1718/1714/2630
f 1719/1715/2631 1723/1716/2632 1721/1717/2633
f 1728/1718/2634 1724/1719/2635 1723/1716/2632
f 1723/1716/2632 1724/1719/2635 1722/1720/2636
f 1725/1721/2637 1726/1722/2638 1728/1718/2634
f 1726/1722/2638 1724/1719/2635 1728/1718/2634
f 1719/1723/2631 1730/1724/2639 1729/1725/2640
f 1736/1726/2641 1732/1727/2642 1733/1728/2643
f 1734/1729/2644 1732/1727/2645 1742/1730/2646
f 1736/1726/2641 1733/1728/2643 1737/1731/2647
f 1733/1728/2648 1732/1727/2649 1734/1729/2650
f 1732/1727/2645 1735/1732/2651 1742/1730/2646
f 1742/1730/2652 1735/1732/2653 1738/1733/2654
s 0
f 1732/1727/2655 1736/1726/2655 1735/1732/2655
s 1
f 1737/1731/2656 1733/1728/2648 1739/1734/2657
f 1738/1733/2654 1731/1735/2658 1740/1736/2659
f 1736/1726/2641 1737/1731/2647 1745/1737/2660
f 1733/1728/2648 1734/1729/2650 1748/1738/2661
f 1742/1730/2662 1738/1733/2654 1740/1736/2659
f 1731/1735/2658 1738/1733/2654 1744/1739/2663
f 1738/1733/2654 1735/1732/2653 1744/1739/2663
f 1745/1737/2664 1737/1731/2656 1746/1740/2665
f 1746/1740/2665 1737/1731/2656 1739/1734/2657
f 1748/1738/2666 1734/1729/2667 1749/1741/2668
f 1741/1742/2669 1734/1729/2670 1742/1730/2671
f 1722/1720/2636 1724/1719/2635 1750/1743/2672
f 1723/1716/2632 1719/1715/2631 1729/1744/2640
f 1730/1724/2639 1743/1745/2673 1752/1746/2674
f 1754/1747/2675 1735/1732/2675 1736/1726/2675
f 1746/1740/2665 1739/1734/2657 1718/1714/2676
f 1705/1701/2598 1714/1748/2677 1713/1712/2625
f 1715/1749/2678 1706/1705/2612 1755/1702/2611
f 1756/1750/2679 1716/1706/2680 1698/1751/2681
f 1698/1751/2682 1716/1706/2683 1757/1752/2684
f 1716/1706/2683 1701/1707/2685 1757/1752/2684
f 1710/1709/2686 1712/1703/2628 1717/1713/2627
f 1707/1704/2607 1759/1711/2624 1758/1753/2687
f 1739/1734/2657 1733/1728/2648 1747/1754/2688
f 1747/1754/2688 1733/1728/2648 1748/1738/2661
f 1734/1729/2667 1741/1742/2669 1749/1741/2668
f 1760/1755/2689 1741/1742/2669 1742/1730/2671
f 1742/1730/2662 1740/1736/2659 1760/1755/2689
f 1740/1736/2659 1743/1745/2673 1791/1756/2690
f 1792/1757/2691 1743/1745/2673 1730/1724/2639
f 1721/1717/2633 1723/1716/2632 1722/1720/2636
f 1726/1722/2638 1725/1721/2637 1809/1758/2692
f 1851/1759/2693 1725/1721/2637 1796/1760/2694
f 1751/1761/2695 1723/1716/2632 1729/1744/2640
f 1752/1746/2674 1729/1725/2640 1730/1724/2639
f 1752/1746/2674 1743/1745/2673 1753/1762/2696
f 1743/1745/2673 1740/1736/2659 1753/1762/2696
f 1740/1736/2659 1731/1735/2658 1753/1762/2696
s 0
f 1746/1740/2697 1718/1714/2697 1761/1763/2697
s 1
f 1718/1714/2630 1713/1712/2625 1761/1763/2698
f 1714/1748/2677 1705/1701/2598 1762/1764/2699
f 1762/1764/2700 1705/1701/2626 1706/1705/2610
s 0
f 1755/1702/2701 1716/1706/2701 1756/1750/2701
s 1
f 1756/1750/2679 1698/1751/2681 1763/1765/2702
f 1767/1766/2703 1781/1767/2704 1780/1768/2705
f 1769/1769/2706 1768/1770/2707 1770/1771/2708
f 1770/1771/2708 1768/1770/2707 1772/1772/2709
f 1772/1772/2709 1768/1770/2707 1771/1773/2710
f 1775/1774/2711 1774/1775/2712 1769/1769/2713
f 1770/1771/2708 1772/1772/2709 1776/1776/2714
f 1771/1773/2710 1773/1777/2715 1772/1772/2709
f 1768/1770/2716 1769/1769/2717 1777/1778/2718
f 1777/1778/2718 1769/1769/2717 1774/1775/2719
f 1779/1779/2720 1769/1769/2721 1770/1771/2722
f 1772/1772/2709 1773/1777/2715 1778/1780/2723
f 1771/1773/2724 1768/1770/2725 1783/1781/2726
f 1779/1779/2727 1770/1771/2728 1776/1776/2714
f 1776/1776/2714 1772/1772/2709 1778/1780/2729
f 1780/1768/2705 1773/1777/2730 1782/1782/2731
f 1773/1777/2730 1771/1773/2724 1782/1782/2731
f 1768/1770/2716 1777/1778/2718 1783/1781/2732
f 1774/1775/2712 1775/1774/2711 1784/1783/2733
f 1775/1774/2711 1769/1769/2721 1785/1784/2734
f 1769/1769/2721 1779/1779/2720 1785/1784/2734
f 1788/1785/2735 1778/1780/2723 1773/1777/2715
f 1773/1777/2730 1780/1768/2705 1781/1767/2704
f 1771/1773/2724 1783/1781/2726 1782/1782/2731
f 1784/1783/2733 1775/1774/2711 1802/1786/2736
f 1779/1779/2727 1776/1776/2714 1787/1787/2737
f 1773/1777/2715 1781/1767/2738 1788/1785/2735
f 1767/1766/2703 1766/1788/2739 1789/1789/2740
f 1764/1790/2741 1698/1751/2682 1757/1752/2684
f 1711/1710/2742 1707/1704/2743 1758/1753/2687
f 1759/1711/2624 1703/1699/2596 1805/1791/2744
f 1703/1699/2596 1718/1714/2630 1805/1791/2744
f 1791/1756/2690 1743/1745/2673 1792/1757/2691
f 1792/1757/2691 1730/1724/2639 1719/1723/2631
f 1722/1720/2636 1750/1743/2672 1794/1792/2745
f 1750/1743/2672 1724/1719/2635 1795/1793/2746
f 1724/1719/2635 1726/1722/2638 1795/1793/2746
f 1850/1794/2747 1725/1721/2637 1851/1759/2693
f 1797/1795/2748 1725/1721/2637 1728/1718/2634
f 1728/1718/2634 1723/1716/2632 1751/1761/2695
f 1798/1796/2749 1731/1735/2658 1744/1739/2663
f 1754/1747/2750 1736/1726/2751 1811/1797/2752
f 1736/1726/2751 1745/1737/2753 1811/1797/2752
f 1761/1763/2698 1713/1712/2625 1799/1798/2754
f 1799/1798/2754 1713/1712/2625 1714/1748/2677
f 1762/1764/2700 1706/1705/2610 1715/1749/2755
f 1715/1749/2678 1755/1702/2611 1800/1799/2756
f 1856/1800/2757 1763/1765/2702 1698/1751/2681
f 1698/1751/2682 1764/1790/2741 1765/1801/2758
f 1765/1801/2759 1766/1788/2760 1767/1766/2703
f 1776/1776/2714 1778/1780/2729 1803/1802/2761
f 1781/1767/2704 1767/1766/2703 1789/1789/2740
f 1757/1752/2684 1701/1707/2685 1709/1708/2762
f 1790/1803/2763 1709/1708/2762 1710/1709/2764
f 1717/1713/2627 1711/1710/2629 1804/1804/2765
f 1718/1714/2676 1739/1734/2657 1805/1791/2766
s 0
f 1805/1791/2767 1739/1734/2767 1806/1805/2767
s 1
f 1739/1734/2657 1747/1754/2688 1806/1805/2768
f 1760/1755/2689 1740/1736/2659 1791/1756/2690
f 1792/1757/2691 1719/1723/2631 1793/1806/2769
f 1719/1715/2631 1721/1717/2633 1793/1807/2769
f 1808/1808/2770 1721/1717/2633 1722/1720/2636
f 1809/1758/2692 1725/1721/2637 1850/1794/2747
f 1796/1760/2694 1725/1721/2637 1797/1795/2748
f 1822/1809/2771 1729/1725/2640 1752/1746/2674
f 1810/1810/2772 1752/1746/2674 1753/1762/2696
f 1735/1732/2773 1754/1747/2774 1744/1739/2663
f 1811/1797/2775 1745/1737/2664 1812/1811/2776
f 1745/1737/2664 1746/1740/2665 1812/1811/2776
f 1812/1811/2776 1746/1740/2665 1813/1812/2777
f 1800/1799/2778 1755/1702/2779 1756/1750/2780
f 1756/1750/2679 1763/1765/2702 1814/1813/2781
s 0
f 1856/1800/2782 1698/1751/2782 1815/1814/2782
s 1
f 1698/1751/2682 1765/1801/2758 1815/1814/2783
f 1815/1814/2784 1765/1801/2759 1767/1766/2703
f 1816/1815/2785 1780/1768/2786 1782/1782/2731
f 1782/1782/2731 1783/1781/2726 1816/1815/2785
f 1777/1778/2787 1774/1775/2788 1817/1816/2789
f 1774/1775/2788 1784/1783/2790 1817/1816/2789
f 1784/1783/2790 1801/1695/2791 1817/1816/2789
f 1802/1786/2736 1801/1695/2592 1784/1783/2733
f 1802/1786/2736 1775/1774/2711 1785/1784/2734
f 1803/1802/2761 1778/1780/2729 1911/1817/2792
f 1911/1817/2793 1778/1780/2723 1818/1818/2794
f 1818/1818/2794 1778/1780/2723 1788/1785/2735
s 0
f 1765/1801/2795 1764/1790/2795 1766/1788/2795
s 1
f 1757/1752/2684 1709/1708/2762 1848/1819/2796
f 1711/1710/2742 1758/1753/2687 1927/1820/2797
f 1791/1756/2690 1792/1757/2691 1819/1821/2798
f 1721/1717/2633 1808/1808/2770 1793/1807/2769
f 1808/1808/2770 1722/1720/2636 1794/1792/2745
f 1797/1795/2748 1728/1718/2634 1820/1822/2799
f 1728/1718/2634 1751/1761/2695 1820/1822/2799
f 1753/1762/2800 1731/1735/2658 1798/1796/2749
f 1754/1747/2750 1811/1797/2752 1907/1823/2801
f 1746/1740/2665 1761/1763/2802 1813/1812/2777
f 1714/1748/2803 1762/1764/2700 1824/1824/2804
f 1824/1824/2804 1762/1764/2700 1855/1825/2805
f 1762/1764/2700 1715/1749/2755 1855/1825/2805
f 1855/1825/2805 1715/1749/2678 1800/1799/2756
f 1800/1799/2806 1756/1750/2780 1814/1813/2807
f 1856/1800/2808 1825/1826/2809 1763/1765/2702
f 1826/1827/2810 1825/1826/2809 1856/1800/2808
s 0
f 1830/1828/2811 1832/1829/2811 1831/1830/2811
f 1829/1831/2812 1830/1828/2812 1833/1832/2812
s 1
f 1833/1832/2813 1830/1828/2814 1834/1833/2814
f 1830/1828/2814 1831/1830/2815 1834/1833/2814
f 1832/1829/2816 1830/1828/2817 1836/1834/2818
f 1830/1828/2817 1829/1831/2819 1838/1835/2820
f 1831/1830/2821 1832/1829/2822 1837/1836/2823
f 1836/1834/2818 1830/1828/2817 1838/1835/2820
f 1837/1836/2824 1832/1829/2825 1843/1837/2826
f 1839/1838/2827 1832/1829/2825 1836/1834/2828
f 1838/1835/2829 1840/1839/2830 1828/1840/2831
f 1838/1835/2829 1829/1831/2832 1840/1839/2830
f 1834/1833/2833 1831/1830/2834 1841/1841/2835
f 1842/1842/2836 1831/1830/2821 1837/1836/2823
f 1843/1837/2826 1832/1829/2825 1839/1838/2827
f 1829/1831/2832 1833/1832/2837 1844/1843/2838
f 1844/1843/2839 1833/1832/2840 1859/1844/2841
f 1833/1832/2840 1834/1833/2842 1859/1844/2841
f 1831/1830/2834 1842/1842/2836 1841/1841/2835
f 1837/1836/2824 1843/1837/2826 1845/1845/2843
f 1836/1834/2844 1838/1835/2845 1846/1846/2846
f 1846/1846/2846 1838/1835/2845 1881/1847/2847
f 1838/1835/2845 1828/1840/2848 1863/1848/2849
f 1785/1784/2734 1779/1779/2850 1847/1849/2851
f 1781/1767/2704 1789/1789/2740 1788/1785/2852
s 0
f 1766/1788/2853 1764/1790/2853 1865/1850/2853
s 1
f 1709/1708/2762 1790/1803/2763 1848/1819/2796
f 1710/1709/2764 1717/1713/2854 1849/1851/2855
f 1758/1753/2687 1759/1711/2624 1888/1852/2856
f 1759/1711/2624 1805/1791/2744 1888/1852/2856
f 1750/1743/2672 1795/1793/2746 1892/1853/2857
f 1851/1759/2693 1796/1760/2694 1893/1854/2858
f 1796/1760/2694 1797/1795/2748 1852/1855/2859
f 1853/1856/2860 1797/1795/2748 1820/1822/2799
f 1751/1761/2695 1729/1744/2640 1854/1857/2861
f 1729/1744/2640 1822/1858/2771 1821/1859/2862
f 1822/1809/2771 1752/1746/2674 1810/1810/2772
f 1798/1796/2749 1744/1739/2663 1754/1747/2774
f 1823/1860/2863 1754/1747/2750 1907/1823/2801
f 1811/1797/2775 1812/1811/2776 1960/1861/2864
f 1763/1765/2702 1825/1826/2809 1814/1813/2781
f 1815/1814/2784 1767/1766/2703 1878/1862/2865
f 1767/1766/2866 1827/1863/2867 1878/1862/2868
f 1767/1766/2866 1780/1768/2786 1827/1863/2867
f 1879/1864/2869 1777/1778/2870 1817/1816/2871
f 1858/1865/2872 1828/1840/2873 1840/1839/2874
f 1840/1839/2830 1829/1831/2832 1844/1843/2838
f 1834/1833/2842 1861/1866/2875 1859/1844/2841
f 1861/1866/2875 1834/1833/2842 1841/1841/2835
f 1862/1867/2876 1836/1834/2828 1846/1846/2877
f 1828/1840/2873 1696/1694/2878 1697/1693/2879
f 1802/1786/2736 1785/1784/2734 1864/1868/2880
f 1847/1849/2851 1779/1779/2850 1787/1787/2737
f 1787/1787/2737 1776/1776/2714 1883/1869/2881
f 1883/1869/2881 1776/1776/2714 1803/1802/2761
f 1764/1790/2741 1757/1752/2684 1865/1850/2882
f 1757/1752/2684 1848/1819/2796 1865/1850/2882
f 1717/1713/2627 1804/1804/2765 1849/1851/2883
f 1804/1804/2884 1711/1710/2885 1927/1820/2797
f 1806/1805/2768 1747/1754/2688 1866/1870/2886
f 1866/1870/2886 1747/1754/2688 1748/1738/2661
f 1749/1741/2668 1741/1742/2669 1890/1871/2887
f 1868/1872/2888 1726/1722/2638 1869/1873/2889
f 1726/1722/2638 1809/1758/2692 1869/1873/2889
f 1869/1873/2889 1809/1758/2692 1850/1794/2747
f 1905/1874/2890 1851/1759/2693 1870/1875/2891
f 1851/1759/2693 1893/1854/2858 1870/1875/2891
f 1751/1761/2695 1854/1857/2861 1820/1822/2799
f 1854/1857/2861 1729/1744/2640 1821/1859/2862
f 1798/1796/2749 1754/1747/2774 1823/1860/2892
f 1812/1811/2893 1813/1812/2894 1874/1876/2895
f 1874/1876/2896 1813/1812/2897 1799/1798/2898
f 1813/1812/2899 1761/1763/2698 1799/1798/2754
f 1799/1798/2898 1714/1748/2803 1824/1824/2804
f 1855/1825/2805 1800/1799/2756 1875/1877/2900
f 1800/1799/2756 1814/1813/2901 1876/1878/2902
f 1856/1800/2903 1815/1814/2784 1878/1862/2865
f 1827/1863/2867 1780/1768/2786 1816/1815/2785
f 1816/1815/2904 1783/1781/2905 1908/1879/2906
f 1783/1781/2905 1777/1778/2907 1908/1879/2906
f 1801/1695/2791 1920/1880/2908 1817/1816/2789
f 1801/1695/2791 1696/1694/2909 1920/1880/2908
f 1920/1880/2908 1696/1694/2909 1857/1881/2910
f 1857/1881/2911 1696/1694/2878 1858/1865/2872
f 1696/1694/2878 1828/1840/2873 1858/1865/2872
f 1880/1882/2912 1837/1836/2823 1845/1845/2913
f 1839/1838/2827 1836/1834/2828 1862/1867/2876
f 1881/1847/2847 1838/1835/2845 1863/1848/2849
f 1882/1883/2914 1697/1693/2590 1801/1695/2592
f 1803/1802/2761 1911/1817/2792 1899/1884/2915
f 1884/1885/2916 1789/1789/2740 1885/1886/2917
f 1789/1789/2740 1766/1788/2739 1885/1886/2917
f 1766/1788/2918 1865/1850/2918 1885/1886/2918
f 1790/1803/2763 1710/1709/2764 1849/1851/2855
f 1804/1804/2884 1927/1820/2797 1886/1887/2919
f 1805/1791/2920 1806/1805/2921 1889/1888/2922
f 1889/1888/2923 1806/1805/2921 1866/1870/2924
f 1741/1742/2669 1760/1755/2689 1867/1889/2925
f 1867/1889/2925 1760/1755/2689 1791/1756/2690
f 1819/1821/2798 1792/1757/2691 1793/1806/2769
f 1794/1792/2745 1750/1743/2672 1891/1890/2926
f 1891/1890/2926 1750/1743/2672 1892/1853/2857
f 1893/1854/2858 1796/1760/2694 1871/1891/2927
f 1852/1855/2859 1797/1795/2748 1853/1856/2860
f 1822/1809/2771 1810/1810/2772 1894/1892/2928
f 1810/1810/2772 1753/1762/2800 1872/1893/2929
f 1753/1762/2800 1798/1796/2749 1872/1893/2929
f 1873/1894/2930 1798/1796/2749 1823/1860/2892
f 1824/1824/2804 1855/1825/2805 1895/1895/2931
f 1800/1799/2756 1876/1878/2902 1875/1877/2900
f 1814/1813/2901 1825/1826/2932 1876/1878/2902
f 1876/1878/2902 1825/1826/2932 1917/1896/2933
f 1826/1827/2810 1856/1800/2808 1918/1897/2934
f 1908/1879/2906 1777/1778/2870 1879/1864/2869
f 1859/1844/2841 1861/1866/2875 1922/1898/2935
f 1842/1842/2836 1837/1836/2823 1880/1882/2912
f 1896/1899/2936 1845/1845/2843 1843/1837/2826
f 1897/1900/2937 1839/1838/2827 1862/1867/2876
f 1882/1883/2914 1801/1695/2592 1802/1786/2736
f 1864/1868/2880 1785/1784/2734 1898/1901/2938
f 1818/1818/2939 1788/1785/2940 1884/1885/2916
f 1788/1785/2940 1789/1789/2740 1884/1885/2916
f 1927/1820/2797 1758/1753/2687 1887/1902/2941
f 1748/1738/2942 1749/1741/2943 1901/1903/2944
f 1867/1889/2925 1791/1756/2690 1902/1904/2945
f 1902/1904/2945 1791/1756/2690 1819/1821/2798
f 1904/1905/2946 1808/1808/2770 1794/1792/2745
f 1904/1905/2946 1794/1792/2745 1891/1890/2926
f 1795/1793/2746 1726/1722/2638 1868/1872/2888
f 1850/1794/2747 1851/1759/2693 1905/1874/2890
f 1871/1891/2927 1796/1760/2694 1852/1855/2859
f 1894/1892/2928 1810/1810/2772 1872/1893/2929
f 1872/1893/2929 1798/1796/2749 1873/1894/2930
f 1895/1895/2931 1855/1825/2805 1875/1877/2900
f 1856/1800/2903 1878/1862/2865 1918/1897/2947
f 1817/1816/2871 1920/1880/2908 1879/1864/2869
f 1896/1899/2936 1843/1837/2826 1897/1900/2937
f 1843/1837/2826 1839/1838/2827 1897/1900/2937
f 1828/1840/2873 1697/1693/2879 1863/1848/2948
f 1863/1848/2948 1697/1693/2879 1882/1883/2949
f 1785/1784/2734 1847/1849/2851 1898/1901/2938
f 1847/1849/2851 1787/1787/2737 1910/1906/2950
f 1787/1787/2737 1883/1869/2881 1910/1906/2950
f 1883/1869/2881 1803/1802/2761 1899/1884/2915
f 1865/1850/2882 1848/1819/2796 1912/1907/2951
f 1900/1908/2952 1848/1819/2796 1790/1803/2763
f 1804/1804/2765 1886/1887/2919 1913/1909/2953
f 1758/1753/2687 1888/1852/2856 1887/1902/2941
f 1888/1852/2856 1805/1791/2744 1889/1888/2954
f 1748/1738/2661 1901/1903/2955 1866/1870/2886
f 1890/1871/2887 1741/1742/2669 1867/1889/2925
f 1793/1807/2769 1808/1808/2770 1928/1910/2956
f 1906/1911/2957 1870/1875/2891 1893/1854/2858
f 1854/1857/2861 1821/1859/2958 1937/1912/2959
f 1821/1859/2958 1822/1858/2771 1894/1913/2928
f 1811/1797/2960 1960/1861/2961 1907/1823/2962
f 1915/1914/2963 1960/1861/2864 1812/1811/2776
f 1916/1915/2964 1874/1876/2896 1824/1824/2804
f 1874/1876/2896 1799/1798/2898 1824/1824/2804
f 1825/1826/2809 1826/1827/2810 1917/1896/2965
f 1878/1862/2966 1827/1863/2967 1919/1916/2968
f 1827/1863/2967 1816/1815/2904 1919/1916/2968
f 1857/1881/2910 1909/1917/2969 1920/1880/2908
f 1857/1881/2911 1858/1865/2872 1909/1917/2970
f 1840/1839/2971 1844/1843/2972 1941/1918/2973
f 1921/1919/2974 1844/1843/2972 1965/1920/2975
f 1965/1920/2975 1844/1843/2972 1859/1844/2841
f 1841/1841/2835 1842/1842/2836 1923/1921/2976
f 1881/1847/2977 1863/1848/2978 1926/1922/2979
f 1863/1848/2978 1882/1883/2980 1926/1922/2979
f 1912/1907/2951 1848/1819/2796 1900/1908/2952
f 1849/1851/2883 1804/1804/2765 1913/1909/2953
f 1902/1904/2945 1819/1821/2798 1928/1923/2956
f 1819/1821/2798 1793/1806/2769 1928/1923/2956
f 1928/1910/2956 1808/1808/2770 1973/1924/2981
f 1973/1924/2981 1808/1808/2770 1904/1905/2946
f 1891/1890/2926 1892/1853/2857 1929/1925/2982
f 1892/1853/2857 1795/1793/2746 1930/1926/2983
f 1795/1793/2746 1868/1872/2888 1930/1926/2983
f 1850/1794/2747 1905/1874/2890 1931/1927/2984
f 1905/1874/2890 1870/1875/2891 1932/1928/2985
f 1932/1928/2985 1870/1875/2891 1933/1929/2986
f 1870/1875/2891 1906/1911/2957 1933/1929/2986
f 1893/1854/2858 1871/1891/2927 1934/1930/2987
f 1871/1891/2927 1852/1855/2859 1934/1930/2987
f 1937/1912/2959 1821/1859/2958 1894/1913/2928
f 1873/1894/2988 1823/1860/2989 1938/1931/2990
f 1823/1860/2989 1907/1823/2962 1939/1932/2991
f 1812/1811/2893 1874/1876/2895 1916/1915/2992
s 0
f 1917/1896/2993 1826/1827/2993 1918/1897/2993
s 1
f 1940/1933/2994 1918/1897/2995 1878/1862/2966
f 1919/1916/2968 1816/1815/2904 1908/1879/2906
f 1920/1880/2908 1909/1917/2969 1950/1934/2996
f 1858/1865/2872 1840/1839/2971 1941/1918/2973
f 1941/1918/2973 1844/1843/2972 1921/1919/2974
f 1965/1920/2975 1859/1844/2841 1922/1898/2935
f 1923/1921/2976 1842/1842/2836 1924/1935/2997
f 1924/1935/2997 1842/1842/2836 1880/1882/2912
f 1880/1882/2912 1845/1845/2913 1951/1936/2998
f 1862/1867/2876 1846/1846/2877 1925/1937/2999
f 1925/1937/2999 1846/1846/2877 1881/1847/3000
f 1882/1883/2914 1802/1786/2736 1864/1868/2880
f 1900/1908/3001 1790/1803/2763 1849/1851/2855
f 1886/1887/2919 1927/1820/2797 1943/1938/3002
f 1749/1741/2668 1890/1871/2887 1971/1939/3003
f 1890/1871/2887 1867/1889/2925 2020/1940/3004
f 1905/1874/2890 1914/1941/3005 1931/1927/2984
f 1852/1855/2859 1948/1942/3006 1934/1930/2987
f 1852/1855/2859 1853/1856/2860 1948/1942/3006
f 1820/1822/2799 1854/1857/2861 1853/1856/2860
f 1854/1857/2861 1937/1912/2959 1936/1943/3007
f 1915/1914/3008 1812/1811/3009 1916/1915/3010
f 1876/1878/2902 1917/1896/2933 1988/1944/3011
f 1908/1879/2906 1879/1864/2869 1963/1945/3012
f 1963/1945/3012 1879/1864/2869 1920/1880/2908
f 1909/1917/2970 1858/1865/2872 1941/1918/2973
f 1951/1936/2998 1845/1845/2913 1952/1946/3013
f 1845/1845/2913 1942/1947/3014 1952/1946/3013
f 1845/1845/2843 1896/1899/2936 1942/1947/3014
f 1881/1847/3000 1926/1922/3015 1966/1948/3016
f 1926/1922/3017 1882/1883/2914 1864/1868/2880
f 1911/1817/3018 1818/1818/3019 1884/1885/2916
f 1885/1886/3020 1865/1850/3021 1912/1907/3022
f 1887/1902/2941 1888/1852/2856 1944/1949/3023
f 1889/1888/2923 1866/1870/2924 1901/1903/3024
f 1982/1950/3025 1901/1903/2944 1749/1741/2943
f 1955/1951/3026 1973/1924/2981 1904/1905/2946
f 1929/1925/2982 1892/1853/2857 1945/1952/3027
f 1869/1873/2889 1850/1794/2747 1931/1927/2984
f 1914/1941/3005 1905/1874/2890 1932/1928/2985
f 1933/1929/2986 1906/1911/2957 1947/1953/3028
f 1958/1954/3029 1906/1911/2957 1893/1854/2858
f 1958/1954/3029 1893/1854/2858 1934/1930/2987
f 1934/1930/2987 1948/1942/3006 1959/1955/3030
f 1948/1942/3006 1853/1856/2860 1935/1956/3031
f 1853/1856/2860 1854/1857/2861 1935/1956/3031
f 1935/1956/3031 1854/1857/2861 1936/1943/3007
f 1936/1943/3032 1937/1912/3033 1987/1957/3034
f 1937/1912/3033 1894/1913/3035 1987/1957/3034
f 1894/1892/3035 1872/1893/3036 1987/1958/3034
f 1916/1915/3010 1824/1824/2804 1962/1959/3037
f 1875/1877/2900 1876/1878/2902 1988/1944/3011
s 0
f 1917/1896/3038 1918/1897/3038 1940/1933/3038
s 1
f 1878/1862/2966 1919/1916/2968 1940/1933/2994
f 1919/1916/2968 1908/1879/2906 1949/1960/3039
f 1949/1960/3039 1908/1879/2906 1963/1945/3012
f 1964/1961/3040 1920/1880/2908 1950/1934/2996
f 1909/1917/2970 1941/1918/2973 1950/1934/3041
f 1847/1849/2851 1910/1906/2950 1967/1962/3042
f 1910/1906/2950 1883/1869/2881 1968/1963/3043
f 1899/1884/2915 1911/1817/2792 1969/1964/3044
f 1912/1907/3022 1953/1965/3045 1885/1886/3020
f 1900/1908/3001 1849/1851/2855 1954/1966/3046
f 1943/1938/3002 1927/1820/2797 2007/1967/3047
f 1927/1820/2797 1887/1902/2941 1944/1949/3023
f 1888/1852/2856 1889/1888/3048 1944/1949/3023
f 1982/1950/3049 1749/1741/2668 1971/1939/3003
f 1867/1889/2925 1902/1904/2945 1972/1968/3050
f 1955/1951/3026 1904/1905/2946 1974/1969/3051
f 1904/1905/2946 1891/1890/2926 1974/1969/3051
f 1974/1969/3051 1891/1890/2926 1929/1925/2982
f 1945/1952/3027 1892/1853/2857 1930/1926/2983
f 1931/1927/2984 1914/1941/3005 1956/1970/3052
f 1985/1971/3053 1947/1953/3028 1957/1972/3054
f 1947/1953/3028 1906/1911/2957 1957/1972/3054
f 1957/1972/3054 1906/1911/2957 1958/1954/3029
f 1958/1954/3029 1934/1930/2987 1976/1973/3055
f 1934/1930/2987 1959/1955/3030 1976/1973/3055
f 1872/1893/3036 1873/1894/2988 1938/1931/2990
f 1938/1931/2990 1823/1860/2989 1939/1932/2991
f 1907/1823/2962 1960/1861/2961 1977/1974/3056
f 1960/1861/2864 1915/1914/2963 1961/1975/3057
f 1961/1975/3058 1915/1914/3008 1962/1959/3037
f 1962/1959/3037 1824/1824/2804 1895/1895/2931
f 1917/1896/2933 1940/1933/3059 1978/1976/3060
f 1990/1977/3061 1922/1898/2935 1991/1978/3062
f 1991/1978/3062 1922/1898/2935 1861/1866/2875
f 1980/1979/3063 1861/1866/2875 1841/1841/2835
f 1896/1899/2936 1897/1900/2937 1981/1980/3064
f 1897/1900/2937 1862/1867/2876 1981/1980/3065
f 1966/1948/3066 1926/1922/3017 1864/1868/2880
f 1864/1868/2880 1898/1901/2938 1966/1948/3067
f 1898/1901/3068 1847/1849/2851 1967/1962/3042
f 1968/1963/3043 1883/1869/2881 1995/1981/3069
f 1883/1869/2881 1899/1884/2915 1995/1981/3069
f 2006/1982/3070 1884/1885/2916 1885/1886/2917
f 1953/1965/3071 1912/1907/3071 1900/1908/3071
f 1927/1820/2797 1944/1949/3023 1999/1983/3072
f 1971/1939/3073 1890/1871/2887 2020/1940/3004
f 2020/1940/3004 1867/1889/2925 1972/1968/3050
f 1930/1926/2983 1868/1872/2888 2000/1984/3074
f 1984/1985/3075 1869/1873/2889 1931/1927/2984
f 1932/1928/2985 1933/1929/2986 2001/1986/3076
f 1933/1929/2986 1947/1953/3028 2009/1987/3077
f 1986/1988/3078 1935/1956/3079 1936/1943/3032
f 1986/1988/3078 1936/1943/3032 1987/1957/3034
f 1987/1958/3034 1872/1893/3036 1938/1931/2990
f 1939/1932/2991 1907/1823/2962 1977/1974/3056
f 1915/1914/3008 1916/1915/3010 1962/1959/3037
f 1895/1895/2931 1875/1877/2900 1988/1944/3011
f 1940/1933/2994 1919/1916/2968 1989/1989/3080
f 1920/1880/2908 1964/1961/3040 1963/1945/3012
f 1950/1934/3081 1979/1990/3082 1964/1961/3083
f 1841/1841/2835 1923/1921/2976 1980/1979/3063
f 1924/1935/2997 1880/1882/2912 1992/1991/3084
f 1992/1991/3084 1880/1882/2912 1951/1936/2998
f 1981/1980/3065 1862/1867/2876 1925/1937/2999
f 1899/1884/2915 1969/1964/3044 1995/1981/3069
f 1911/1817/3018 1884/1885/2916 2006/1982/3070
f 1885/1886/3085 1953/1965/3086 2006/1982/3087
f 1954/1966/3046 1849/1851/2883 1913/1909/2953
f 1972/1968/3050 1902/1904/2945 1928/1923/2956
f 1972/1968/3050 1928/1923/2956 2021/1992/3088
f 2021/1993/3088 1928/1910/2956 1973/1924/2981
f 1929/1925/2982 1945/1952/3027 1983/1994/3089
f 1868/1872/2888 1869/1873/2889 1984/1985/3075
f 1931/1927/2984 1956/1970/3052 1984/1985/3075
f 1914/1941/3005 1932/1928/2985 2001/1986/3076
f 1947/1953/3028 1985/1971/3053 2010/1995/3090
f 2025/1996/3091 2010/1995/3090 1985/1971/3053
f 1985/1971/3053 1957/1972/3054 2002/1997/3092
f 1959/1955/3093 1948/1942/3094 2003/1998/3095
f 1986/1988/3078 1987/1957/3034 2027/1999/3096
f 1960/1861/2961 1961/1975/3058 1977/1974/3056
f 1895/1895/2931 1988/1944/3011 2004/2000/3097
f 1988/1944/3011 1917/1896/2933 1978/1976/3060
f 1950/1934/3041 1941/1918/2973 1979/1990/3098
f 1941/1918/2973 1921/1919/2974 2005/2001/3099
f 1965/1920/2975 1922/1898/2935 1990/1977/3061
f 1861/1866/2875 1980/1979/3063 1991/1978/3062
f 1925/1937/2999 1881/1847/3000 1993/2002/3100
f 1881/1847/3000 1966/1948/3016 1993/2002/3100
f 1966/1948/3067 1898/1901/2938 1994/2003/3101
f 1969/1964/3044 1911/1817/2792 2006/1982/3102
f 1900/1908/3001 1996/2004/3103 1953/1965/3104
f 1900/1908/3001 1954/1966/3046 1996/2004/3103
f 1927/1820/2797 1999/1983/3072 2007/1967/3047
f 1889/1888/2923 1901/1903/3024 2018/2005/3105
f 1901/1903/3024 1982/1950/3106 2018/2005/3105
f 1974/1969/3051 1929/1925/2982 1983/1994/3089
f 1945/1952/3027 1930/1926/2983 2000/1984/3074
f 2000/1984/3074 1868/1872/2888 1984/1985/3075
f 2001/1986/3076 1933/1929/2986 2009/1987/3077
f 2009/1987/3077 1947/1953/3028 2010/1995/3090
f 2025/1996/3091 1985/1971/3053 2011/2006/3107
f 2002/1997/3092 1957/1972/3054 1958/1954/3108
f 2012/2007/3109 1958/1954/3108 1976/1973/3110
f 2012/2007/3109 1976/1973/3110 1959/1955/3093
f 2012/2007/3109 1959/1955/3093 2003/1998/3095
f 2003/1998/3095 1948/1942/3094 1986/1988/3078
f 1948/1942/3094 1935/1956/3079 1986/1988/3078
f 2027/2008/3096 1987/1958/3034 1938/1931/2990
f 1979/1990/3111 1941/1918/2973 2005/2001/3099
f 1921/1919/2974 1965/1920/2975 2005/2001/3099
f 1951/1936/2998 1952/1946/3013 2039/2009/3112
f 2028/2010/3113 1925/1937/2999 1993/2002/3100
f 1993/2002/3114 1966/1948/3115 2029/2011/3116
f 1994/2003/3117 1898/1901/3068 2016/2012/3118
f 2016/2012/3118 1898/1901/3068 1967/1962/3042
f 1996/2004/3103 1954/1966/3046 2017/2013/3119
f 2017/2013/3119 1954/1966/3046 1913/1909/2953
f 1889/1888/3048 2018/2005/3120 1944/1949/3023
f 2018/2005/3121 1982/1950/3122 1971/1939/3123
f 1973/1924/2981 1955/1951/3026 2021/1993/3088
f 1974/1969/3051 1983/1994/3089 1695/2014/3124
f 1983/1994/3089 1945/1952/3027 2008/2015/3125
f 1984/1985/3075 1956/1970/3052 2032/2016/3126
f 2024/2017/3127 1956/1970/3052 2001/1986/3076
f 1956/1970/3052 1914/1941/3005 2001/1986/3076
f 2026/2018/3128 2025/1996/3091 2011/2006/3107
f 2011/2006/3107 1985/1971/3053 2002/1997/3092
f 1938/1931/2990 1939/1932/2991 2027/2008/3096
f 1962/1959/3037 1895/1895/2931 2004/2000/3097
f 1940/1933/2994 1989/1989/3080 1978/1976/3060
f 1919/1916/2968 1949/1960/3039 1989/1989/3080
f 1949/1960/3039 1963/1945/3012 1964/1961/3129
f 1964/1961/3083 1979/1990/3082 2005/2001/3130
f 1965/1920/2975 1990/1977/3061 2013/2019/3131
f 2013/2019/3131 1990/1977/3061 2014/2020/3132
f 2014/2020/3132 1990/1977/3061 1991/1978/3062
f 2015/2021/3133 1896/1899/2936 1981/1980/3064
f 1993/2002/3114 2029/2011/3116 2028/2010/3134
f 1966/1948/3067 1994/2003/3101 2029/2011/3135
f 1967/1962/3042 1910/1906/2950 1968/1963/3043
f 1997/2022/3136 1913/1909/2953 1886/1887/2919
f 2030/2023/3137 1999/1983/3072 1944/1949/3023
f 1944/1949/3138 2018/2005/3121 2030/2023/3137
f 1945/1952/3027 2000/1984/3074 2031/2024/3139
f 1984/1985/3075 2032/2016/3126 2043/2025/3140
f 2002/1997/3092 1958/1954/3108 2012/2007/3109
f 1989/1989/3080 1949/1960/3039 1964/1961/3129
f 1924/1935/2997 1992/1991/3084 1923/1921/2976
f 1942/1947/3014 1896/1899/2936 2034/2026/3141
f 2034/2026/3141 1896/1899/2936 2015/2021/3133
f 2006/1982/3087 1953/1965/3086 1996/2004/3142
f 2007/1967/3047 1999/1983/3072 2030/2023/3137
f 1695/2014/3124 1983/1994/3089 2036/2027/3143
f 2008/2015/3125 1945/1952/3027 2031/2024/3139
f 2032/2016/3126 1956/1970/3052 2024/2017/3127
f 2010/1995/3090 2025/1996/3091 2038/2028/3144
f 2011/2006/3107 2002/1997/3092 2045/2029/3145
f 2045/2029/3145 2002/1997/3092 2012/2007/3109
f 2003/1998/3095 1986/1988/3078 2027/1999/3096
f 2027/2008/3096 1939/1932/2991 1977/1974/3056
f 1977/1974/3056 1961/1975/3058 2004/2000/3097
f 1961/1975/3058 1962/1959/3037 2004/2000/3097
f 1978/1976/3060 1989/1989/3080 1964/1961/3129
f 2005/2001/3099 1965/1920/2975 2013/2019/3131
f 2014/2020/3132 1991/1978/3062 2033/2030/3146
f 1952/1946/3013 1942/1947/3014 2040/2031/3147
f 1981/1980/3065 1925/1937/2999 2041/2032/3148
s 0
f 2041/2032/3149 1925/1937/3149 2028/2010/3149
s 1
f 2071/2033/3150 1967/1962/3042 1968/1963/3043
f 1969/1964/3044 2006/1982/3087 1996/2004/3142
f 2017/2013/3151 1913/1909/3152 1997/2022/3153
f 1974/1969/3051 1695/2014/3124 2055/2034/3154
f 2000/1984/3074 1984/1985/3075 2031/2024/3139
f 2043/2025/3140 2032/2016/3126 2058/2035/3155
f 2024/2017/3127 2001/1986/3076 2044/2036/3156
f 2025/1996/3091 2026/2018/3128 1694/2037/3157
f 2012/2007/3109 2003/1998/3095 2045/2029/3145
f 1964/1961/3129 2005/2001/3099 2013/2019/3131
f 2048/2038/3158 2014/2020/3132 2033/2030/3146
f 1991/1978/3062 1980/1979/3063 2033/2030/3146
f 2039/2009/3112 1952/1946/3013 2062/2039/3159
f 2062/2039/3159 1952/1946/3013 2040/2031/3147
f 1969/1964/3044 1996/2004/3142 2049/2040/3160
f 1886/1887/2919 1943/1938/3002 2095/2041/3161
f 2042/2042/3162 2018/2005/3121 1971/1939/3123
f 1972/1968/3050 2021/1992/3088 2050/2043/3163
f 1955/1951/3026 1974/1969/3051 2054/2044/3164
f 2054/2044/3164 1974/1969/3051 2055/2034/3154
f 1983/1994/3089 2008/2015/3125 2036/2027/3143
f 2031/2024/3139 1984/1985/3075 2043/2025/3140
f 2009/1987/3077 2010/1995/3090 2051/2045/3165
f 2061/2046/3166 2025/1996/3091 1694/2037/3157
f 1694/2037/3157 2026/2018/3128 1693/2047/3167
f 1693/2047/3168 2067/2048/3169 2090/2049/3170
f 2067/2048/3169 1693/2047/3168 2026/2018/3171
f 2067/2048/3169 2026/2018/3171 2011/2006/3107
f 2003/1998/3095 2027/1999/3096 2004/2050/3097
f 2027/2008/3096 1977/1974/3056 2004/2000/3097
f 2004/2000/3097 1988/1944/3011 1978/1976/3060
f 1978/1976/3060 1964/1961/3129 2013/2019/3131
f 2046/2051/3172 2013/2019/3131 2014/2020/3132
f 2052/2052/3173 2033/2030/3146 1980/1979/3063
f 2053/2053/3174 1992/1991/3084 1951/1936/2998
f 2029/2011/3175 1994/2003/3117 2016/2012/3118
f 1968/1963/3043 1995/1981/3069 2073/2054/3176
f 1995/1981/3069 1969/1964/3044 2049/2040/3160
s 0
f 1996/2004/3177 2017/2013/3177 2049/2040/3177
s 1
f 2020/1940/3004 1972/1968/3050 2050/2043/3163
f 2021/1993/3088 1955/1951/3026 2054/2044/3164
f 2001/1986/3076 2009/1987/3077 2044/2036/3156
f 2009/1987/3077 2051/2045/3165 2059/2055/3178
f 2051/2045/3165 2010/1995/3090 2038/2028/3144
f 2038/2028/3144 2025/1996/3091 2060/2056/3179
f 2025/1996/3091 2061/2046/3166 2060/2056/3179
f 1694/2037/3157 1693/2047/3167 2066/2057/3180
f 2011/2006/3107 2045/2029/3145 2067/2048/3169
f 2068/2058/3181 2013/2059/3131 2046/2060/3172
f 2046/2051/3172 2014/2020/3132 2047/2061/3182
f 1980/1979/3063 1923/1921/2976 2052/2052/3173
f 2052/2052/3173 1923/1921/2976 1992/1991/3084
f 1951/1936/2998 2039/2009/3112 2053/2053/3174
f 2040/2031/3147 1942/1947/3014 2034/2026/3141
f 2028/2010/3134 2029/2011/3183 2041/2032/3184
f 2102/2062/3185 1968/1963/3043 2072/2063/3186
f 2017/2013/3151 1997/2022/3153 2081/2064/3187
f 2064/2065/3188 1997/2022/3136 1886/1887/2919
f 2042/2042/3162 2007/1967/3047 2030/2023/3137
f 1695/2014/3124 2036/2027/3143 2055/2034/3154
f 2057/2066/3189 2008/2015/3125 2031/2024/3139
f 2058/2035/3155 2032/2016/3126 2088/2067/3190
f 2045/2029/3145 2003/1998/3095 2067/2048/3169
f 2067/2048/3169 2003/1998/3095 2004/2050/3097
f 1978/1976/3060 2013/2019/3131 2004/2000/3097
f 2047/2061/3191 2014/2020/3132 2048/2038/3158
f 1981/1980/3064 2041/2032/3192 2069/2068/3193
s 0
f 2063/2069/3194 2029/2011/3194 2016/2012/3194
s 1
f 2070/2070/3195 2016/2012/3118 2071/2033/3150
f 2016/2012/3118 1967/1962/3042 2071/2033/3150
f 1968/1963/3043 2073/2054/3176 2072/2063/3186
f 1995/1981/3069 2049/2040/3160 2081/2064/3196
f 1997/2022/3136 2064/2065/3188 2081/2064/3197
f 1943/1938/3002 2007/1967/3047 2042/2042/3162
f 2018/2005/3121 2042/2042/3162 2030/2023/3137
f 1971/1939/3123 2020/1940/3198 2042/2042/3162
f 2050/2043/3163 2021/1992/3088 2074/2071/3199
f 2021/1992/3088 2054/2072/3164 2074/2071/3199
f 2036/2027/3143 2008/2015/3125 2057/2066/3189
f 2057/2066/3189 2031/2024/3139 2065/2073/3200
f 2031/2024/3139 2043/2025/3140 2065/2073/3200
f 2043/2025/3140 2058/2035/3155 2065/2073/3200
f 2088/2067/3190 2032/2016/3126 2024/2017/3127
f 2044/2036/3156 2009/1987/3077 2059/2055/3178
f 2051/2045/3165 2038/2028/3144 2075/2074/3201
f 2066/2057/3180 1693/2047/3167 2077/2075/3202
f 2067/2048/3169 2004/2050/3097 2013/2059/3131
f 2048/2038/3203 2033/2030/3146 2052/2052/3173
f 2052/2052/3173 1992/1991/3084 2078/2076/3204
f 2080/2077/3205 2040/2031/3147 2034/2026/3141
f 2015/2021/3133 1981/1980/3064 2069/2068/3193
f 2071/2033/3150 1968/1963/3043 2102/2062/3185
f 2017/2013/3206 2081/2064/3196 2049/2040/3160
f 2074/2071/3199 2054/2072/3164 2096/2078/3207
f 2055/2034/3154 2036/2027/3143 2097/2079/3208
f 2065/2073/3200 2058/2035/3155 2086/2080/3209
f 2024/2017/3127 2044/2036/3156 2082/2081/3210
f 2038/2028/3144 2060/2056/3179 2075/2074/3201
f 1694/2037/3157 2066/2057/3180 2061/2046/3166
f 2076/2082/3211 2066/2057/3180 2077/2075/3202
f 1693/2047/3212 2090/2049/3213 2077/2075/3214
f 2013/2059/3131 2068/2058/3181 2067/2048/3169
f 2093/2083/3215 2047/2061/3191 2048/2038/3158
f 2083/2084/3216 2048/2038/3203 2052/2052/3173
f 2062/2085/3159 2040/2086/3147 2109/2087/3217
f 2069/2068/3193 2041/2032/3192 2063/2069/3218
f 2041/2032/3192 2029/2011/3219 2063/2069/3218
f 1995/1981/3069 2081/2064/3197 2073/2054/3176
f 2081/2064/3197 2064/2065/3188 2103/2088/3220
f 2042/2042/3162 2020/1940/3004 2084/2089/3221
f 2020/1940/3004 2050/2043/3163 2084/2089/3221
f 2054/2044/3164 2055/2034/3154 2085/2090/3222
f 2086/2080/3209 2058/2035/3155 2087/2091/3223
f 2044/2036/3156 2059/2055/3178 2082/2081/3210
f 2089/2092/3224 2061/2046/3166 2066/2057/3180
f 2068/2058/3181 2046/2060/3172 2099/2093/3225
f 2046/2051/3172 2047/2061/3182 2092/2094/3226
f 2092/2094/3226 2047/2061/3191 2093/2083/3215
f 2053/2053/3174 2039/2009/3112 2079/2095/3227
f 2063/2069/3218 2016/2012/3118 2070/2070/3195
f 2064/2065/3188 1886/1887/2919 2095/2041/3161
f 1943/1938/3002 2042/2042/3162 2095/2041/3161
f 2074/2071/3199 2096/2078/3207 2118/2096/3228
f 2055/2034/3154 2097/2079/3208 2085/2090/3222
f 2098/2097/3229 2036/2027/3143 2057/2066/3189
f 2057/2066/3189 2065/2073/3200 2098/2097/3229
f 2061/2046/3166 2089/2092/3224 2060/2056/3179
f 2089/2092/3224 2066/2057/3180 2076/2082/3211
f 2090/2049/3170 2067/2048/3169 2091/2098/3230
f 2091/2098/3230 2067/2048/3169 2068/2058/3181
f 2100/2099/3231 2092/2094/3226 2093/2083/3215
f 2093/2083/3232 2048/2038/3203 2083/2084/3216
f 2101/2100/3233 2052/2052/3173 2078/2076/3204
f 2078/2076/3204 1992/1991/3084 2053/2053/3174
f 2117/2101/3234 2015/2021/3133 2069/2068/3193
f 2094/2102/3235 2063/2069/3218 2070/2070/3195
f 2073/2054/3176 2081/2064/3197 2103/2088/3220
f 2064/2065/3188 2104/2103/3236 2103/2088/3220
f 2104/2103/3236 2064/2065/3188 2095/2041/3161
f 2105/2104/3237 2054/2044/3164 2085/2090/3222
f 2087/2091/3223 2058/2035/3155 2088/2067/3190
f 2088/2067/3190 2024/2017/3127 2121/2105/3238
f 2024/2017/3127 2082/2081/3210 2121/2105/3238
f 2059/2055/3178 2051/2045/3165 2106/2106/3239
f 2051/2045/3165 2075/2074/3201 2106/2106/3239
f 2075/2074/3201 2060/2056/3179 2122/2107/3240
f 2107/2108/3241 2077/2075/3214 2090/2049/3213
f 2099/2093/3225 2046/2060/3172 2108/2109/3242
f 2093/2083/3232 2083/2084/3216 2114/2110/3243
f 2083/2084/3216 2052/2052/3173 2101/2100/3233
f 2109/2087/3217 2040/2086/3147 2080/2111/3205
f 2117/2101/3234 2069/2068/3193 2094/2102/3235
f 2069/2068/3193 2063/2069/3218 2094/2102/3235
f 2110/2112/3244 2095/2041/3161 2042/2042/3162
f 2050/2043/3163 2074/2071/3199 2084/2089/3221
f 2084/2089/3221 2074/2071/3199 2118/2096/3228
f 2096/2078/3207 2054/2072/3164 2105/2113/3237
f 2065/2073/3200 2129/2114/3245 2098/2097/3229
f 2065/2073/3200 2086/2080/3209 2129/2114/3245
f 2119/2115/3246 2086/2080/3209 2087/2091/3223
f 2059/2055/3178 2106/2106/3239 2082/2081/3210
f 2075/2074/3201 2122/2107/3240 2106/2106/3239
f 2122/2107/3240 2060/2056/3179 2089/2092/3224
f 2089/2092/3224 2076/2082/3211 2124/2116/3247
f 2125/2117/3248 2076/2082/3211 2077/2075/3202
f 2125/2117/3249 2077/2075/3250 2107/2108/3251
f 2108/2109/3242 2046/2060/3172 2092/2118/3226
f 2113/2119/3252 2092/2094/3226 2100/2099/3231
f 2053/2053/3174 2079/2095/3227 2126/2120/3253
f 2079/2095/3227 2039/2009/3112 2171/2121/3254
f 2039/2009/3112 2062/2039/3159 2171/2121/3254
f 2034/2026/3141 2015/2021/3133 2116/2122/3255
f 2095/2041/3161 2110/2112/3244 2133/2123/3256
f 2042/2042/3162 2084/2089/3221 2110/2112/3244
f 2085/2090/3222 2097/2079/3208 2128/2124/3257
f 2111/2125/3258 2097/2079/3208 2036/2027/3143
f 2087/2091/3223 2088/2067/3190 2120/2126/3259
f 2107/2108/3260 2090/2049/3170 2091/2098/3230
f 2099/2093/3225 2108/2109/3242 2112/2127/3261
f 2100/2099/3262 2093/2083/3232 2114/2110/3243
f 2114/2110/3243 2083/2084/3216 2101/2100/3233
f 2078/2076/3204 2053/2053/3174 2126/2120/3253
f 2080/2077/3205 2034/2026/3141 2116/2122/3255
f 2127/2128/3263 2071/2033/3150 2102/2062/3185
f 2102/2062/3185 2072/2063/3186 2127/2128/3263
f 2073/2054/3176 2103/2088/3220 2072/2063/3186
f 2104/2103/3236 2095/2041/3161 2133/2123/3256
f 2118/2096/3228 2096/2078/3207 2134/2129/3264
f 2134/2129/3264 2096/2078/3207 2105/2113/3237
f 2105/2104/3237 2085/2090/3222 2128/2124/3257
f 2097/2079/3208 2111/2125/3258 2128/2124/3257
f 2036/2027/3143 2098/2097/3229 2111/2125/3258
f 2082/2081/3210 2106/2106/3239 2136/2130/3265
f 2089/2092/3224 2124/2116/3247 2123/2131/3266
f 2124/2116/3247 2076/2082/3211 2130/2132/3267
f 2076/2082/3211 2125/2117/3248 2130/2132/3267
f 2131/2133/3268 2091/2098/3230 2068/2058/3181
f 2131/2133/3268 2068/2058/3181 2099/2093/3225
f 2131/2133/3268 2099/2093/3225 2112/2127/3261
f 2132/2134/3269 2108/2109/3242 2113/2135/3252
f 2108/2109/3242 2092/2118/3226 2113/2135/3252
f 2117/2101/3234 2094/2102/3235 2070/2070/3195
f 2118/2096/3228 2142/2136/3270 2152/2137/3271
f 2121/2105/3238 2082/2081/3210 2136/2130/3265
f 2136/2130/3265 2106/2106/3239 2137/2138/3272
f 2106/2106/3239 2122/2107/3240 2137/2138/3272
f 2122/2107/3240 2089/2092/3224 2138/2139/3273
f 2138/2139/3273 2089/2092/3224 2123/2131/3266
f 2123/2131/3266 2124/2116/3247 2164/2140/3274
f 2107/2108/3260 2091/2098/3230 2131/2133/3268
f 2112/2127/3261 2108/2109/3242 2132/2134/3269
f 2132/2134/3269 2113/2135/3252 2162/2141/3275
f 2113/2119/3252 2100/2099/3262 2139/2142/3276
f 2100/2099/3262 2114/2110/3243 2139/2142/3276
f 2101/2100/3233 2078/2076/3204 2126/2120/3253
f 2116/2122/3255 2015/2021/3133 2117/2101/3234
f 2070/2070/3195 2071/2033/3150 2127/2128/3263
f 2072/2063/3186 2103/2088/3220 2141/2143/3277
f 2084/2089/3221 2118/2096/3228 2110/2112/3244
f 2110/2112/3244 2118/2096/3228 2152/2137/3271
f 2118/2096/3228 2134/2129/3264 2142/2136/3270
f 2105/2104/3237 2128/2124/3257 2143/2144/3278
f 2129/2114/3245 2086/2080/3209 2174/2145/3279
f 2174/2145/3279 2086/2080/3209 2119/2115/3246
f 2088/2067/3190 2121/2105/3238 2120/2126/3259
f 2122/2107/3240 2138/2139/3273 2137/2138/3272
f 2138/2139/3273 2123/2131/3266 2145/2146/3280
f 2170/2147/3281 2124/2116/3247 2130/2132/3267
f 2125/2117/3249 2107/2108/3251 2146/2148/3282
f 2166/2149/3283 2112/2127/3261 2132/2134/3269
f 2113/2119/3252 2139/2142/3276 2162/2150/3275
f 2139/2142/3276 2114/2110/3243 2148/2151/3284
f 2148/2151/3284 2114/2110/3243 2101/2100/3233
f 2149/2152/3285 2101/2153/3233 2126/2154/3253
f 2171/2155/3254 2062/2085/3159 2150/2156/3286
f 2062/2085/3159 2109/2087/3217 2150/2156/3286
f 2163/2157/3287 2109/2087/3217 2080/2111/3205
f 2117/2101/3234 2070/2070/3195 2127/2128/3263
f 2127/2128/3263 2072/2063/3186 2141/2143/3277
f 2141/2143/3277 2103/2088/3220 2104/2103/3236
f 2105/2113/3237 2143/2158/3278 2154/2159/3288
f 2143/2144/3278 2128/2124/3257 2155/2160/3289
f 2128/2124/3257 2111/2125/3258 2155/2160/3289
f 2155/2160/3289 2111/2125/3258 2156/2161/3290
f 2175/2162/3291 2087/2091/3223 2120/2126/3259
f 2135/2163/3292 2121/2105/3238 2136/2130/3265
f 2145/2146/3280 2123/2131/3266 2164/2140/3274
f 2124/2116/3247 2170/2147/3281 2164/2140/3274
f 2107/2108/3260 2131/2133/3268 2147/2164/3293
f 2147/2164/3293 2131/2133/3268 2195/2165/3294
f 2159/2166/3295 2166/2149/3283 2132/2134/3269
f 2160/2167/3296 2132/2134/3269 2161/2168/3297
f 2132/2134/3269 2162/2141/3275 2161/2168/3297
f 2148/2169/3284 2101/2153/3233 2149/2152/3285
f 2163/2157/3287 2080/2111/3205 2140/2170/3298
f 2080/2077/3205 2116/2122/3255 2140/2171/3298
f 2133/2123/3256 2110/2112/3244 2152/2137/3271
f 2142/2136/3270 2134/2129/3264 2153/2172/3299
f 2134/2129/3264 2105/2113/3237 2154/2159/3288
f 2111/2125/3258 2098/2097/3229 2157/2173/3300
f 2098/2097/3229 2129/2114/3245 2169/2174/3301
f 2119/2115/3246 2087/2091/3223 2175/2162/3291
f 2125/2117/3248 2146/2148/3282 2165/2175/3302
f 2107/2108/3251 2147/2164/3303 2146/2148/3282
f 2195/2165/3294 2131/2133/3268 2166/2149/3283
f 2132/2134/3269 2160/2167/3296 2167/2176/3304
f 2168/2177/3305 2139/2142/3276 2148/2151/3284
f 2104/2103/3236 2133/2123/3256 2187/2178/3306
f 2153/2172/3299 2134/2129/3264 2154/2159/3288
f 2129/2114/3245 2174/2145/3279 2169/2174/3301
f 2120/2126/3259 2121/2105/3238 2175/2162/3307
f 2121/2105/3238 2135/2163/3292 2175/2162/3307
f 2135/2163/3292 2136/2130/3265 2185/2179/3308
f 2136/2130/3265 2137/2138/3272 2185/2179/3308
f 2170/2147/3281 2130/2132/3267 2165/2175/3302
f 2130/2132/3267 2125/2117/3248 2165/2175/3302
f 2131/2133/3268 2112/2127/3261 2166/2149/3283
f 2159/2166/3295 2132/2134/3269 2167/2176/3304
f 2162/2150/3275 2139/2142/3276 2168/2177/3305
f 2126/2120/3253 2079/2095/3227 2171/2121/3254
f 2140/2171/3298 2116/2122/3255 2182/2180/3309
f 2151/2181/3310 2127/2128/3263 2141/2143/3277
f 2141/2143/3277 2104/2103/3236 2187/2178/3306
f 2152/2137/3271 2142/2136/3270 2153/2172/3299
f 2143/2144/3278 2155/2160/3289 2172/2182/3311
f 2155/2160/3289 2156/2161/3290 2188/2183/3312
f 2156/2161/3290 2111/2125/3258 2216/2184/3313
f 2111/2125/3258 2157/2173/3300 2216/2184/3313
f 2157/2173/3300 2098/2097/3229 2169/2174/3301
f 2174/2145/3279 2119/2115/3246 2175/2162/3291
f 2138/2139/3273 2145/2146/3280 2177/2185/3314
f 2164/2140/3274 2170/2147/3281 2178/2186/3315
f 2146/2148/3282 2147/2164/3303 2195/2165/3316
f 2167/2176/3304 2160/2167/3317 2179/2187/3318
f 2160/2167/3317 2161/2168/3297 2179/2187/3318
f 2161/2168/3297 2162/2141/3275 2168/2188/3305
f 2180/2189/3319 2148/2169/3284 2149/2152/3285
f 2150/2156/3286 2109/2087/3217 2186/2190/3320
f 2116/2122/3255 2117/2101/3234 2182/2180/3309
f 2117/2101/3234 2127/2128/3263 2151/2181/3310
f 2154/2159/3288 2143/2158/3278 2172/2191/3311
f 2155/2160/3289 2188/2183/3312 2183/2192/3321
f 2183/2192/3322 2188/2183/3323 2184/2193/3324
f 2192/2194/3325 2174/2145/3279 2175/2162/3291
f 2137/2138/3272 2138/2139/3273 2177/2185/3314
f 2195/2165/3316 2166/2149/3326 2196/2195/3327
f 2168/2196/3305 2148/2169/3284 2180/2189/3319
f 2149/2152/3285 2126/2154/3253 2181/2197/3328
f 2181/2197/3328 2126/2154/3253 2171/2155/3254
f 2186/2190/3320 2109/2087/3217 2163/2157/3287
f 2163/2157/3287 2140/2170/3298 2212/2198/3329
f 2182/2180/3309 2117/2101/3234 2151/2181/3310
f 2133/2123/3256 2152/2137/3271 2187/2178/3306
f 2152/2137/3271 2153/2172/3299 2187/2178/3306
f 2183/2192/3330 2184/2193/3331 2271/2199/3332
f 2188/2183/3312 2156/2161/3290 2189/2200/3333
f 2190/2201/3334 2156/2161/3290 2216/2184/3313
f 2169/2174/3301 2174/2145/3279 2191/2202/3335
f 2175/2162/3307 2135/2163/3292 2185/2179/3308
f 2137/2138/3272 2177/2185/3314 2185/2179/3308
f 2145/2146/3280 2164/2140/3274 2194/2203/3336
f 2194/2203/3336 2164/2140/3274 2178/2186/3315
f 2166/2149/3326 2159/2166/3295 2196/2195/3327
f 2161/2168/3297 2168/2188/3305 2203/2204/3337
f 2182/2205/3309 2151/2206/3310 2197/2207/3338
f 2151/2181/3310 2141/2143/3277 2198/2208/3339
f 2198/2208/3339 2141/2143/3277 2187/2178/3306
f 2153/2172/3299 2154/2159/3288 2199/2209/3340
f 2154/2159/3288 2172/2191/3311 2199/2209/3340
f 2172/2182/3311 2155/2160/3289 2183/2192/3321
f 2206/2210/3341 2184/2193/3324 2188/2183/3323
f 2188/2183/3342 2189/2200/3333 2200/2211/3343
f 2189/2200/3333 2156/2161/3290 2190/2201/3334
f 2157/2173/3300 2169/2174/3301 2216/2184/3313
f 2218/2212/3344 2175/2162/3307 2185/2179/3308
f 2177/2185/3314 2145/2146/3280 2193/2213/3345
f 2193/2213/3345 2145/2146/3280 2194/2203/3336
f 2165/2175/3302 2146/2148/3282 2201/2214/3346
f 2201/2214/3346 2146/2148/3282 2195/2165/3316
f 2159/2166/3295 2167/2176/3304 2196/2195/3327
f 2202/2215/3347 2196/2195/3327 2167/2176/3304
f 2220/2216/3348 2167/2176/3304 2179/2187/3318
f 2179/2187/3318 2161/2168/3297 2203/2204/3337
f 2149/2152/3285 2181/2197/3328 2180/2189/3319
s 0
f 2205/2217/3349 2183/2192/3349 2271/2199/3349
f 2188/2183/3350 2200/2211/3350 2206/2210/3350
s 1
f 2216/2184/3313 2169/2174/3301 2191/2202/3335
f 2192/2194/3325 2175/2162/3307 2207/2218/3351
f 2207/2218/3351 2175/2162/3307 2218/2212/3344
f 2178/2186/3315 2170/2147/3281 2210/2219/3352
f 2210/2219/3352 2170/2147/3281 2165/2175/3302
f 2201/2214/3346 2195/2165/3316 2196/2195/3327
f 2211/2220/3353 2179/2187/3318 2203/2204/3337
f 2203/2221/3337 2168/2196/3305 2180/2189/3319
f 2199/2222/3340 2172/2182/3311 2222/2223/3354
f 2222/2223/3354 2172/2182/3311 2183/2192/3321
f 2214/2224/3355 2205/2217/3356 2271/2199/3357
f 2271/2199/3332 2184/2193/3331 2206/2210/3358
f 2174/2145/3279 2192/2194/3325 2217/2225/3359
f 2218/2212/3344 2185/2179/3308 2177/2185/3314
f 2193/2213/3345 2194/2203/3336 2219/2226/3360
f 2178/2186/3315 2209/2227/3361 2194/2203/3336
f 2202/2215/3347 2167/2176/3304 2220/2216/3348
f 2203/2221/3337 2180/2189/3319 2204/2228/3362
f 2204/2228/3362 2180/2189/3319 2181/2197/3328
f 2221/2229/3363 2181/2197/3328 2171/2155/3254
f 2198/2208/3339 2187/2178/3306 2153/2172/3299
f 2153/2172/3299 2199/2209/3340 2198/2208/3339
f 2198/2230/3339 2199/2222/3340 2213/2231/3364
f 2310/2232/3365 140/1511/2306 1618/1512/2307
f 2368/2233/3366 1618/1512/2307 1441/1513/2308
f 1577/1514/2309 2276/2234/3367 1491/1464/2227
f 1577/1611/2309 1578/1550/2373 2276/2235/3367
f 1620/1658/2539 135/1616/2468 2277/2236/3368
f 135/1616/2468 1654/1618/2470 2225/2237/3369
f 2225/2237/3369 1654/1618/2470 1653/2238/3370
f 1621/2239/3371 1654/1618/2470 1655/1617/2469
f 2227/2240/3372 1655/1617/2469 139/1412/2149
f 1656/1659/2540 1496/1466/2233 1622/1620/2472
f 1424/1384/2113 1434/1399/2131 2228/1660/2541
f 1434/1399/2131 1443/1402/2134 1657/1551/2376
f 1657/1551/2376 1540/1467/2234 2315/2241/3373
f 1581/1557/2385 1583/1561/2390 2316/1661/2542
f 2316/1661/2542 1583/1561/2390 1584/1562/2392
f 1585/1520/2476 1586/1521/2545 1658/1663/2546
f 1588/1475/2479 1503/1476/2547 1624/1622/2478
f 1589/1570/2406 1590/1571/2483 1660/2242/3374
f 1660/2242/3374 1590/1571/2483 1662/1666/2551
f 2238/2243/3375 1664/1668/2553 1665/1669/2554
f 1548/1525/2330 1235/1191/1791 1313/1270/1932
f 1666/1626/2492 1550/1431/2491 1667/1627/2493
f 1514/1490/2415 1551/1527/3376 1667/1627/2493
f 1551/1527/3376 1552/1528/2494 1667/1627/2493
f 1552/1528/2494 2322/1628/2496 1667/1627/2493
f 2322/1628/2496 1553/1491/2495 2240/2244/3377
s 0
f 2240/2244/3378 1553/1491/3378 1632/1629/3378
s 1
f 1349/1306/2001 1316/1275/1940 2241/2245/3379
f 2241/2245/3379 1316/1275/1940 1633/1578/2420
f 2242/2246/3380 1633/1578/2420 2289/2247/3381
f 1633/1578/2420 1634/1579/2421 2289/2247/3381
f 1595/1529/2340 1669/1530/2341 2244/2248/3382
f 1669/1530/2341 1519/1438/2194 2292/2249/3383
f 1636/1631/3384 1596/1581/3385 2293/1671/3386
f 2293/1671/3386 1554/1531/3387 1670/1672/3388
f 1670/1672/3389 1212/1176/3390 2246/1632/2505
s 0
f 1149/1104/3391 1467/1439/3391 2247/1634/3391
s 1
f 1637/1633/2506 1597/1582/3392 2247/1634/2508
f 1671/1673/2565 1557/1534/2564 1598/1535/3393
f 1671/1673/2565 1558/1536/3394 2296/2250/3395
f 1558/1536/3394 1599/1537/3396 2296/2250/3395
f 2248/2251/3397 1352/1311/2199 1672/1441/2200
f 2381/2252/3398 1561/1583/2436 1600/1635/2511
f 1562/1584/2437 1601/1539/2356 2250/2253/3399
f 1638/1638/2513 1529/1502/2568 2251/2254/3400
s 0
f 1529/1502/3401 1471/1445/3401 2251/2254/3401
f 2251/2254/3402 1471/1445/3402 1603/1540/3402
s 1
f 1531/1314/2016 1675/1677/2572 2254/1676/2571
f 1354/1315/2017 1639/1588/2441 2255/2255/3403
f 1606/1589/2442 137/1643/2520 2256/2256/3404
f 137/1643/2520 1607/1644/2521 2256/2256/3404
f 2257/2257/3405 1608/1543/2362 2300/2258/3406
f 1610/1645/2444 1355/1317/2019 1611/1545/2364
f 1355/1317/2019 1567/1505/2300 1611/1545/2364
f 1477/1596/2211 1677/2259/2522 1676/1679/2574
f 1678/1680/2575 1329/1319/2526 1679/1597/3407
f 1679/1597/3408 735/708/1017 1568/1598/2447
f 1642/1681/3409 1479/1455/2214 1613/1599/3410
f 1613/1599/3410 1479/1455/2214 1480/1456/2216
f 1357/1320/2024 1569/1546/2366 1680/2260/3411
f 1680/2260/3411 1569/1546/2366 2301/1682/2578
f 2301/1682/2578 1358/1321/3412 2260/2261/3413
f 1681/2262/2579 1359/1457/2218 722/695/993
f 1646/1601/2451 1482/1323/2027 2263/2263/3414
f 2263/2263/3414 1482/1323/2027 1683/1652/2531
s 0
f 1683/2264/3415 1684/2265/3415 2264/2266/3415
f 2264/2266/3416 1684/2265/3416 1685/1685/3416
f 1684/2265/3417 1570/1603/3417 1685/1685/3417
s 1
f 1685/1685/3418 1616/1605/3419 2265/2267/3420
f 1616/1605/3419 1536/1604/2532 2265/2267/3420
f 2265/2268/3420 1536/1653/2532 1361/1327/2031
f 1361/1327/2031 729/701/1006 1647/1654/2533
f 1647/1654/2533 1648/1655/2534 2266/2269/3421
f 2266/2270/3421 1648/1656/2534 2267/2271/3422
f 1648/1656/2534 1571/1547/2369 2267/2271/3422
f 1571/1547/2369 1572/1548/2370 2267/2271/3422
f 2355/2272/3423 1686/1686/2583 1688/1606/2456
f 2357/2273/3424 1649/1657/2536 1438/1462/2225
f 1689/1687/2584 1439/1463/2226 1490/1549/2371
f 1440/1409/2145 2270/1688/2585 1490/1549/2371
f 1490/1549/2371 2270/1688/2585 2268/2274/3425
f 1369/1408/2144 1651/1609/2459 1691/1690/2587
f 2214/2224/3355 2271/2199/3357 140/1511/2306
s 0
f 2200/2211/3426 2189/2200/3426 2215/2275/3426
s 1
f 2190/2201/3334 2216/2184/3313 2272/2276/3427
f 2174/2145/3279 2217/2225/3359 2191/2202/3335
f 2210/2219/3352 2165/2175/3302 2273/2277/3428
f 2165/2175/3302 2201/2214/3346 2273/2277/3428
f 2201/2214/3346 2196/2195/3327 2273/2277/3428
f 2273/2277/3428 2196/2195/3327 2202/2215/3347
f 2220/2216/3348 2179/2187/3318 2211/2220/3353
f 2221/2229/3363 2171/2155/3254 2150/2156/3286
f 2309/2278/3429 2197/2207/3338 2198/2230/3339
f 2197/2207/3338 2151/2206/3310 2198/2230/3339
f 2199/2222/3340 2222/2223/3354 2274/2279/3430
f 2222/2223/3431 2183/2192/3432 2205/2217/3433
f 2275/2280/3434 2205/2217/3356 2214/2224/3355
f 140/1511/2306 2310/2232/3365 2214/2224/3355
f 1576/1610/2460 1491/1464/2227 2223/2281/3435
f 1493/1411/3436 2224/1612/3437 1578/1550/2373
f 2224/1612/2463 1652/1613/2537 2369/2282/3438
f 2277/2236/3368 135/1616/2468 2225/2237/3369
f 2404/2283/3439 1621/2239/3371 1655/1617/2469
f 2230/1662/2543 1585/1520/2476 1658/1663/2546
f 1658/1663/2546 1543/1563/2477 1587/1564/2398
f 1587/1564/2398 1659/1522/2321 2280/2284/3440
f 2231/1566/2402 1545/1567/2403 1627/2285/3441
f 1627/2285/3441 1545/1567/2403 2232/2286/3442
f 2232/2286/3442 1545/1567/2403 2233/2287/3443
f 1509/1569/2405 2236/1665/2549 2235/1568/2404
f 1343/1301/2263 1589/1570/3444 2236/1665/2549
f 1628/1667/2552 1590/1571/2483 1663/1572/3445
f 2239/1625/3446 1666/1626/3447 2284/2288/3448
f 1666/1626/2492 1667/1627/2493 2377/2289/3449
f 1667/1627/2493 2322/1628/2496 2285/2290/3450
f 1348/1305/3451 1294/1222/1846 2286/1670/2559
f 1464/1492/2418 1594/1577/2417 2287/2291/3452
f 1517/1493/2338 1349/1306/2001 2288/2292/3453
f 1634/1579/2421 2243/1630/2502 2290/2293/3454
f 2243/1630/2502 1595/1529/2340 2291/2294/3455
f 1595/1529/2340 2244/2248/3382 2291/2294/3455
f 2292/2249/3383 1635/1580/2422 2245/2295/3456
f 1635/1580/2422 1636/1631/2504 2245/2295/3456
f 2293/1671/3386 2245/2295/3457 1636/1631/3384
f 2246/1632/2505 1149/1104/1662 2333/2296/3458
f 1149/1104/1662 2247/1634/3459 2333/2296/3458
f 2247/1634/3460 1597/1582/3461 2294/2297/3462
f 1597/1582/3461 1671/1673/3463 2294/2297/3462
f 1598/1535/3393 1558/1536/3394 1671/1673/2565
f 1671/1673/3464 2296/2250/3465 2295/2298/3466
f 1599/1537/3396 1523/1497/3467 2296/2250/3395
f 2296/2250/3468 1523/1497/2289 1352/1311/2010
f 2250/2253/3399 1601/1539/2356 1602/1636/2512
f 1638/1638/2513 2251/2254/3400 2297/2299/3469
f 1530/1675/2569 1674/1641/2518 2424/2300/3470
f 1674/1641/2518 1473/1503/2298 2338/2301/3471
f 2252/1642/2519 1565/1542/2361 1604/1586/2439
f 1604/1586/2439 1605/1451/2209 2253/2302/3472
f 1675/1677/2572 1532/1452/2210 2298/2303/3473
f 1532/1452/2210 1566/1587/2440 2255/2255/3403
f 1566/1587/2440 1354/1315/2017 2255/2255/3403
f 1608/1543/2362 2257/2257/3405 1607/1644/2521
f 1608/1543/2362 1476/1544/2363 2300/2258/3406
f 2259/2304/3474 1641/1648/2576 1642/1681/2577
f 2260/2261/3413 1358/1321/3412 1643/1649/3475
f 2261/2305/3476 1643/1649/3477 2262/2306/3478
f 1643/1649/2528 1359/1457/2218 2262/2306/3479
f 2262/2306/3480 1359/1457/2218 1681/2262/2579
f 2265/2268/3420 1361/1327/2031 2266/2269/3421
f 1361/1327/2031 1647/1654/2533 2266/2269/3421
f 1572/1548/2370 1686/1686/2583 2267/2271/3422
f 1688/1606/2456 1575/1607/2457 2356/2307/3481
f 2356/2307/3481 1575/1607/2457 1649/1657/2536
f 2357/2273/3424 1438/1462/2225 1689/1687/2584
f 1689/1687/2584 1490/1549/2371 2393/2308/3482
f 2268/2274/3425 2270/1688/2585 2269/2309/3483
f 1650/1689/2586 1617/1608/2458 2358/2310/3484
f 140/1511/2306 2271/2199/3357 2551/2311/3485
f 2200/2211/3486 2215/2275/3487 2206/2210/3488
s 0
f 2189/2200/3489 2190/2201/3489 2215/2275/3489
s 1
f 2303/2312/3490 2190/2201/3491 2272/2276/3492
f 2272/2276/3427 2216/2184/3313 2304/2313/3493
f 2304/2313/3493 2216/2184/3313 2191/2202/3335
f 2177/2185/3314 2193/2213/3345 2305/2314/3494
f 2178/2186/3315 2210/2219/3352 2209/2227/3361
f 2307/2315/3495 2204/2228/3362 2181/2197/3328
f 2150/2156/3286 2186/2190/3320 2221/2229/3363
f 2212/2198/3329 2140/2170/3298 2308/2316/3496
f 2140/2170/3298 2182/2317/3309 2308/2316/3496
f 2308/2316/3496 2182/2317/3309 2197/2318/3338
f 2213/2231/3364 2199/2222/3340 2364/2319/3497
f 2364/2319/3497 2199/2222/3340 2274/2279/3430
f 2222/2223/3498 2205/2217/3433 2275/2280/3499
f 2310/2232/3365 1618/1512/2307 2368/2233/3366
f 1441/1513/2308 1576/1610/2460 2368/2233/3366
f 1491/1464/2227 2276/2234/3367 2223/2281/3435
f 1578/1550/2373 2224/1612/3437 2311/2320/3500
f 2369/2282/3438 1652/1613/2537 2312/2321/3501
f 1652/1613/3502 1579/1614/2538 2312/2321/3503
f 1579/1614/2538 1619/1615/3504 2312/2321/3503
f 1619/1615/3504 1620/1658/3505 2313/2322/3506
f 1653/2238/3370 1654/1618/2470 2278/2323/3507
f 2278/2323/3507 1654/1618/2470 2403/2324/3508
f 2403/2324/3508 1654/1618/2470 1621/2239/3371
f 1655/1617/2469 2227/2240/3372 2404/2283/3439
f 1434/1399/2131 1657/1551/2376 2228/1660/2541
f 1657/1551/2376 2279/2325/3509 2228/1660/2541
f 2279/2325/3509 1657/1551/2376 2315/2241/3373
f 1540/1467/2234 1623/1554/2380 2229/2326/3510
f 2229/2326/3510 1623/1554/2380 2316/1661/2542
f 2316/1661/2542 1584/1562/2392 2317/2327/3511
f 2317/2327/3511 1584/1562/2392 2230/1662/2543
f 1624/1622/2478 1544/1523/2399 1625/1623/2480
f 1625/1623/2480 1626/1565/2401 1507/1481/2258
f 1507/1481/2258 1508/1483/2261 2231/1566/2402
f 1508/1483/2261 138/1482/2260 2231/1566/2402
f 2233/2287/3443 1545/1567/2403 2234/1664/2548
f 1589/1570/3444 1660/2242/3512 2281/2328/3513
f 1660/2242/3512 1662/1666/3514 2281/2328/3513
f 2281/2328/3513 1662/1666/3514 1628/1667/3515
f 1628/1667/2552 1663/1572/3445 2318/2329/3516
f 2318/2329/3516 1663/1572/3445 2319/2330/3517
f 1663/1572/2409 1512/1485/2265 2319/2330/3518
f 1512/1485/2265 1513/1486/3519 2319/2330/3518
f 1513/1486/3519 1546/1573/3520 2320/2331/3521
f 1546/1573/3520 1664/1668/3522 2282/2332/3523
f 2282/2332/3523 1664/1668/3522 2237/2333/3524
f 2283/2334/3525 2237/2333/3524 1664/1668/3522
f 2283/2334/3525 1664/1668/3522 2238/2243/3526
f 2321/2335/3527 1665/1669/2554 1459/1488/2268
f 1548/1525/2330 1313/1270/1932 1592/1574/2412
f 1630/1575/2414 1631/1526/2556 2239/1625/3446
f 2377/2289/3528 2284/2288/3448 1666/1626/3447
f 2240/2244/3529 1632/1629/2499 2323/2336/3530
f 2323/2336/3530 1632/1629/2499 1348/1305/2498
f 2324/2337/3531 2286/1670/2559 1464/1492/2279
f 2286/1670/2559 1593/1576/2416 1464/1492/2279
f 2325/1434/2501 2287/2291/3532 1594/1577/2500
f 1516/1435/2280 1517/1493/2419 2326/2338/3533
f 2288/2292/3453 1349/1306/2001 2327/2339/3534
f 2327/2339/3534 1349/1306/2001 2241/2245/3379
f 2241/2245/3379 1633/1578/2420 2242/2246/3380
f 2242/2246/3380 2289/2247/3381 2379/2340/3535
f 2291/2294/3455 2244/2248/3382 2328/2341/3536
f 2244/2248/3382 1669/1530/2341 2329/2342/3537
f 2329/2342/3537 1669/1530/2341 2292/2249/3383
f 1519/1438/2194 1635/1580/2422 2292/2249/3383
f 2293/1671/3386 1670/1672/3388 2330/2343/3538
f 2247/1634/3539 2294/2297/3540 2333/2296/3541
f 2296/2250/3542 1352/1311/2199 2248/2251/3397
f 1559/1498/2290 1560/1538/2355 2249/2344/3543
f 1673/1674/2567 1526/1500/2292 2381/2252/3398
f 1526/1500/2292 1561/1583/2436 2381/2252/3398
f 2381/2252/3398 1600/1635/2511 2335/2345/3544
f 1602/2346/2512 1638/1638/2513 2336/2347/3545
f 2336/2347/3545 1638/1638/2513 2297/2299/3469
f 1603/2348/3546 1530/2349/2569 2424/2350/3470
f 1674/1641/2518 2338/2301/3471 2337/2351/3547
f 1473/1503/2298 2252/1642/2519 2338/2301/3471
f 2253/2302/3472 1605/1451/2209 2254/1676/2571
f 2340/2352/3548 1532/1452/2210 2255/2255/3403
f 2255/2255/3403 1639/1588/2441 2428/2353/3549
f 1639/1588/2441 1606/1589/2442 2299/2354/3550
f 2341/2355/3551 2299/2354/3550 1606/1589/2442
f 1606/1589/2442 2256/2256/3404 2341/2355/3551
f 2256/2256/3404 1607/1644/2521 2342/2356/3552
f 2342/2356/3552 1607/1644/2521 2257/2257/3405
f 1476/1544/2363 2258/1678/2573 134/2357/3553
f 1609/1590/2443 1610/1591/2444 1612/1595/2445
f 2344/2358/3554 1679/1597/3408 1568/1598/2447
f 1568/1598/2448 1641/1648/2527 2345/2359/3555
f 1613/1599/2449 1614/1506/2301 2471/2360/3556
f 1615/1600/2450 1357/1320/2024 2347/2361/3557
f 1357/1320/2024 1680/2260/3411 2347/2361/3557
f 1680/2260/3411 2301/1682/2578 2348/2362/3558
f 1643/1649/3477 2261/2305/3476 2260/2261/3559
f 2349/2363/3560 2261/2364/3561 2262/2365/3562
f 1360/1322/2026 1644/1650/2529 1681/1683/3563
s 0
f 1681/1683/3564 1644/1650/3564 2350/2366/3564
s 1
f 2263/2367/3565 1683/2264/3566 2353/2368/3567
f 1683/2264/3566 2264/2266/3568 2353/2368/3567
f 2264/2266/3569 1685/1685/3570 2265/2267/3420
f 2267/2271/3422 1686/1686/2583 2354/2369/3571
f 1686/1686/2583 2355/2272/3423 2354/2369/3571
f 2355/2272/3423 1688/1606/2456 2356/2307/3481
f 2358/2310/3484 1617/1608/2458 1690/1692/2589
f 1651/1609/2459 140/1511/2306 2551/2311/3485
f 2215/2275/3487 2190/2201/3491 2303/2312/3490
f 2217/2225/3359 2192/2194/3325 2207/2218/3351
f 2479/2370/3572 2218/2212/3344 2177/2185/3314
f 2219/2226/3360 2194/2203/3336 2361/2371/3573
f 2361/2371/3573 2194/2203/3336 2209/2227/3361
f 2273/2277/3428 2202/2215/3347 2440/2372/3574
f 2220/2216/3348 2211/2220/3353 2362/2373/3575
f 2211/2220/3353 2203/2204/3337 2395/2374/3576
f 2363/2375/3577 2186/2190/3320 2163/2157/3287
f 2309/2278/3429 2198/2230/3339 2213/2231/3364
f 2274/2279/3430 2222/2223/3354 2365/2376/3578
s 0
f 2365/2376/3579 2222/2223/3579 2366/2377/3579
s 1
f 2366/2377/3580 2222/2223/3431 2275/2280/3581
f 2310/2232/3365 2368/2233/3366 2367/2378/3582
f 1578/1550/2373 2311/2320/3500 2276/2235/3367
f 2311/2320/3500 2224/1612/3437 2398/2379/3583
f 1619/1615/3504 2313/2322/3506 2312/2321/3503
f 2312/2321/3501 2313/2322/3584 2369/2282/3438
f 2313/2322/3506 1620/1658/3505 2277/2236/3585
f 2403/2324/3508 1621/2239/3371 133/2380/3586
f 139/1412/2149 1656/1659/2540 2227/2240/3372
f 1656/1659/2540 2314/2381/3587 2227/2240/3372
f 1656/1659/2540 1622/1620/2472 2314/2381/3587
f 1580/1619/2471 2228/1660/2541 2450/2382/3588
f 2450/2382/3588 2228/1660/2541 2279/2325/3509
f 2280/2284/3440 1659/1522/2321 1624/1622/2478
f 1625/1623/2480 1507/1481/2258 2406/2383/3589
f 1507/1481/2258 2231/1566/2402 2406/2383/3589
f 2406/2383/3589 2231/1566/2402 2371/2384/3590
f 2231/1566/2402 1627/2285/3441 2371/2384/3590
f 2372/2385/3591 2234/1664/2548 2235/1568/2404
f 2236/1665/2549 1589/1570/3444 2281/2328/3513
f 2281/2328/3513 1628/1667/3515 2373/2386/3592
f 2373/2386/3592 1628/1667/3515 2318/2329/3593
f 2319/2330/3518 1513/1486/3519 2320/2331/3521
f 2283/2334/3525 2238/2243/3526 2375/2387/3594
f 2238/2243/3375 1665/1669/2554 2375/2387/3595
f 1629/1624/2485 1548/1525/2555 2411/2388/3596
f 2412/2389/3597 1548/1525/2330 1592/1574/2412
f 2324/2337/3598 1464/1492/2418 2287/2291/3452
f 2325/1434/2190 1516/1435/2191 2326/2338/3533
f 2326/2338/3533 1517/1493/2419 2288/2292/3599
f 2499/2390/3600 2289/2247/3381 2290/2293/3454
f 2289/2247/3381 1634/1579/2421 2290/2293/3454
f 2290/2293/3454 2243/1630/2502 2291/2294/3455
f 2328/2341/3536 2244/2248/3382 2329/2342/3537
f 2292/2249/3383 2245/2295/3456 2380/2391/3601
f 2331/2392/3602 2330/2343/3603 1670/1672/3389
f 2332/2393/3604 2331/2392/3605 2246/1632/2505
f 2331/2392/3602 1670/1672/3389 2246/1632/2505
f 2294/2297/3540 2334/2394/3606 2333/2296/3541
f 2294/2297/3607 1671/1673/3464 2295/2298/3466
f 2295/2298/3608 2296/2250/3542 2248/2251/3397
f 1672/1441/2200 1559/1498/2290 2249/2344/3543
f 2249/2344/3543 1560/1538/2355 1673/1674/2567
f 2384/2395/3609 1602/2346/2512 2336/2347/3545
f 2251/2254/3400 1603/1540/3546 2297/2299/3469
f 1603/2348/3546 2424/2350/3470 2297/2396/3469
f 2424/2300/3470 1674/1641/2518 2337/2351/3547
f 2338/2301/3471 2252/1642/2519 2339/2397/3610
f 2298/2303/3473 1532/1452/2210 2340/2352/3548
f 2428/2353/3549 1639/1588/2441 2299/2354/3550
f 2300/2258/3406 1476/1544/2363 134/2357/3553
f 1609/1590/2443 1612/1595/2445 1676/1679/2574
f 1640/1647/2524 1678/1680/2575 2431/2398/3611
f 2345/2359/3612 1641/1648/2576 2259/2304/3474
f 1680/2260/3411 2348/2362/3558 2347/2361/3557
f 2348/2399/3613 2301/2400/3614 2433/2401/3615
s 0
f 2433/2401/3616 2301/2400/3616 2260/2402/3616
s 1
f 2260/2402/3617 2261/2364/3561 2349/2363/3560
s 0
f 2262/2365/3618 1681/2403/3618 2386/2404/3618
s 1
f 1644/2405/3619 1645/2406/3620 2507/2407/3621
s 0
f 2352/2408/3622 1645/2406/3622 1682/2409/3622
s 1
f 1682/2409/3623 1646/2410/3624 2387/2411/3625
f 2388/2412/3626 2263/2367/3565 2353/2368/3567
f 2264/2266/3569 2265/2267/3420 2353/2368/3627
f 2266/2270/3421 2267/2271/3422 2390/2413/3628
f 2267/2271/3422 2354/2369/3571 2390/2413/3628
f 2355/2272/3423 2356/2307/3481 2391/2414/3629
f 1649/1657/2536 2357/2273/3424 2356/2307/3481
f 1490/1549/2371 2268/2274/3425 2393/2308/3482
f 2269/2309/3483 2270/1688/2585 2436/2415/3630
f 2206/2210/3488 2215/2275/3487 2271/2199/3631
f 2207/2218/3351 2218/2212/3344 2479/2370/3572
f 2203/2221/3337 2204/2228/3362 2395/2416/3576
f 2395/2416/3576 2204/2228/3362 2307/2315/3495
f 2307/2315/3495 2181/2197/3328 2221/2229/3363
f 2221/2229/3363 2186/2190/3320 2518/2417/3632
f 2364/2319/3497 2274/2279/3430 2396/2418/3633
f 2274/2279/3634 2365/2376/3635 2397/2419/3635
f 2366/2377/3636 2275/2280/3434 2214/2224/3355
f 2369/2282/3438 2313/2322/3584 2447/2420/3637
f 2448/2421/3638 2225/2237/3369 1653/2238/3370
f 1653/2238/3370 2400/2422/3639 2399/2423/3640
f 1653/2238/3370 2278/2323/3507 2401/2424/3641
f 2278/2323/3507 2403/2324/3508 2402/2425/3642
f 1622/1620/2472 1580/1619/2471 2405/2426/3643
f 2405/2426/3643 1580/1619/2471 2450/2382/3588
f 2315/2241/3373 1540/1467/2234 2229/2326/3510
f 1624/1622/2478 1625/1623/2480 2406/2383/3589
f 2233/2287/3443 2234/1664/2548 2452/2427/3644
f 2372/2385/3591 2235/1568/2404 2236/1665/2549
f 2407/2428/3645 2236/1665/2549 2281/2328/3513
f 2319/2330/3517 2320/2331/3646 2408/2429/3647
f 2408/2429/3647 2320/2331/3646 2374/2430/3648
f 2320/2331/3521 1546/1573/3520 2282/2332/3523
f 2374/2430/3648 2282/2332/3649 2237/2333/3650
f 2374/2430/3648 2237/2333/3650 2409/2431/3651
f 2409/2431/3651 2237/2333/3650 2455/2432/3652
f 2375/2387/3595 1665/1669/2554 2456/2433/3653
f 1459/1488/2268 1629/1624/2484 2411/2388/3654
f 2411/2388/3596 1548/1525/3655 2412/2389/3656
f 2538/2434/3657 2412/2389/3597 1592/1574/2412
f 2413/2435/3658 1592/1574/2412 1630/1575/2414
f 2376/2436/3659 2239/1625/3446 2284/2288/3448
f 2414/2437/3660 2284/2288/3448 2377/2289/3528
f 1667/1627/2493 2285/2290/3450 2377/2289/3449
f 2285/2290/3450 2322/1628/2496 131/2438/3661
f 2322/1628/3662 2240/2244/3377 2323/2336/3663
f 2323/2336/3664 1348/1305/3665 2286/1670/2559
f 2416/2439/3666 2286/1670/2559 2324/2337/3531
f 2417/2440/3667 2379/2340/3535 2289/2247/3381
f 2419/2441/3668 2328/2341/3536 2329/2342/3537
f 2329/2342/3537 2292/2249/3383 2420/2442/3669
f 2334/2394/3606 2294/2297/3540 2295/2298/3608
f 2249/2344/3543 1673/1674/2567 2422/2443/3670
f 1600/1635/2511 1562/1584/2437 2335/2345/3544
f 2383/2444/3671 1562/1584/2437 2250/2253/3399
f 2250/2253/3399 1602/1636/2512 2384/2445/3609
f 2337/2351/3547 2338/2301/3471 2425/2446/3672
f 2338/2301/3471 2339/2397/3610 2425/2446/3672
f 2254/1676/2571 1675/1677/2572 2427/2447/3673
f 1675/1677/2572 2298/2303/3473 2427/2447/3673
f 2428/2353/3549 2299/2354/3550 2429/2448/3674
f 132/2449/3675 2299/2354/3550 2341/2355/3551
f 2341/2355/3551 2256/2256/3404 2342/2356/3552
f 2342/2356/3552 2257/2257/3405 2430/2450/3676
f 1678/1680/2575 1679/1597/3407 2506/2451/3677
f 2506/2451/3677 1679/1597/3407 2344/2358/3678
f 2259/2304/3679 1642/1681/3409 2471/2360/3680
f 1642/1681/3409 1613/1599/3410 2471/2360/3680
f 2346/2452/3681 1614/1506/2301 2432/2453/3682
f 1614/1506/2301 1615/1600/2450 2432/2453/3682
f 2432/2453/3682 1615/1600/2450 2347/2361/3557
f 2349/2363/3683 2262/2365/3684 2386/2404/3685
s 0
f 2386/2404/3686 1681/2403/3686 2434/2454/3686
f 1681/2403/3687 2350/2455/3687 2434/2454/3687
s 1
f 2507/2407/3621 1645/2406/3620 2387/2411/3688
s 0
f 1645/2406/3689 2352/2408/3689 2387/2411/3689
s 1
f 1646/2410/3690 2263/2367/3565 2388/2412/3626
f 2265/2267/3420 2266/2270/3421 2390/2413/3628
f 2391/2414/3629 2356/2307/3481 2357/2273/3424
f 1689/1687/2584 2393/2308/3482 2357/2273/3424
f 2393/2308/3482 2268/2274/3425 2435/2456/3691
f 2436/2415/3630 2270/1688/2585 2511/2457/3692
f 2270/1688/2585 1650/1689/2586 2511/2457/3692
f 1692/1691/2588 1691/1690/2587 2437/2458/3693
f 2271/2199/3631 2215/2275/3487 2303/2312/3490
f 2303/2312/3490 2272/2276/3492 2438/2459/3694
f 2272/2276/3492 2304/2313/3695 2438/2459/3694
f 2304/2313/3493 2191/2202/3335 2478/2460/3696
f 2191/2202/3335 2217/2225/3359 2478/2460/3696
f 2479/2370/3572 2177/2185/3314 2305/2314/3494
f 2209/2227/3361 2481/2461/3697 2361/2371/3573
f 2202/2215/3347 2220/2216/3348 2440/2372/3574
f 2362/2373/3575 2211/2220/3353 2395/2374/3576
f 2163/2157/3287 2212/2198/3329 2363/2375/3577
f 2520/2462/3698 2213/2231/3364 2364/2319/3497
f 2364/2319/3497 2396/2418/3633 2443/2463/3699
s 0
f 2396/2418/3700 2274/2279/3700 2444/2464/3700
s 1
f 2444/2464/3701 2274/2279/3634 2445/2465/3702
f 2445/2465/3702 2274/2279/3634 2397/2419/3703
s 0
f 2397/2419/3704 2365/2376/3704 2366/2377/3704
s 1
f 2368/2233/3366 1576/1610/2460 2223/2281/3435
f 2446/2466/3705 2276/2235/3367 2311/2320/3500
f 2224/1612/3437 2369/2282/3706 2398/2379/3583
f 2448/2421/3638 1653/2238/3370 2399/2423/3640
f 2403/2324/3508 133/2380/3586 2449/2467/3707
f 2227/2240/3372 2314/2381/3587 2404/2283/3439
f 2528/2468/3708 1622/1620/2472 2405/2426/3643
f 2451/2469/3709 2315/2241/3373 2229/2326/3510
f 1587/1564/2398 2280/2284/3440 1658/1663/2546
f 2280/2284/3440 1624/1622/2478 2406/2383/3589
f 2371/2384/3590 1627/2285/3441 2533/2470/3710
f 2232/2286/3442 2233/2287/3443 2608/2471/3711
f 2234/1664/2548 2372/2385/3591 2452/2427/3644
f 2236/1665/2549 2407/2428/3645 2372/2385/3591
f 2318/2329/3516 2319/2330/3517 2408/2429/3647
f 2320/2331/3712 2282/2332/3649 2374/2430/3648
f 2374/2430/3648 2409/2431/3651 2454/2472/3713
f 2237/2333/3650 2283/2334/3714 2455/2432/3652
f 2455/2432/3652 2283/2334/3714 2410/2473/3715
f 2283/2334/3716 2375/2387/3717 2492/2474/3718
f 1665/1669/2554 2321/2335/3719 2456/2433/3653
f 2456/2433/3653 2321/2335/3719 2457/2475/3720
f 2458/2476/3721 2457/2475/3720 2321/2335/3719
f 2458/2476/3722 2321/2335/3527 1459/1488/2268
f 2459/2477/3723 2538/2434/3657 1592/1574/2412
f 2413/2435/3658 1630/1575/2414 2539/2478/3724
f 1630/1575/2414 2239/1625/3446 2376/2436/3659
f 2414/2437/3660 2377/2289/3528 2460/2479/3725
f 2460/2479/3726 2377/2289/3727 2285/2290/3728
f 2461/2480/3729 2285/2290/3728 131/2438/3661
f 2326/2338/3533 2288/2292/3599 2327/2339/3730
f 2242/2246/3380 2379/2340/3535 2241/2245/3379
f 2417/2440/3667 2289/2247/3381 2418/2481/3731
f 2418/2481/3731 2289/2247/3381 2499/2390/3600
f 2290/2293/3454 2291/2294/3455 2464/2482/3732
f 2464/2482/3732 2291/2294/3455 2328/2341/3536
f 2245/2295/3457 2543/2483/3733 2380/2391/3734
f 2543/2483/3733 2245/2295/3457 2330/2343/3538
f 2245/2295/3457 2293/1671/3386 2330/2343/3538
f 2466/2484/3735 2330/2343/3736 2331/2392/3737
f 2295/2298/3608 2248/2251/3397 2334/2394/3606
f 2248/2251/3738 1672/1441/2200 2249/2344/3543
f 2501/2485/3739 2382/2486/3740 2381/2252/3398
f 2467/2487/3741 2381/2252/3398 2335/2345/3544
f 2335/2345/3544 1562/1584/2437 2383/2444/3671
f 2339/2397/3610 2252/1642/2519 1604/1586/2439
f 1604/1586/2439 2253/2302/3472 2426/2488/3742
f 2253/2302/3472 2469/2489/3743 2468/2490/3744
f 2253/2302/3472 2254/1676/2571 2469/2489/3743
f 2469/2489/3743 2254/1676/2571 2427/2447/3673
f 2578/2491/3745 2298/2303/3473 2340/2352/3548
f 2340/2352/3548 2255/2255/3403 2428/2353/3549
f 2429/2448/3674 2299/2354/3550 132/2449/3675
f 2342/2356/3552 2430/2450/3676 2470/2492/3746
f 2258/1678/2573 1609/1590/2443 1677/2259/2522
f 1609/1590/2443 1676/1679/2574 1677/2259/2522
f 1677/1646/2522 1640/1647/2524 2431/2398/3611
f 2344/2358/3747 1568/1598/2448 2345/2359/3555
f 2345/2359/3748 2259/2304/3749 2471/2360/3750
f 2347/2493/3751 2348/2399/3613 2472/2494/3752
f 2472/2494/3752 2348/2399/3613 2433/2401/3615
f 2260/2402/3753 2385/2495/3754 2433/2401/3755
f 2260/2402/3617 2349/2363/3560 2385/2495/3754
f 2349/2363/3683 2386/2404/3685 2434/2454/3756
f 2434/2454/3757 2350/2455/3758 2507/2407/3759
s 0
f 2350/2455/3760 1644/2405/3760 2507/2407/3760
s 1
f 2352/2408/3761 1682/2409/3762 2387/2411/3625
f 2387/2411/3625 1646/2410/3624 2388/2412/3763
f 2265/2267/3420 2390/2413/3628 2353/2368/3627
f 2353/2368/3627 2390/2413/3628 2473/2496/3764
f 2390/2413/3628 2354/2369/3571 2474/2497/3765
f 2354/2369/3571 2355/2272/3423 2474/2497/3765
f 2474/2497/3765 2355/2272/3423 2475/2498/3766
f 2475/2498/3766 2355/2272/3423 2391/2414/3629
f 2391/2414/3629 2357/2273/3424 2393/2308/3482
f 2268/2274/3425 2269/2309/3483 2435/2456/3691
f 2476/2499/3767 2358/2310/3484 1690/1692/2589
f 1690/1692/2589 1692/1691/2588 2476/2499/3767
f 2476/2499/3767 1692/1691/2588 2359/2500/3768
f 2477/2501/3769 2437/2458/3693 1691/1690/2587
f 1691/1690/2587 1651/1609/2459 2477/2501/3769
f 2271/2199/3357 2303/2312/3770 2551/2311/3485
f 2217/2225/3359 2207/2218/3351 2394/2502/3771
f 2193/2213/3345 2219/2226/3360 2480/2503/3772
f 2209/2227/3361 2210/2219/3352 2481/2461/3697
f 2210/2219/3352 2273/2277/3428 2440/2372/3574
f 2440/2372/3574 2220/2216/3348 2362/2373/3575
f 2442/2504/3773 2307/2315/3495 2221/2229/3363
f 2308/2316/3496 2197/2318/3338 2482/2505/3774
f 2309/2278/3429 2213/2231/3364 2483/2506/3775
f 2520/2462/3698 2364/2319/3497 2484/2507/3776
s 0
f 2443/2463/3777 2396/2418/3777 2444/2464/3777
s 1
f 2214/2224/3355 2310/2232/3365 2366/2377/3636
f 2368/2233/3366 2223/2281/3435 2598/2508/3778
f 2223/2281/3435 2276/2234/3367 2446/2509/3705
f 2398/2379/3583 2369/2282/3706 2599/2510/3779
f 2369/2282/3706 2447/2420/3780 2599/2510/3779
f 2447/2420/3637 2313/2322/3584 2522/2511/3781
f 2313/2322/3506 2277/2236/3585 2522/2511/3782
f 2522/2511/3782 2277/2236/3585 2225/2237/3783
f 2448/2421/3784 2399/2423/3785 2523/2512/3786
f 2399/2423/3785 2400/2422/3787 2523/2512/3786
f 2404/2283/3439 2314/2381/3587 2485/2513/3788
f 2230/1662/2543 1658/1663/2546 2487/2514/3789
f 1658/1663/2546 2280/2284/3440 2487/2514/3789
f 2487/2514/3789 2280/2284/3440 2531/2515/3790
f 2531/2515/3790 2280/2284/3440 2406/2383/3589
f 2564/2516/3791 2406/2383/3589 2371/2384/3590
f 1627/2285/3441 2232/2286/3442 2533/2470/3710
f 2488/2517/3792 2608/2471/3711 2233/2287/3443
f 2233/2287/3443 2452/2427/3644 2489/2518/3793
f 2407/2428/3645 2281/2328/3513 2373/2386/3592
f 2373/2386/3592 2318/2329/3593 2490/2519/3794
f 2318/2329/3795 2408/2429/3796 2490/2519/3797
f 2490/2519/3797 2408/2429/3796 2453/2520/3798
f 2453/2520/3799 2408/2429/3647 2454/2472/3713
f 2408/2429/3647 2374/2430/3648 2454/2472/3713
f 2283/2334/3716 2492/2474/3718 2410/2473/3800
f 2375/2387/3717 2456/2433/3801 2492/2474/3718
f 2459/2477/3723 1592/1574/2412 2413/2435/3658
f 2539/2478/3724 1630/1575/2414 2376/2436/3659
f 2460/2479/3726 2285/2290/3728 2461/2480/3729
f 2462/2521/3802 2323/2336/3664 2416/2439/3666
f 2323/2336/3664 2286/1670/2559 2416/2439/3666
f 2416/2439/3803 2324/2337/3598 2496/2522/3804
f 2324/2337/3598 2287/2291/3452 2496/2522/3804
f 2463/2523/3805 2327/2339/3534 2241/2245/3379
f 2241/2245/3379 2379/2340/3535 2463/2523/3805
f 2498/2524/3806 2379/2340/3535 2417/2440/3667
f 2499/2390/3600 2290/2293/3454 2464/2482/3732
f 2329/2342/3537 2420/2442/3669 2465/2525/3807
f 2292/2249/3383 2380/2391/3601 2420/2442/3669
f 2543/2483/3808 2330/2343/3736 2466/2484/3735
f 2466/2484/3809 2331/2392/3605 2544/2526/3810
f 2248/2251/3738 2249/2344/3543 2422/2443/3670
f 1673/1674/2567 2381/2252/3398 2422/2443/3670
f 2381/2252/3398 2382/2486/3740 2422/2443/3670
f 2502/2527/3811 2337/2351/3547 2425/2446/3672
f 2339/2397/3610 1604/1586/2439 2426/2488/3742
f 2580/2528/3812 2341/2355/3551 2342/2356/3552
f 2300/2258/3406 2505/2529/3813 2257/2257/3405
f 134/2357/3553 2258/1678/2573 1677/2259/2522
f 2506/2451/3814 2344/2358/3815 2345/2359/3748
f 1614/1506/2301 2346/2452/3681 2471/2360/3556
f 2388/2412/3816 2353/2368/3627 2473/2496/3764
f 2473/2496/3764 2390/2413/3628 2474/2497/3765
f 2391/2414/3629 2393/2308/3482 2509/2530/3817
f 1650/1689/2586 2358/2310/3484 2511/2457/3692
f 2358/2310/3484 2476/2499/3767 2512/2531/3818
f 2477/2501/3769 1651/1609/2459 2551/2311/3485
f 2303/2312/3770 2438/2459/3819 2551/2311/3485
f 2304/2313/3820 2478/2460/3821 2514/2532/3822
s 0
f 2514/2532/3823 2478/2460/3823 2515/2533/3823
s 1
f 2478/2460/3696 2217/2225/3359 2516/2534/3824
f 2217/2225/3359 2394/2502/3771 2516/2534/3824
f 2305/2314/3494 2193/2213/3345 2480/2503/3772
f 2362/2373/3575 2395/2374/3576 2517/2535/3825
f 2517/2535/3825 2395/2374/3576 2441/2536/3826
f 2441/2537/3826 2395/2416/3576 2307/2315/3495
f 2212/2198/3329 2308/2316/3496 2519/2538/3827
f 2482/2539/3774 2197/2207/3338 2309/2278/3429
f 2213/2231/3364 2520/2462/3698 2483/2506/3775
s 0
f 2484/2507/3828 2364/2319/3828 2521/2540/3828
s 1
f 2521/2540/3829 2364/2319/3497 2443/2463/3699
f 2366/2377/3636 2444/2464/3830 2445/2465/3831
f 2366/2377/3636 2310/2232/3365 2367/2378/3582
f 2367/2378/3582 2368/2233/3366 2598/2508/3778
f 2225/2237/3783 2448/2421/3832 2522/2511/3782
f 2448/2421/3833 2523/2512/3834 2557/2541/3835
f 2400/2422/3639 1653/2238/3370 2401/2424/3641
f 2524/2542/3836 2401/2424/3641 2525/2543/3837
f 2401/2424/3641 2278/2323/3507 2402/2425/3642
f 2402/2425/3642 2403/2324/3508 2526/2544/3838
f 2485/2513/3788 2314/2381/3587 2527/2545/3839
f 2405/2426/3643 2450/2382/3588 128/2546/3840
f 2529/2547/3841 2279/2325/3509 2451/2469/3709
f 2279/2325/3509 2315/2241/3373 2451/2469/3709
f 2451/2469/3709 2229/2326/3510 2316/1661/2542
f 2316/1661/2542 2317/2327/3511 2530/2548/3842
f 2530/2548/3842 2317/2327/3511 2487/2514/3789
f 2317/2327/3511 2230/1662/2543 2487/2514/3789
f 2531/2515/3790 2406/2383/3589 2564/2516/3791
f 2488/2517/3792 2233/2287/3443 2489/2518/3793
f 2490/2519/3794 2453/2520/3843 2534/2549/3844
f 2409/2431/3845 2455/2432/3846 2535/2550/3847
f 2455/2432/3846 2410/2473/3848 2491/2551/3849
s 0
f 2410/2473/3850 2492/2474/3850 2491/2551/3850
s 1
f 2568/2552/3851 2492/2474/3718 2456/2433/3801
f 2456/2433/3801 2457/2475/3852 2569/2553/3853
f 2458/2476/3722 1459/1488/2268 129/2554/3854
f 129/2554/3854 1459/1488/2268 2411/2388/3654
s 0
f 2411/2388/3855 2412/2389/3855 2537/2555/3855
s 1
f 2412/2389/3856 2538/2434/3857 2537/2555/3858
f 2494/2556/3859 131/2438/3661 2540/2557/3860
f 2540/2557/3860 131/2438/3661 2495/2558/3861
f 131/2438/3661 2322/1628/2496 2495/2558/3861
f 2495/2558/3861 2322/1628/2496 2323/2336/3664
f 2541/2559/3862 2495/2558/3861 2323/2336/3664
f 2463/2523/3805 2379/2340/3535 2617/2560/3863
f 2329/2342/3537 2465/2525/3807 2542/2561/3864
f 2420/2442/3669 2380/2391/3601 2500/2562/3865
f 2543/2483/3733 2500/2562/3866 2380/2391/3734
f 2544/2526/3810 2331/2392/3605 2332/2393/3604
f 2501/2485/3739 2381/2252/3398 2467/2487/3741
f 2545/2563/3867 2250/2253/3399 2384/2445/3609
f 2546/2564/3868 2424/2300/3470 2502/2527/3811
f 2424/2300/3470 2337/2351/3547 2502/2527/3811
f 2340/2352/3548 2428/2353/3549 2504/2565/3869
f 2580/2528/3812 2342/2356/3552 2470/2492/3746
f 2470/2492/3746 2430/2450/3676 2582/2566/3870
f 2430/2450/3676 2257/2257/3405 2505/2529/3813
f 2505/2529/3813 2300/2258/3406 2629/2567/3871
f 2300/2258/3406 134/2357/3553 2629/2567/3871
f 134/2357/3553 1677/2259/2522 2629/2567/3871
f 1677/2259/2522 2431/2568/3611 2629/2567/3871
f 2431/2398/3611 1678/1680/2575 2506/2451/3872
f 2432/2569/3873 2347/2493/3874 2549/2570/3875
f 2472/2494/3876 2433/2401/3755 2385/2495/3754
f 2349/2363/3683 2434/2454/3756 2507/2407/3759
f 2388/2412/3816 2473/2496/3764 2508/2571/3877
f 2508/2571/3877 2473/2496/3764 2474/2497/3765
f 2474/2497/3765 2475/2498/3766 2586/2572/3878
f 2475/2498/3766 2391/2414/3629 2509/2530/3817
f 2393/2308/3482 2435/2456/3691 2509/2530/3817
f 2510/2573/3879 2269/2309/3483 2436/2415/3630
f 2359/2500/3768 2513/2574/3880 2476/2499/3767
f 2591/2575/3881 2476/2499/3767 2513/2574/3880
f 2691/2576/3882 2513/2574/3880 2359/2500/3768
f 2359/2500/3768 1692/1691/2588 2437/2458/3693
f 2304/2313/3883 2514/2532/3884 2438/2459/3885
f 2515/2533/3886 2478/2460/3887 2516/2534/3888
f 2207/2218/3351 2479/2370/3572 2552/2577/3889
f 2553/2578/3890 2210/2219/3352 2440/2372/3574
f 2221/2229/3363 2518/2417/3632 2442/2504/3773
f 2186/2190/3320 2363/2375/3577 2518/2417/3632
f 2482/2539/3774 2309/2278/3429 2483/2506/3775
s 0
f 2555/2579/3891 2520/2462/3891 2484/2507/3891
s 1
f 2445/2465/3892 2397/2419/3893 2366/2377/3894
f 2223/2281/3435 2446/2509/3705 2598/2508/3778
f 2311/2320/3500 2398/2379/3583 2446/2466/3705
f 2400/2422/3639 2401/2424/3641 2524/2542/3836
f 2402/2425/3642 2526/2544/3838 2558/2580/3895
f 2560/2581/3896 2604/2582/3897 2526/2544/3838
f 2403/2324/3508 2449/2467/3707 2526/2544/3838
f 133/2380/3586 1621/2239/3371 2561/2583/3898
f 1621/2239/3371 2404/2283/3439 2485/2513/3788
f 2527/2545/3839 2314/2381/3587 2562/2584/3899
f 2314/2381/3587 1622/1620/2472 2562/2584/3899
f 2450/2382/3588 2279/2325/3509 2529/2547/3841
f 2451/2469/3709 2316/1661/2542 2530/2548/3842
f 127/2585/3900 2487/2514/3789 2531/2515/3790
f 2371/2384/3590 2533/2470/3710 2564/2516/3791
f 2489/2518/3793 2452/2427/3644 2566/2586/3901
f 2534/2549/3844 2453/2520/3843 2454/2472/3902
f 2535/2550/3847 2455/2432/3846 2609/2587/3903
f 2455/2432/3846 2491/2551/3849 2609/2587/3903
s 0
f 2492/2474/3904 2568/2552/3904 2491/2551/3904
s 1
f 2568/2552/3851 2456/2433/3801 2569/2553/3853
f 2569/2553/3853 2457/2475/3852 2536/2588/3905
f 2570/2589/3906 2458/2476/3721 2610/2590/3907
f 2537/2555/3858 2538/2434/3857 2459/2477/3908
f 2376/2436/3659 2284/2288/3448 2414/2437/3660
f 2461/2480/3729 131/2438/3661 2571/2591/3909
f 2541/2559/3862 2323/2336/3664 2462/2521/3802
f 2462/2521/3910 2416/2439/3803 2496/2522/3804
f 2572/2592/3911 2327/2339/3534 2463/2523/3805
f 2379/2340/3535 2498/2524/3806 2617/2560/3863
f 2464/2482/3732 2328/2341/3536 126/2593/3912
f 2573/2594/3913 126/2593/3912 2328/2341/3536
f 2573/2594/3913 2328/2341/3536 2419/2441/3668
f 2419/2441/3668 2329/2342/3537 2542/2561/3864
f 2465/2525/3807 2420/2442/3669 2574/2595/3914
f 2622/2596/3915 2420/2442/3669 2500/2562/3916
f 2713/2597/3917 2543/2483/3808 2466/2484/3735
f 2332/2393/3604 2246/1632/2505 2333/2296/3458
f 2248/2251/3738 2422/2443/3670 2334/2394/3918
f 2334/2394/3918 2422/2443/3670 2382/2486/3740
f 2335/2345/3544 2383/2444/3671 2575/2598/3919
f 2383/2444/3671 2250/2253/3399 2545/2563/3867
f 2384/2395/3609 2336/2347/3545 2763/2599/3920
f 2763/2599/3920 2336/2347/3545 2297/2299/3469
f 2502/2527/3811 2425/2446/3672 2652/2600/3921
f 2686/2601/3922 2425/2446/3672 2339/2397/3610
f 2339/2397/3610 2426/2488/3742 2576/2602/3923
f 2426/2488/3742 2253/2302/3472 2468/2490/3744
f 2427/2447/3673 2298/2303/3473 2578/2491/3745
f 2340/2352/3548 2503/2603/3924 2578/2491/3745
f 2429/2448/3674 132/2449/3675 2547/2604/3925
f 2341/2355/3551 2580/2528/3812 132/2449/3675
f 132/2449/3675 2580/2528/3812 2579/2605/3926
f 2470/2492/3746 2582/2566/3870 2581/2606/3927
f 2582/2566/3870 2505/2529/3813 2548/2607/3928
f 2346/2608/3929 2432/2569/3873 2585/2609/3930
f 2347/2493/3751 2472/2494/3752 2549/2570/3931
f 2387/2411/3932 2388/2412/3816 2507/2407/3933
f 2388/2412/3816 2508/2571/3877 2507/2407/3933
f 2474/2497/3765 2586/2572/3878 2508/2571/3877
f 2475/2498/3766 2509/2530/3817 2586/2572/3878
f 2435/2456/3691 2269/2309/3483 2588/2610/3934
f 2588/2610/3934 2269/2309/3483 2510/2573/3879
f 2436/2415/3630 2511/2457/3692 2589/2611/3935
f 2511/2457/3692 2358/2310/3484 2512/2531/3818
f 2512/2531/3818 2476/2499/3767 2590/2612/3936
f 2359/2500/3768 2437/2458/3693 2691/2576/3882
f 2394/2502/3771 2207/2218/3351 2552/2577/3889
f 2480/2503/3772 2219/2226/3360 2361/2371/3573
f 2481/2461/3697 2210/2219/3352 2553/2578/3890
f 2440/2372/3574 2362/2373/3575 2553/2578/3890
f 2593/2613/3937 2362/2373/3575 2554/2614/3938
f 2554/2614/3938 2362/2373/3575 2517/2535/3825
f 2441/2537/3826 2307/2315/3495 2442/2504/3773
f 2212/2198/3329 2519/2538/3827 2363/2375/3577
f 2308/2316/3496 2482/2505/3774 2519/2538/3827
f 2483/2506/3775 2520/2462/3698 2595/2615/3939
s 0
f 2555/2579/3940 2484/2507/3940 2521/2540/3940
s 1
f 2521/2540/3941 2443/2463/3942 2444/2464/3943
f 2597/2616/3944 2366/2377/3636 2367/2378/3582
f 2446/2466/3705 2398/2379/3583 2666/2617/3945
f 2447/2420/3780 2522/2511/3946 2599/2510/3779
f 2522/2511/3782 2448/2421/3832 2556/2618/3947
f 2448/2421/3832 2557/2541/3948 2556/2618/3947
f 2556/2618/3949 2557/2541/3948 2600/2619/3950
f 2557/2541/3835 2523/2512/3834 2600/2619/3951
f 2400/2422/3952 2524/2542/3953 2523/2512/3954
f 2524/2542/3953 2525/2543/3955 2601/2620/3956
f 2401/2424/3641 2402/2425/3642 130/2621/3957
f 130/2621/3957 2402/2425/3642 2602/2622/3958
f 2602/2622/3958 2402/2425/3642 2558/2580/3895
f 2558/2580/3895 2526/2544/3838 2559/2623/3959
f 2526/2544/3838 2449/2467/3707 2560/2581/3896
f 2672/2624/3960 133/2380/3586 125/2625/3961
f 125/2625/3961 133/2380/3586 2561/2583/3898
f 2561/2583/3898 1621/2239/3371 2485/2513/3788
f 2562/2584/3899 1622/1620/2472 2528/2468/3708
f 2528/2468/3708 2405/2426/3643 128/2546/3840
f 2607/2626/3962 128/2546/3840 2529/2547/3841
f 128/2546/3840 2450/2382/3588 2529/2547/3841
f 2451/2469/3709 2530/2548/3842 2529/2547/3841
f 2530/2548/3842 2487/2514/3789 2563/2627/3963
f 2487/2514/3789 127/2585/3900 2563/2627/3963
f 2565/2628/3964 2533/2470/3710 2643/2629/3965
f 2533/2470/3710 2232/2286/3442 2643/2629/3965
f 2643/2629/3965 2232/2286/3442 2608/2471/3711
f 2452/2427/3644 2372/2385/3591 2567/2630/3966
f 2407/2428/3645 2373/2386/3592 2645/2631/3967
f 2373/2386/3592 2490/2519/3794 2534/2549/3844
f 2454/2472/3902 2409/2431/3845 2534/2549/3844
f 2409/2431/3845 2535/2550/3847 2534/2549/3844
s 0
f 2491/2551/3968 2568/2552/3968 2569/2553/3968
s 1
f 2536/2588/3905 2457/2475/3852 2570/2589/3969
f 2457/2475/3720 2458/2476/3721 2570/2589/3906
f 2413/2435/3658 2539/2478/3724 2705/2632/3970
f 2705/2632/3971 2539/2478/3724 2612/2633/3972
f 2679/2634/3973 2414/2437/3660 2460/2479/3725
f 2571/2591/3909 131/2438/3661 2494/2556/3859
f 2494/2556/3859 2540/2557/3860 2613/2635/3974
f 2614/2636/3975 2540/2557/3860 2615/2637/3976
f 2540/2557/3860 2495/2558/3861 2615/2637/3976
f 2615/2637/3976 2495/2558/3861 2541/2559/3862
f 2326/2338/3533 2327/2339/3730 2572/2592/3977
f 2616/2638/3978 2463/2523/3805 2617/2560/3863
f 2417/2440/3667 2418/2481/3731 2619/2639/3979
f 2499/2390/3600 2464/2482/3732 2620/2640/3980
f 2464/2482/3732 126/2593/3912 2620/2640/3980
f 2419/2441/3668 2621/2641/3981 2573/2594/3913
f 2574/2595/3914 2420/2442/3669 2622/2596/3915
f 2713/2597/3982 2466/2484/3809 2544/2526/3810
f 2334/2394/3918 2382/2486/3740 2333/2296/3458
f 2333/2296/3458 2382/2486/3740 2501/2485/3739
f 2623/2642/3983 2501/2485/3739 2467/2487/3741
f 2297/2396/3469 2424/2350/3470 2546/2643/3868
f 2425/2446/3672 2686/2601/3922 2626/2644/3984
f 2686/2601/3922 2339/2397/3610 2576/2602/3923
f 2468/2490/3744 2469/2489/3743 2577/2645/3985
f 2427/2447/3673 2578/2491/3745 2469/2489/3743
f 2653/2646/3986 2578/2491/3745 2503/2603/3924
f 2503/2603/3924 2340/2352/3548 2504/2565/3869
f 2504/2565/3869 2428/2353/3549 2429/2448/3674
f 2504/2565/3869 2429/2448/3674 2547/2604/3925
f 2430/2450/3676 2505/2529/3813 2582/2566/3870
f 2548/2607/3928 2628/2647/3987 2582/2566/3870
f 2548/2607/3928 2505/2529/3813 2583/2648/3988
f 2505/2529/3813 2629/2567/3871 2583/2648/3988
f 2346/2452/3989 2345/2359/3748 2471/2360/3750
f 2432/2569/3873 2549/2570/3875 2585/2609/3930
f 2549/2570/3875 2472/2494/3876 2550/2649/3990
f 2550/2649/3990 2472/2494/3876 2385/2495/3754
f 2586/2572/3878 2509/2530/3817 2587/2650/3991
f 2631/2651/3992 2587/2650/3991 2588/2610/3934
f 2587/2650/3991 2509/2530/3817 2588/2610/3934
f 2509/2530/3817 2435/2456/3691 2588/2610/3934
f 2632/2652/3993 2588/2610/3934 2510/2573/3879
f 2510/2573/3879 2436/2415/3630 2589/2611/3935
f 2516/2534/3888 2394/2502/3994 2633/2653/3995
f 2362/2373/3575 2593/2613/3937 2553/2578/3890
s 0
f 2664/2654/3996 2483/2506/3996 2595/2615/3996
s 1
f 2665/2655/3997 2595/2615/3998 2555/2579/3999
s 0
f 2595/2615/4000 2520/2462/4000 2555/2579/4000
s 1
f 2366/2377/3636 2597/2616/3944 2444/2464/3830
f 2597/2616/3944 2367/2378/3582 2598/2508/3778
f 2398/2379/3583 2599/2510/3779 2666/2617/3945
f 2599/2510/3779 2522/2511/3946 2556/2618/4001
f 2401/2424/3641 2669/2656/4002 2525/2543/4003
f 2669/2656/4002 2401/2424/3641 130/2621/3957
f 2526/2544/3838 2604/2582/3897 2559/2623/3959
f 2603/2657/4004 2605/2658/4005 2559/2623/3959
f 2603/2657/4004 2604/2582/3897 121/2659/4006
f 2449/2467/3707 133/2380/3586 2672/2624/3960
f 127/2585/3900 2531/2515/3790 2564/2516/3791
f 2533/2470/3710 2565/2628/3964 2564/2516/3791
f 2566/2586/3901 2452/2427/3644 2644/2660/4007
f 2644/2660/4007 2452/2427/3644 2567/2630/3966
f 2491/2551/3849 2569/2553/4008 2609/2587/3903
f 2892/2661/4009 2569/2553/4010 2536/2588/4011
f 2458/2476/3721 129/2554/4012 2610/2590/3907
f 2411/2388/3654 2537/2555/4013 129/2554/3854
f 2537/2555/4013 2459/2477/4014 129/2554/4012
f 2612/2633/3972 2539/2478/3724 2376/2436/3659
f 2376/2436/3659 2414/2437/3660 2646/2662/4015
f 2679/2634/3973 2460/2479/3725 2647/2663/4016
f 2460/2479/3725 2461/2480/4017 2647/2663/4016
f 2461/2480/4017 2571/2591/4018 2647/2663/4016
f 2650/2664/4019 2462/2521/3910 2496/2522/3804
f 2287/2291/3532 2325/1434/2501 2651/2665/4020
f 2651/2665/4021 2325/1434/2190 2326/2338/3533
f 2326/2338/3533 2572/2592/3977 2651/2665/4021
f 2498/2524/3806 2417/2440/3667 2618/2666/4022
f 2621/2641/3981 2419/2441/3668 2542/2561/3864
f 2713/2597/3982 2544/2526/3810 2685/2667/4023
f 2467/2487/3741 2335/2345/3544 2624/2668/4024
f 2335/2345/3544 2575/2598/3919 2624/2668/4024
f 2545/2669/3867 2384/2395/3609 2762/2670/4025
f 2297/2396/3469 2546/2643/3868 2763/2671/3920
f 2546/2564/3868 2502/2527/3811 2764/2672/4026
f 2764/2672/4026 2502/2527/3811 2625/2673/4027
f 2425/2446/3672 2626/2644/3984 2652/2600/3921
f 2426/2488/3742 2468/2490/3744 2627/2674/4028
f 2506/2451/3814 2345/2359/3748 2346/2452/3989
f 2656/2675/4029 2385/2495/3754 2349/2363/3560
f 2507/2407/3933 2657/2676/4030 2349/2363/3560
f 2507/2407/3933 2508/2571/3877 2657/2676/4030
f 2508/2571/3877 2586/2572/3878 2657/2676/4030
f 2657/2676/4030 2586/2572/3878 2630/2677/4031
f 2587/2650/3991 2631/2651/3992 2658/2678/4032
f 2589/2611/3935 2511/2457/3692 2660/2679/4033
f 2590/2612/3936 2476/2499/3767 2591/2575/3881
f 2591/2575/3881 2513/2574/3880 2727/2680/4034
f 2727/2680/4034 2513/2574/3880 2592/2681/4035
f 2592/2681/4035 2513/2574/3880 2691/2576/3882
f 2551/2311/3485 2438/2459/3819 2514/2532/4036
f 2516/2534/3888 2633/2653/3995 2515/2533/3886
f 2515/2533/4037 2633/2653/4038 2661/2682/4039
f 2693/2683/4040 2394/2502/3994 2552/2577/4041
f 2481/2461/3697 2553/2578/3890 2593/2613/3937
f 2442/2504/3773 2594/2684/4042 2441/2537/3826
f 2441/2537/3826 2594/2684/4042 2695/2685/4043
f 2442/2504/3773 2518/2417/3632 2594/2684/4042
f 2363/2375/3577 2519/2538/3827 2634/2686/4044
f 2635/2687/4045 2482/2505/4046 2636/2688/4047
f 2482/2539/3774 2483/2506/3775 2636/2689/4048
s 0
f 2636/2689/4049 2483/2506/4049 2664/2654/4049
s 1
f 2664/2654/4050 2595/2615/3998 2665/2655/3997
f 2555/2579/3999 2521/2540/3941 2665/2655/3997
f 2521/2540/4051 2444/2464/3830 2665/2655/3997
f 2446/2509/3705 2637/2690/4052 2598/2508/3778
f 2637/2690/4052 2446/2509/3705 2666/2691/3945
f 2733/2692/4053 2556/2618/4001 2668/2693/4054
s 0
f 2556/2618/4055 2600/2619/4055 2668/2693/4055
s 1
f 2600/2619/4056 2523/2512/3834 2668/2693/4057
f 2668/2693/4057 2523/2512/3834 2601/2620/4058
f 2523/2512/3954 2524/2542/3953 2601/2620/3956
f 130/2621/3957 2602/2622/3958 2670/2694/4059
f 2671/2695/4060 2558/2580/3895 2559/2623/3959
f 2559/2623/3959 2604/2582/3897 2603/2657/4004
f 2605/2696/4005 2638/2697/4061 2700/2698/4062
f 2638/2699/4061 2605/2658/4005 2640/2700/4063
f 2605/2658/4005 2603/2657/4004 2640/2700/4063
f 121/2659/4006 2604/2582/3897 2642/2701/4064
f 2560/2581/3896 2642/2701/4064 2604/2582/3897
f 2560/2581/3896 2449/2467/3707 2672/2624/3960
f 128/2546/3840 2673/2702/4065 2528/2468/3708
f 128/2546/3840 2607/2626/3962 2673/2702/4065
f 2529/2547/3841 2530/2548/3842 2563/2627/3963
f 127/2585/3900 2564/2516/3791 2674/2703/4066
f 2564/2516/3791 2565/2628/3964 2674/2703/4066
f 122/2704/4067 2488/2517/3792 2489/2518/3793
f 2372/2385/3591 2407/2428/3645 2567/2630/3966
f 2567/2630/3966 2407/2428/3645 2645/2631/3967
f 2892/2661/4009 2536/2588/4011 2748/2705/4068
f 2610/2590/3907 129/2554/4012 2611/2706/4069
f 2611/2706/4069 129/2554/4012 2677/2707/4070
f 2677/2707/4070 129/2554/4012 2678/2708/4071
f 2646/2662/4015 2414/2437/3660 2679/2634/3973
f 2571/2591/3909 2494/2556/3859 2793/2709/4072
f 2613/2635/3974 2540/2557/3860 2648/2710/4073
f 2648/2710/4073 2540/2557/3860 2649/2711/4074
f 2540/2557/3860 2614/2636/3975 2649/2711/4074
f 2650/2664/4019 2541/2559/4075 2462/2521/3910
f 2496/2522/4076 2287/2291/3532 2680/2712/4077
s 0
f 2572/2592/4078 2463/2523/4078 2616/2638/4078
s 1
f 2616/2638/3978 2617/2560/3863 2681/2713/4079
f 2617/2560/3863 2498/2524/3806 2682/2714/4080
f 2757/2715/4081 2498/2524/3806 2618/2666/4022
f 2417/2440/3667 2619/2639/3979 2618/2666/4022
f 2708/2716/4082 2418/2481/3731 2620/2640/3980
f 2418/2481/3731 2499/2390/3600 2620/2640/3980
f 2542/2561/3864 2465/2525/3807 2711/2717/4083
f 2574/2595/4084 2622/2596/4084 2500/2562/4084
f 2332/2393/3604 2333/2296/3458 2544/2526/3810
f 2333/2296/3458 2501/2485/3739 2544/2526/3810
f 2685/2667/4023 2501/2485/3739 2623/2642/3983
f 2715/2718/4085 2623/2642/3983 2467/2487/3741
f 2575/2598/3919 2383/2444/3671 2545/2563/3867
f 2426/2488/3742 2627/2674/4028 2576/2602/3923
f 2717/2719/4086 2577/2645/3985 2469/2489/3743
f 2469/2489/3743 2578/2491/3745 2717/2719/4086
f 2547/2604/3925 132/2449/3675 2579/2605/3926
f 2579/2605/3926 2580/2528/3812 2872/2720/4087
f 2548/2607/3928 2583/2648/3988 2687/2721/4088
f 2549/2570/3875 2550/2649/3990 2585/2609/3930
f 2724/2722/4089 2385/2495/3754 2656/2675/4029
f 2656/2675/4029 2349/2363/3560 2657/2676/4030
f 2630/2677/4031 2586/2572/3878 2658/2678/4032
f 2586/2572/3878 2587/2650/3991 2658/2678/4032
f 2688/2723/4090 2658/2678/4032 2808/2724/4091
f 2808/2724/4091 2658/2678/4032 2631/2651/3992
f 2588/2610/3934 2632/2652/3993 2631/2651/3992
f 2632/2652/3993 2510/2573/3879 2659/2725/4092
f 2511/2457/3692 2512/2531/3818 2660/2679/4033
f 2691/2576/3882 2437/2458/3693 2692/2726/4093
f 2477/2501/3769 2551/2311/3485 2661/2682/4039
f 2551/2311/3485 2514/2532/4036 2661/2682/4039
f 2514/2532/4036 2515/2533/4037 2661/2682/4039
f 2394/2502/3994 2693/2683/4094 2633/2653/3995
s 0
f 2552/2577/4095 2662/2727/4095 2693/2683/4095
s 1
f 2552/2577/4096 2479/2370/3572 2694/2728/4097
f 2479/2370/3572 2305/2314/3494 2694/2728/4097
f 2694/2728/4097 2305/2314/3494 2480/2503/3772
f 2519/2538/3827 2482/2505/3774 2663/2729/4098
f 2663/2729/4098 2482/2505/3774 2635/2687/4099
f 2666/2617/3945 2599/2510/3779 2667/2730/4100
f 2667/2730/4100 2556/2618/4001 2733/2692/4053
f 2668/2693/4057 2601/2620/4058 2698/2731/4101
f 2601/2620/4058 2525/2543/4102 2698/2731/4101
s 0
f 2525/2543/4103 2669/2656/4103 2699/2732/4103
s 1
f 2669/2656/4002 130/2621/3957 2670/2694/4059
f 2739/2733/4104 2603/2657/4004 121/2659/4006
f 2642/2701/4064 2560/2581/3896 2672/2624/3960
f 2485/2513/3788 2527/2545/3839 2701/2734/4105
f 118/2735/4106 2527/2545/3839 2562/2584/3899
f 2562/2584/3899 2528/2468/3708 2702/2736/4107
f 2740/2737/4108 2673/2702/4065 2607/2626/3962
f 2607/2626/3962 2529/2547/3841 2563/2627/3963
f 2565/2628/3964 2703/2738/4109 2674/2703/4066
f 2703/2738/4109 2565/2628/3964 2643/2629/3965
f 2745/23/23 122/2704/4067 2566/2586/3901
f 122/2704/4067 2489/2518/3793 2566/2586/3901
f 2373/2386/3592 2534/2549/3844 2645/2631/3967
f 2534/2549/3844 2535/2550/3847 123/2739/4110
f 123/2739/4110 2535/2550/3847 124/2740/4111
f 2535/2550/3847 2609/2587/3903 124/2740/4111
f 2569/2553/4010 2892/2661/4009 2609/2587/3903
f 2748/2705/4068 2536/2588/4011 2704/2741/4112
f 2536/2588/3905 2570/2589/3969 2704/2741/4113
f 2570/2589/3969 2610/2590/4114 2704/2741/4113
f 2610/2590/4114 2675/2742/4115 2704/2741/4113
s 0
f 2611/2706/4116 2677/2707/4116 2676/2743/4116
s 1
f 129/2554/4012 2459/2477/4014 2750/2744/4117
f 2413/2435/4118 2705/2632/4119 2791/2745/4120
f 2376/2436/3659 2646/2662/4015 2612/2633/3972
f 2680/2712/4077 2287/2291/3532 2651/2665/4020
f 2682/2714/4080 2498/2524/3806 2757/2715/4081
f 2619/2639/3979 2418/2481/3731 2708/2716/4082
f 2709/2746/4121 2620/2640/3980 126/2593/3912
f 2621/2641/3981 2798/2747/4122 2710/2748/4123
f 2711/2717/4083 2465/2525/3807 2684/2749/4124
f 2465/2525/3807 2574/2595/3914 2684/2749/4124
f 2574/2595/4125 2500/2562/3866 2712/2750/4126
f 2500/2562/3866 2543/2483/3733 2712/2750/4126
f 2712/2750/4127 2543/2483/3808 2713/2597/3917
f 2685/2667/4023 2544/2526/3810 2501/2485/3739
f 2624/2668/4024 2575/2598/3919 2799/2751/4128
f 2716/2752/4129 2545/2563/3867 2762/2753/4025
f 2384/2395/3609 2763/2599/3920 2762/2670/4025
f 2767/2754/4130 2577/2645/3985 2717/2719/4086
f 2718/2755/4131 2578/2491/3745 2653/2646/3986
f 2504/2565/3869 2547/2604/3925 2720/2756/4132
f 2547/2604/3925 2721/2757/4133 2804/2758/4134
f 2579/2605/3926 2872/2720/4087 2721/2757/4133
f 2722/2759/4135 2872/2720/4087 2580/2528/3812
f 2470/2492/3746 2722/2759/4135 2580/2528/3812
f 2470/2492/3746 2581/2606/3927 2722/2759/4135
f 2581/2606/3927 2582/2566/3870 2722/2759/4135
f 2582/2566/3870 2723/2760/4136 2722/2759/4135
f 2723/2760/4136 2582/2566/3870 2628/2647/3987
f 2629/2567/3871 2431/2568/3611 2583/2648/3988
f 2431/2398/3611 2506/2451/3872 2583/2761/3988
f 2583/2761/3988 2506/2451/3872 2346/2452/4137
f 2346/2608/4137 2585/2609/3930 2770/2762/4138
f 2550/2649/3990 2385/2495/3754 2724/2722/4089
f 2630/2677/4031 2726/2763/4139 2657/2676/4030
f 2659/2725/4092 2510/2573/3879 2589/2611/3935
f 2512/2531/3818 2590/2612/3936 2690/2764/4140
f 2592/2681/4035 2691/2576/3882 2728/2765/4141
f 2692/2726/4093 2437/2458/3693 2477/2501/3769
f 2661/2682/4039 2633/2653/4038 2693/2683/4142
f 2772/2766/4143 2481/2461/3697 2729/2767/4144
f 2593/2613/3937 2554/2614/3938 2730/2768/4145
f 2730/2768/4145 2554/2614/3938 2876/2769/4146
f 2517/2535/3825 2441/2536/3826 2695/2770/4043
f 2695/2685/4043 2594/2684/4042 2731/2771/4147
f 2731/2771/4147 2594/2684/4042 2696/2772/4148
f 2775/2773/4149 2594/2684/4042 2518/2417/3632
f 2634/2686/4044 2519/2538/3827 2732/2774/4150
f 2732/2774/4150 2519/2538/3827 2663/2729/4098
f 2663/2729/4151 2635/2687/4151 120/2775/4151
s 0
f 2636/2688/4152 2697/2776/4152 2635/2687/4152
f 2697/2776/4153 2636/2688/4153 2664/2777/4153
s 1
f 2665/2655/3997 2444/2464/3830 2597/2616/3944
f 2556/2618/4001 2667/2730/4100 2599/2510/3779
f 2668/2693/4154 2698/2731/4155 2734/2778/4156
f 2698/2731/4157 2525/2543/4102 2699/2732/4158
f 2602/2622/3958 2558/2580/3895 2737/2779/4159
f 2737/2779/4159 2558/2580/3895 2671/2695/4060
f 2639/2780/4160 2638/2699/4061 2640/2700/4063
f 2640/2700/4063 2739/2733/4104 2639/2780/4160
f 2640/2700/4063 2603/2657/4004 2739/2733/4104
f 125/2625/3961 2561/2583/3898 2820/20/20
f 2701/2734/4105 2527/2545/3839 118/2735/4106
f 2702/2736/4107 118/2735/4106 2562/2584/3899
f 2741/2781/4161 2607/2626/3962 2563/2627/3963
f 2563/2627/3963 127/2585/3900 2742/2782/4162
f 2742/2782/4162 127/2585/3900 2674/2703/4066
f 2674/2703/4066 2703/2738/4109 2742/2782/4162
f 2703/2738/4109 2643/2629/3965 2743/2783/4163
f 2643/2629/3965 2608/2471/3711 2488/2517/3792
f 122/2704/4067 2745/23/23 2744/22/22
f 2645/2631/3967 2534/2549/3844 123/2739/4110
f 2611/2706/4164 2676/2743/4165 2610/2590/4114
f 2610/2590/4114 2676/2743/4165 2749/2784/4166
f 2413/2435/3658 2791/2745/4167 2459/2477/3723
s 0
f 2705/2632/4168 2612/2633/4168 2751/2785/4168
s 1
f 2647/2663/4016 2571/2591/4018 2706/2786/4169
f 2706/2786/4169 2571/2591/4018 2793/2709/4170
f 2753/2787/4171 2649/2711/4172 2614/2636/4173
f 2614/2636/4173 2615/2637/4174 2650/2664/4019
f 2615/2637/4174 2541/2559/4075 2650/2664/4019
f 2651/2665/4021 2572/2592/3977 2681/2713/4175
s 0
f 2572/2592/4176 2616/2638/4176 2681/2713/4176
s 1
f 2681/2713/4079 2617/2560/3863 2754/2788/4177
f 2617/2560/3863 2682/2714/4080 2754/2788/4177
s 0
f 2754/2788/4178 2682/2714/4178 2755/2789/4178
s 1
f 2759/2790/4179 2708/2716/4082 2620/2640/3980
f 2709/2746/4121 126/2593/3912 2683/2791/4180
f 126/2593/3912 2573/2594/3913 2683/2791/4180
f 2683/2791/4180 2573/2594/3913 2760/2792/4181
f 2573/2594/3913 2621/2641/3981 2760/2792/4181
f 2621/2641/3981 2542/2561/3864 2798/2747/4122
f 2798/2747/4122 2542/2561/3864 2761/2793/4182
f 2542/2561/3864 2711/2717/4083 2761/2793/4182
f 2684/2749/4183 2574/2595/4125 2712/2750/4126
f 2685/2667/4023 2714/2794/4184 2713/2597/3982
f 2467/2487/3741 2624/2668/4024 2715/2718/4085
f 2715/2718/4085 2624/2668/4024 2799/2751/4128
f 2625/2673/4027 2502/2527/3811 2652/2600/3921
f 2840/2795/4185 2652/2600/3921 2626/2644/3984
f 2626/2644/3984 2686/2601/3922 2840/2795/4185
f 2576/2602/3923 2627/2674/4028 2803/2796/4186
f 2627/2674/4028 2468/2490/3744 2766/2797/4187
f 2468/2490/3744 2577/2645/3985 2766/2797/4187
f 2578/2491/3745 2718/2755/4131 2717/2719/4086
f 2653/2646/3986 2503/2603/3924 2720/2756/4132
f 2503/2603/3924 2504/2565/3869 2720/2756/4132
f 2720/2756/4132 2547/2604/3925 2804/2758/4134
f 2547/2604/3925 2579/2605/3926 2721/2757/4133
f 2583/2648/3988 2346/2608/4137 2770/2762/4138
f 2550/2649/3990 2724/2722/4089 2807/2798/4188
f 2657/2676/4030 2726/2763/4139 2656/2675/4029
f 2630/2677/4031 2658/2678/4032 2688/2723/4090
f 117/2799/4189 2688/2723/4090 2808/2724/4091
f 2689/2800/4190 2589/2611/3935 2771/2801/4191
f 2589/2611/3935 2660/2679/4033 2771/2801/4191
f 2771/2801/4191 2660/2679/4033 2809/2802/4192
f 2660/2679/4033 2512/2531/3818 2690/2764/4140
f 2727/2680/4034 2592/2681/4035 116/2803/4193
s 0
f 2662/2727/4194 2552/2577/4194 2694/2728/4194
s 1
f 2480/2503/3772 2361/2371/3573 2772/2766/4143
f 2361/2371/3573 2481/2461/3697 2772/2766/4143
f 2481/2461/3697 2593/2613/3937 2729/2767/4144
f 2695/2685/4043 2731/2771/4147 2854/2804/4195
f 2696/2772/4148 2594/2684/4042 2774/2805/4196
f 2774/2805/4196 2594/2684/4042 2775/2773/4149
f 2775/2773/4149 2518/2417/3632 2776/2806/4197
f 2518/2417/3632 2363/2375/3577 2634/2686/4044
f 2732/2774/4198 2663/2729/4199 2777/2807/4200
s 0
f 2778/2808/4201 2663/2729/4201 120/2775/4201
f 2635/2687/4202 2697/2776/4202 120/2775/4202
s 1
f 2598/2508/3778 2637/2690/4052 2597/2616/3944
f 2668/2693/4054 2734/2778/4203 2733/2692/4053
s 0
f 2698/2731/4204 2699/2732/4204 2669/2656/4204
s 1
f 2735/2809/4205 2669/2656/4206 2670/2694/4207
f 2670/2694/4059 2602/2622/3958 2816/2810/4208
f 2602/2622/3958 2736/2811/4209 2780/2812/4210
f 2737/2779/4159 2671/2695/4060 2781/2813/4211
f 119/2814/4212 2605/2696/4005 2700/2698/4062
f 2700/2698/4062 2638/2697/4061 2783/2815/4213
f 2739/2733/4104 121/2659/4006 2642/2701/4064
f 2561/2583/3898 2485/2513/3788 2820/20/20
f 2820/20/20 2485/2513/3788 2701/2734/4105
f 2702/2736/4107 2528/2468/3708 2785/2816/4214
f 2528/2468/3708 2673/2702/4065 2785/2816/4214
f 2673/2702/4065 2740/2737/4108 2785/2816/4214
f 2741/2781/4161 2563/2627/3963 2742/2782/4162
f 2742/2782/4162 2703/2738/4109 2786/2817/4215
f 2566/2586/3901 2644/2660/4007 2862/2818/4216
f 2862/2818/4216 2644/2660/4007 2567/2630/3966
f 2609/2587/3903 2892/2661/4009 2747/2819/4217
f 2704/2741/4112 2675/2742/4218 2748/2705/4068
f 2675/2742/4115 2610/2590/4114 2749/2784/4166
f 2749/2784/4166 2676/2743/4165 2789/2820/4219
f 2676/2743/4165 2677/2707/4220 2790/2821/4221
f 2678/2708/4071 129/2554/4012 2750/2744/4117
f 2791/2745/4120 2750/2744/4117 2459/2477/4014
f 2612/2633/3972 2646/2662/4015 2828/2822/4222
f 2679/2634/3973 2647/2663/4016 2792/2823/4223
f 2793/2709/4072 2494/2556/3859 2613/2635/4224
f 2613/2635/3974 2648/2710/4073 2794/2824/4225
f 2614/2636/4173 2650/2664/4019 2753/2787/4171
f 2650/2664/4226 2496/2522/4076 2795/2825/4227
f 2795/2825/4227 2496/2522/4076 2680/2712/4077
f 2651/2665/4021 2681/2713/4175 2833/2826/4228
f 2682/2714/4080 2757/2715/4081 2796/2827/4229
f 2757/2715/4081 2756/2828/4230 2796/2827/4229
f 2618/2666/4022 2619/2639/3979 2758/2829/4231
f 2619/2639/3979 2708/2716/4082 2758/2829/4231
f 2621/2641/3981 2710/2748/4123 2760/2792/4181
f 2800/2830/4232 2575/2598/3919 2545/2563/3867
f 2762/2753/4025 2763/2671/3920 2801/2831/4233
f 2546/2564/3868 2764/2672/4026 2802/2832/4234
f 2764/2672/4026 2625/2673/4027 2838/2833/4235
f 2686/2601/3922 2576/2602/3923 2841/2834/4236
f 2718/2755/4131 2653/2646/3986 2843/2835/4237
f 2722/2759/4135 2654/2836/4238 2872/2720/4087
f 2548/2607/3928 2769/2837/4239 2628/2647/3987
f 2548/2607/3928 2687/2721/4088 2769/2837/4239
f 2903/2838/4240 2687/2721/4088 2770/2762/4138
f 2687/2721/4088 2583/2648/3988 2770/2762/4138
f 2585/2609/3930 2550/2649/3990 2770/2762/4138
f 2770/2762/4138 2550/2649/3990 2807/2798/4188
f 113/2839/4241 2807/2798/4188 2724/2722/4089
f 2656/2675/4029 2726/2763/4139 2725/2840/4242
f 2725/2840/4242 2726/2763/4139 2845/2841/4243
f 2630/2677/4031 2688/2723/4090 111/2842/4244
f 2808/2724/4091 2631/2651/3992 2632/2652/3993
f 2590/2612/3936 2591/2575/3881 2848/2843/4245
f 116/2803/4193 2728/2765/4141 2850/2844/4246
f 2477/2501/3769 2661/2682/4039 2692/2726/4093
f 2661/2682/4039 2693/2683/4142 2662/2727/4247
f 2694/2728/4097 2480/2503/3772 2853/2845/4248
f 2853/2845/4248 2480/2503/3772 2810/2846/4249
f 2480/2503/3772 2772/2766/4143 2810/2846/4249
f 2876/2769/4146 2554/2614/3938 2811/2847/4250
f 2554/2614/3938 2517/2535/3825 2811/2847/4250
f 2811/2847/4250 2517/2535/3825 2695/2770/4043
f 2731/2771/4251 2696/2772/4252 2773/2848/4253
f 2776/2806/4197 2518/2417/3632 2634/2686/4044
s 0
f 120/2775/4254 2697/2776/4254 2778/2808/4254
s 1
f 2597/2616/3944 2637/2690/4052 2666/2691/3945
f 2698/2731/4255 2669/2656/4206 2815/2849/4256
f 2670/2694/4257 2816/2810/4257 2735/2809/4257
f 2735/2809/4205 2816/2810/4258 2883/2850/4259
s 0
f 2816/2810/4260 2602/2622/4260 2780/2812/4260
s 1
f 2736/2811/4209 2602/2622/3958 2857/2851/4261
f 2857/2851/4261 2602/2622/3958 2737/2779/4159
f 2781/2852/4211 2671/2853/4060 119/2814/4212
f 2559/2623/3959 2605/2658/4005 2671/2695/4060
f 2605/2696/4005 119/2814/4212 2671/2853/4060
f 2818/2854/4262 2638/2699/4061 2639/2780/4160
f 2642/2701/4064 2672/2624/3960 2784/2855/4263
f 118/2735/4106 2702/2736/4107 2889/2856/4264
f 2823/2857/4265 2741/2781/4161 2742/2782/4162
f 2643/2629/3965 2488/2517/3792 2787/2858/4266
f 2788/2859/4267 2744/22/22 2824/21/21
f 2747/2819/4217 124/2740/4111 2609/2587/3903
f 2749/2784/4268 2789/2820/4269 2827/2860/4270
f 2676/2743/4165 2790/2821/4221 2789/2820/4271
f 2677/2707/4272 2678/2708/4273 2927/2861/4274
f 2705/2632/4119 2751/2785/4275 2791/2745/4120
f 2612/2633/4276 2828/2822/4277 2751/2785/4275
f 2896/2862/4278 2646/2662/4015 2679/2634/3973
f 2829/2863/4279 2792/2823/4223 2647/2663/4016
f 2706/2786/4169 2793/2709/4170 2959/2864/4280
f 2830/2865/4281 2613/2635/3974 2831/2866/4282
f 2831/2866/4282 2613/2635/3974 2794/2824/4225
f 2794/2824/4283 2648/2710/4284 2832/2867/4285
f 2832/2867/4285 2648/2710/4284 2649/2711/4172
f 2681/2713/4175 2754/2788/4286 2833/2826/4228
f 2833/2826/4228 2754/2788/4286 2755/2789/4287
f 2618/2666/4022 2758/2829/4231 2797/2868/4288
f 2759/2790/4179 2620/2640/3980 2709/2746/4121
f 2684/2749/4183 2712/2750/4126 2711/2717/4289
f 2711/2717/4289 2712/2750/4126 2867/2869/4290
f 2714/2794/4184 2685/2667/4023 2623/2642/3983
f 2763/2671/3920 2546/2643/3868 2802/2870/4234
f 2686/2601/3922 2765/2871/4291 2840/2795/4185
f 2765/2871/4291 2686/2601/3922 2841/2834/4236
f 2577/2645/3985 2767/2754/4130 2766/2797/4187
f 2653/2646/3986 2720/2756/4132 2843/2835/4237
f 2872/2720/4087 2805/2872/4292 2721/2757/4133
f 2654/2836/4238 2722/2759/4135 2723/2760/4136
f 2769/2837/4239 108/2873/4293 2628/2647/3987
f 113/2839/4241 2724/2722/4089 2844/2874/4294
f 2656/2675/4029 2725/2840/4242 2724/2722/4089
f 2724/2722/4089 2725/2840/4242 2844/2874/4294
f 2845/2841/4243 2726/2763/4139 111/2842/4244
f 2726/2763/4139 2630/2677/4031 111/2842/4244
f 2846/2875/4295 2632/2652/3993 2659/2725/4092
f 2591/2575/3881 2727/2680/4034 2848/2843/4245
f 2592/2681/4035 2728/2765/4141 116/2803/4193
f 2909/2876/4296 2728/2765/4141 2851/2877/4297
f 2691/2576/3882 2692/2726/4093 2852/2878/4298
f 2661/2682/4039 115/2879/4299 2692/2726/4093
f 115/2879/4299 2661/2682/4039 2662/2727/4247
f 2854/2804/4300 2731/2771/4251 2855/2880/4301
f 2731/2771/4251 2773/2848/4253 2855/2880/4301
s 0
f 2696/2772/4302 2774/2805/4302 2812/2881/4302
f 2813/2882/4303 2732/2774/4303 2777/2807/4303
s 1
f 2664/2654/4050 2665/2655/3997 2666/2691/3945
f 2666/2691/3945 2665/2655/3997 2597/2616/3944
f 2856/2883/4304 2667/2730/4100 2733/2692/4053
f 2733/2692/4053 2734/2778/4203 2814/2884/4305
f 2814/2884/4306 2734/2778/4307 2815/2849/4308
f 2734/2778/4156 2698/2731/4155 2815/2849/4309
f 2669/2656/4206 2735/2809/4205 2815/2849/4256
f 2815/2849/4256 2735/2809/4205 2883/2850/4259
f 2737/2779/4310 2817/2885/4311 2857/2851/4312
f 2783/2815/4213 2638/2697/4061 2738/2886/4313
f 2638/2699/4061 2818/2854/4262 2738/2887/4313
f 2639/2780/4160 2739/2733/4104 2819/2888/4314
f 2739/2733/4104 2642/2701/4064 2887/2889/4315
f 2887/2889/4315 2642/2701/4064 2784/2855/4263
f 2672/2624/3960 125/2625/3961 2859/17/17
f 125/2625/3961 2820/20/20 2859/17/17
f 2820/20/20 2701/2734/4105 2888/2890/4316
f 2889/2856/4264 2821/2891/4317 2860/2892/4318
f 2821/2891/4317 2889/2856/4264 2702/2736/4107
f 2823/2857/4265 2742/2782/4162 2786/2817/4215
f 2786/2817/4215 2703/2738/4109 2743/2783/4163
f 2488/2517/3792 122/2704/4067 2787/2858/4266
f 2566/2586/3901 2862/2818/4216 2825/2893/4319
f 2567/2630/3966 2645/2631/3967 2862/2818/4216
f 2892/2661/4009 2748/2705/4068 2893/2894/4320
f 2748/2705/4068 2675/2742/4218 2893/2894/4321
f 2675/2742/4218 2749/2784/4322 2893/2894/4321
f 2893/2894/4323 2749/2784/4268 2827/2860/4270
f 2827/2860/4270 2789/2820/4269 2895/2895/4324
f 2828/2822/4222 2646/2662/4015 2863/2896/4325
f 2896/2862/4278 2679/2634/3973 2792/2823/4223
f 2649/2711/4172 2753/2787/4171 2832/2867/4285
f 2832/2867/4326 2753/2787/4327 2865/2897/4328
f 2833/2826/4228 2755/2789/4287 2866/2898/4329
s 0
f 2755/2789/4330 2682/2714/4330 2796/2827/4330
s 1
f 2866/2898/4331 2796/2827/4332 2756/2828/4333
f 2835/2899/4334 2757/2715/4081 2836/2900/4335
f 2757/2715/4081 2618/2666/4022 2836/2900/4335
f 2836/2900/4335 2618/2666/4022 2797/2868/4288
f 2899/2901/4336 2683/2791/4180 2760/2792/4181
f 2710/2748/4123 2798/2747/4122 2900/2902/4337
f 2867/2869/4290 2837/2903/4338 2711/2717/4289
f 2837/2903/4338 2761/2793/4339 2711/2717/4340
f 2763/2671/3920 2802/2870/4234 2801/2831/4233
f 2868/2904/4341 2838/2833/4235 2869/2905/4342
f 2838/2833/4235 2625/2673/4027 2869/2905/4342
f 2625/2673/4027 2652/2600/3921 2839/2906/4343
f 2839/2906/4343 2652/2600/3921 2840/2795/4185
f 2576/2602/3923 2803/2796/4186 2841/2834/4236
f 2627/2674/4028 2842/2907/4344 2803/2796/4186
f 2627/2674/4028 2766/2797/4187 2842/2907/4344
f 2720/2756/4132 2804/2758/4134 2870/2908/4345
f 2804/2758/4134 2721/2757/4133 2871/2909/4346
f 2723/2760/4136 2628/2647/3987 108/2873/4293
f 2903/2838/4240 2770/2762/4138 2807/2798/4188
f 2844/2874/4294 2725/2840/4242 2845/2841/4243
f 2688/2723/4090 117/2799/4189 111/2842/4244
f 110/2910/4347 111/2842/4244 117/2799/4189
f 106/2911/4348 117/2799/4189 2808/2724/4091
f 2808/2724/4091 2632/2652/3993 2846/2875/4295
f 2589/2611/3935 2689/2800/4190 2659/2725/4092
f 2689/2800/4190 2847/2912/4349 2659/2725/4092
f 2847/2912/4349 2689/2800/4190 2949/2913/4350
f 2660/2679/4033 2690/2764/4140 2809/2802/4192
f 2590/2612/3936 2848/2843/4245 2690/2764/4140
f 2850/2844/4246 2728/2765/4141 2909/2876/4296
f 2851/2877/4297 2728/2765/4141 2852/2878/4298
f 2728/2765/4141 2691/2576/3882 2852/2878/4298
f 2852/2878/4298 2692/2726/4093 115/2879/4299
f 2662/2727/4247 2694/2728/4351 2952/2914/4352
f 2952/2914/4352 2694/2728/4351 2853/2845/4353
f 2772/2766/4143 2729/2767/4144 2874/2915/4354
f 2593/2613/3937 2730/2768/4145 2729/2767/4144
f 2876/2769/4146 2811/2847/4250 2877/2916/4355
s 0
f 2811/2847/4356 2695/2770/4356 2877/2916/4356
f 2695/2685/4357 2854/2804/4357 2877/2917/4357
s 1
f 2696/2772/4252 2812/2881/4358 2773/2848/4253
s 0
f 2878/2918/4359 2774/2805/4359 2775/2773/4359
f 2776/2806/4360 2878/2918/4360 2775/2773/4360
f 2776/2806/4361 2634/2686/4361 2879/2919/4361
f 2879/2919/4362 2634/2686/4362 2813/2882/4362
s 1
f 2634/2686/4363 2732/2774/4363 2813/2882/4363
f 2663/2729/4199 2778/2808/4364 2777/2807/4200
f 2664/2777/4050 2666/2617/3945 2697/2776/4365
f 2666/2617/3945 2667/2730/4100 2856/2883/4304
f 2733/2692/4053 2814/2884/4305 2881/2920/4366
f 2882/2921/4367 2815/2849/4308 2883/2850/4368
f 2883/2850/4259 2816/2810/4258 2780/2812/4369
s 0
f 2780/2812/4370 2736/2811/4370 2857/2851/4370
s 1
f 2916/2922/4371 2817/2923/4372 2884/2924/4373
f 2737/2779/4310 2781/2813/4374 2817/2885/4311
f 2781/2852/4211 119/2814/4212 2885/2925/4375
f 2783/2815/4213 2738/2886/4313 2920/2926/4376
f 2858/2927/4377 2738/2887/4313 2921/2928/4378
f 2738/2887/4313 2818/2854/4262 2921/2928/4378
f 2739/2733/4104 2887/2889/4315 2819/2888/4314
f 2784/2855/4263 2672/2624/3960 2859/17/17
f 2701/2734/4105 118/2735/4106 2888/2890/4316
f 118/2735/4106 109/2929/4379 2888/2890/4316
f 2643/2629/3965 2787/2858/4266 2743/2783/4163
f 2787/2858/4266 122/2704/4067 2890/2930/4380
f 2824/21/21 2745/23/23 2566/2586/3901
f 2827/2860/4381 2895/2895/4382 2894/2931/4383
s 0
f 2789/2820/4384 2790/2821/4384 2895/2895/4384
s 1
f 2790/2821/4221 2677/2707/4385 2927/2861/4386
f 2646/2662/4015 2896/2862/4387 2863/2896/4325
f 2793/2709/4072 2613/2635/4224 2897/2932/4388
f 2831/2866/4389 2794/2824/4390 2864/2933/4391
f 2864/2933/4392 2794/2824/4283 2832/2867/4285
f 2865/2897/4393 2753/2787/4394 2795/2825/4227
f 2753/2787/4394 2650/2664/4226 2795/2825/4227
f 2795/2825/4227 2680/2712/4077 2898/2934/4395
f 2680/2712/4077 2651/2665/4020 2990/2935/4396
f 2651/2665/4021 2833/2826/4228 2960/2936/4397
f 2833/2826/4398 2866/2898/4399 2960/2936/4400
f 2755/2789/4287 2796/2827/4401 2866/2898/4329
f 2757/2715/4081 2835/2899/4334 2756/2828/4402
f 2708/2716/4082 2936/2937/4403 2758/2829/4231
f 2709/2746/4121 2683/2791/4180 2759/2790/4179
f 2867/2869/4404 2712/2750/4127 2713/2597/3917
f 2714/2794/4184 2623/2642/3983 2715/2718/4085
f 2799/2751/4128 2575/2598/3919 2800/2830/4232
f 2767/2754/4130 2717/2719/4086 2998/2938/4405
f 2717/2719/4086 2718/2755/4131 2998/2938/4405
f 2998/2938/4405 2718/2755/4131 2945/2939/4406
f 2945/2939/4406 2718/2755/4131 2843/2835/4237
f 2870/2908/4345 2804/2758/4134 2871/2909/4346
f 2872/2720/4087 2654/2836/4238 114/2940/4407
f 2769/2837/4239 2687/2721/4088 2903/2838/4240
f 2903/2838/4240 2807/2798/4188 113/2839/4241
f 2847/2912/4349 2846/2875/4295 2659/2725/4092
f 101/2941/4408 2847/2912/4349 2949/2913/4350
f 2949/2913/4350 2689/2800/4190 2905/2942/4409
f 2689/2800/4190 2771/2801/4191 2905/2942/4409
f 2727/2680/4034 2849/2943/4410 2848/2843/4245
f 2849/2943/4410 2727/2680/4034 2908/2944/4411
f 2908/2944/4411 2727/2680/4034 116/2803/4193
f 115/2879/4299 2662/2727/4247 2951/2945/4412
f 2952/2914/4352 2853/2845/4353 2910/2946/4413
s 0
f 2853/2845/4414 2810/2846/4414 2910/2946/4414
f 2810/2846/4415 2772/2766/4415 2911/2947/4415
s 1
f 2911/2947/4416 2772/2766/4417 2912/2948/4418
f 2874/2915/4354 2729/2767/4144 2913/2949/4419
f 2730/2768/4420 2875/2950/4421 2729/2767/4422
f 2730/2768/4420 2876/2769/4423 2875/2950/4421
f 2875/2950/4424 2876/2769/4424 2914/2951/4424
f 2876/2769/4425 2877/2916/4426 2914/2951/4427
f 2854/2804/4428 2855/2880/4429 2877/2917/4426
f 2855/2880/4429 2773/2848/4430 2915/2952/4431
s 0
f 2812/2881/4432 2774/2805/4432 2878/2918/4432
f 2878/2918/4433 2776/2806/4433 2879/2919/4433
s 1
f 2879/2919/4434 2813/2882/4435 2880/2953/4436
f 2813/2882/4435 2777/2807/4437 2880/2953/4436
f 2777/2807/4437 2778/2808/4438 2880/2953/4436
f 2778/2808/4438 2697/2776/4365 2880/2953/4436
f 2856/2883/4304 2733/2692/4053 2881/2920/4366
f 2814/2884/4306 2815/2849/4308 2882/2921/4367
f 2974/2954/4439 2882/2921/4440 2883/2850/4441
f 2883/2955/4259 2780/2956/4369 2916/2922/4442
f 2780/2956/4369 2857/2957/4443 2916/2922/4442
f 2916/2922/4371 2857/2957/4444 2817/2923/4372
f 2917/2958/4445 2916/2922/4446 2884/2924/4447
f 2817/2923/4372 2781/2959/4448 2884/2924/4373
f 2884/2924/4373 2781/2959/4448 2918/2960/4449
f 2918/2960/4449 2781/2959/4448 2885/2961/4450
f 2954/2962/4451 119/2814/4212 2919/2963/4452
f 2919/2963/4452 119/2814/4212 2700/2698/4062
f 2700/2698/4062 2783/2815/4213 2919/2963/4452
f 3039/2964/4453 2919/2963/4452 2783/2815/4213
f 2738/2886/4313 2858/2965/4377 2920/2926/4376
f 2639/2780/4160 2819/2888/4314 2922/2966/4454
f 2886/2967/4455 2887/2889/4315 2784/2855/4263
f 2702/2736/4107 2785/2816/4214 2821/2891/4317
f 2785/2816/4214 2740/2737/4108 2821/2891/4317
f 2740/2737/4108 2607/2626/3962 2741/2781/4161
f 2788/2859/4267 2861/2968/4456 2744/22/22
f 2788/2859/4267 2824/21/21 2924/2969/4457
f 2824/21/21 2566/2586/3901 2825/2893/4319
f 2862/2818/4216 2645/2631/3967 124/2740/4111
f 2645/2631/3967 123/2739/4110 124/2740/4111
f 2826/2970/4458 2747/2819/4217 2892/2661/4009
f 2827/2860/4381 2894/2931/4383 2893/2894/4320
f 2790/2821/4221 2927/2861/4386 2926/2971/4459
f 2750/2744/4117 2791/2745/4120 2931/2972/4460
f 2791/2745/4120 2751/2785/4275 2931/2972/4460
f 2792/2823/4223 2829/2863/4279 2987/2973/4461
f 2933/2974/4462 2832/2867/4326 2865/2897/4328
f 2898/2934/4395 2680/2712/4077 2990/2935/4396
f 2866/2898/4331 2756/2828/4333 2991/2975/4463
f 2836/2900/4335 2797/2868/4288 2934/2976/4464
f 2938/2977/4465 2683/2791/4180 2899/2901/4336
f 2962/2978/4466 2899/2901/4336 2939/2979/4467
f 2899/2901/4336 2760/2792/4181 2939/2979/4467
f 2939/2979/4467 2760/2792/4181 2940/2980/4468
f 2710/2748/4123 2900/2902/4337 2941/2981/4469
f 2798/2747/4122 2761/2793/4182 2900/2902/4337
f 2900/2902/4470 2761/2793/4339 2837/2903/4338
f 2867/2869/4471 2713/2597/3982 103/2982/4472
f 107/2983/4473 2715/2718/4085 2799/2751/4128
f 2800/2830/4232 2545/2563/3867 2966/2984/4474
f 2545/2563/3867 2716/2752/4129 2966/2984/4474
f 2716/2752/4129 2762/2753/4025 2942/2985/4475
f 2942/2985/4475 2762/2753/4025 2801/2831/4233
f 2802/2832/4234 2764/2672/4026 2838/2833/4235
f 2869/2905/4342 2625/2673/4027 2839/2906/4343
f 2944/2986/4476 2840/2795/4185 2765/2871/4291
f 2765/2871/4291 2841/2834/4236 3026/2987/4477
f 3099/2988/4478 2842/2907/4344 2766/2797/4187
f 114/2940/4407 2654/2836/4238 2970/2989/4479
f 2723/2760/4136 108/2873/4293 2947/2990/4480
f 2844/2874/4294 2845/2841/4243 2904/2991/4481
f 2809/2802/4192 2690/2764/4140 2906/2992/4482
f 2690/2764/4140 2848/2843/4245 2973/2993/4483
f 116/2803/4193 2850/2844/4246 2908/2944/4411
f 2850/2844/4246 2907/2994/4484 2908/2944/4411
f 2950/2995/4485 2850/2844/4246 2909/2876/4296
f 3034/2996/4486 2909/2876/4296 3036/2997/4487
f 2951/2945/4412 2662/2727/4247 2952/2914/4352
f 2910/2946/4488 2810/2846/4489 2911/2947/4490
f 2772/2766/4143 2874/2915/4354 2912/2948/4418
f 2773/2848/4430 2812/2881/4491 2915/2952/4431
f 2880/2953/4436 2697/2776/4365 2856/2883/4304
f 2697/2776/4365 2666/2617/3945 2856/2883/4304
f 2974/2998/4439 2883/2955/4441 2953/2999/4492
f 2883/2955/4493 2916/2922/4446 2953/2999/4494
f 2885/2925/4375 119/2814/4212 2976/3000/4495
f 2919/2963/4452 3039/2964/4453 2955/3001/4496
f 2820/20/20 2888/2890/4316 104/18/18
f 109/2929/4379 118/2735/4106 2957/3002/4497
f 2957/3002/4497 118/2735/4106 2889/2856/4264
f 2743/2783/4163 2787/2858/4266 2890/2930/4380
f 2890/2930/4380 122/2704/4067 2744/22/22
f 2861/2968/4456 2788/2859/4267 100/3003/4498
f 2824/21/21 2891/3004/4499 2924/2969/4457
f 3011/3005/4500 2892/2661/4009 2893/2894/4320
f 2927/2861/4274 2678/2708/4273 2928/3006/4501
f 2678/2708/4071 2750/2744/4117 2928/3006/4502
f 2863/2896/4503 2896/2862/4504 2932/3007/4505
f 2829/2863/4279 2647/2663/4016 3053/3008/4506
f 2959/2864/4280 2793/2709/4170 2897/2932/4507
f 2613/2635/4224 2830/2865/4508 2897/2932/4388
f 2989/3009/4509 2864/2933/4392 2832/2867/4285
f 2651/2665/4020 2960/2936/4400 2990/2935/4396
f 2960/2936/4400 2866/2898/4399 3020/3010/4510
f 3020/3010/4510 2866/2898/4399 2991/2975/4511
f 2991/2975/4463 2756/2828/4333 2836/2900/4512
s 0
f 2756/2828/4513 2835/2899/4513 2836/2900/4513
s 1
f 2934/2976/4464 2797/2868/4288 2961/3011/4514
f 2961/3011/4514 2797/2868/4288 2992/3012/4515
f 2936/2937/4403 2708/2716/4082 2937/3013/4516
f 2708/2716/4082 2759/2790/4179 2937/3013/4516
f 2993/3014/4517 2759/2790/4179 2683/2791/4180
f 2940/2980/4468 2760/2792/4181 2941/2981/4469
f 2760/2792/4181 2710/2748/4123 2941/2981/4469
f 2963/3015/4518 2941/2981/4519 2900/2902/4470
f 2900/2902/4470 2837/2903/4338 2963/3015/4518
f 2963/3015/4518 2837/2903/4338 2964/3016/4520
f 2837/2903/4338 2867/2869/4290 2964/3016/4520
f 2867/2869/4471 103/2982/4472 2997/3017/4521
f 2713/2597/3982 2714/2794/4184 103/2982/4472
f 103/2982/4472 2714/2794/4184 2715/2718/4085
f 2965/3018/4522 2799/2751/4128 2800/2830/4232
f 2942/2985/4475 2801/2831/4233 2967/3019/4523
f 2801/2831/4233 2802/2870/4234 2943/3020/4524
f 2840/2795/4185 2944/2986/4476 2839/2906/4343
f 2766/2797/4187 2767/2754/4130 3027/3021/4525
f 3027/3021/4525 2767/2754/4130 2998/2938/4405
f 2843/2835/4237 2720/2756/4132 2946/3022/4526
f 2946/3022/4526 2720/2756/4132 2870/2908/4345
f 2870/2908/4345 2871/2909/4346 2969/3023/4527
f 2721/2757/4133 2805/2872/4292 2871/2909/4346
f 2902/3024/4528 2805/2872/4292 3000/3025/4529
f 3000/3025/4529 2805/2872/4292 2872/2720/4087
f 2654/2836/4238 2723/2760/4136 2947/2990/4480
f 2769/2837/4239 2873/3026/4530 108/2873/4293
f 2769/2837/4239 2903/2838/4240 2873/3026/4530
f 2903/2838/4240 113/2839/4241 112/3027/4531
f 112/3027/4531 113/2839/4241 2948/3028/4532
f 2948/3028/4532 113/2839/4241 2844/2874/4294
f 2844/2874/4294 2904/2991/4481 2971/3029/4533
f 2845/2841/4243 111/2842/4244 2904/2991/4481
f 2808/2724/4091 2846/2875/4295 3001/3030/4534
f 2972/3031/4535 2771/2801/4191 2809/2802/4192
f 2690/2764/4140 2973/2993/4483 2906/2992/4482
f 3036/2997/4487 2909/2876/4296 2851/2877/4297
f 2852/2878/4298 115/2879/4299 2851/2877/4297
f 2910/2946/4536 2911/2947/4490 2912/2948/4537
f 2913/2949/4419 2729/2767/4144 2875/2950/4538
f 2877/2917/4426 2855/2880/4429 2915/2952/4431
f 2812/2881/4491 2878/2918/4539 2915/2952/4431
f 2878/2918/4539 2879/2919/4434 2880/2953/4436
f 2814/2884/4305 2882/2921/4440 2974/2954/4439
f 2953/2999/4494 2916/2922/4446 2917/2958/4445
f 2917/2958/4540 2884/2924/4541 3003/3032/4542
s 0
f 2884/2924/4543 2918/2960/4543 3072/3033/4543
s 1
f 119/2814/4212 2954/2962/4451 2976/3000/4495
f 2954/2962/4451 2919/2963/4452 3004/3034/4544
f 2783/2815/4213 2978/3035/4545 3039/2964/4453
f 2978/3035/4545 2783/2815/4213 2920/2926/4376
f 2920/2926/4376 2858/2965/4377 2979/3036/4546
f 2979/3036/4546 2858/2965/4377 2956/3037/4547
f 2956/3038/4547 2858/2927/4377 2921/2928/4378
f 2818/2854/4262 2639/2780/4160 2922/2966/4454
f 2784/2855/4263 2859/17/17 105/19/19
f 2888/2890/4316 109/2929/4379 3005/3039/4548
f 3005/3039/4548 109/2929/4379 2957/3002/4497
f 2860/2892/4318 2821/2891/4317 2740/2737/4108
f 2786/2817/4215 2743/2783/4163 2980/3040/4549
f 2980/3040/4549 2743/2783/4163 3009/3041/4550
f 2743/2783/4163 2890/2930/4380 3009/3041/4550
f 2924/2969/4457 100/3003/4498 2788/2859/4267
f 2825/2893/4319 2862/2818/4216 124/2740/4111
f 124/2740/4111 2747/2819/4217 2826/2970/4458
f 2893/2894/4320 2894/2931/4383 3011/3005/4500
f 2790/2821/4551 2926/2971/4552 2982/3042/4553
f 2983/3043/4554 2927/2861/4274 2928/3006/4501
f 2928/3006/4502 2750/2744/4117 2929/3044/4555
f 2750/2744/4117 2931/2972/4556 2929/3044/4555
f 2929/3044/4555 2931/2972/4556 2984/3045/4557
f 2958/3046/4558 2931/2972/4460 2985/3047/4559
f 2896/2862/4504 2792/2823/4560 3018/3048/4561
f 3018/3048/4562 2792/2823/4562 2987/2973/4562
f 3053/3008/4506 2647/2663/4016 2959/2864/4563
f 2647/2663/4016 2706/2786/4169 2959/2864/4280
f 2959/2864/4280 2897/2932/4507 3019/3049/4564
f 3090/3050/4565 2897/2932/4388 2830/2865/4508
f 2830/2865/4281 2831/2866/4282 2988/3051/4566
f 2831/2866/4389 2864/2933/4391 2988/3051/4567
f 2989/3009/4568 2832/2867/4326 2933/2974/4462
f 2836/2900/4512 2934/2976/4569 2991/2975/4463
f 2992/3012/4515 2797/2868/4288 2935/3052/4570
f 2797/2868/4288 2758/2829/4231 2935/3052/4570
f 2937/3013/4516 2759/2790/4179 2993/3014/4517
f 2938/2977/4465 2899/2901/4336 2994/3053/4571
f 2995/3054/4572 2899/2901/4336 2962/2978/4466
f 2996/3055/4573 2964/3016/4574 2867/2869/4471
f 2715/2718/4085 107/2983/4473 103/2982/4472
f 2966/2984/4474 2716/2752/4129 2942/2985/4475
f 2967/3019/4523 2801/2831/4233 2943/3020/4524
f 2802/2832/4234 2838/2833/4235 3024/3056/4575
f 3026/2987/4477 2841/2834/4236 2968/3057/4576
f 2841/2834/4236 2803/2796/4186 2968/3057/4576
f 2766/2797/4187 3027/3021/4525 3099/2988/4478
f 2945/2939/4406 2843/2835/4237 2946/3022/4526
f 3000/3025/4529 2872/2720/4087 114/2940/4407
f 114/2940/4407 2970/2989/4479 102/3058/4577
f 2654/2836/4238 2947/2990/4480 2970/2989/4479
f 2873/3026/4530 2903/2838/4240 98/3059/4578
f 2904/2991/4481 111/2842/4244 110/2910/4347
f 110/2910/4347 117/2799/4189 106/2911/4348
f 2808/2724/4091 3001/3030/4534 106/2911/4348
f 2846/2875/4295 2847/2912/4349 3001/3030/4534
f 3001/3030/4534 2847/2912/4349 101/2941/4408
f 2905/2942/4409 2771/2801/4191 2972/3031/4535
f 2973/2993/4483 2848/2843/4245 2849/2943/4410
f 3066/3060/4579 2849/2943/4410 2908/2944/4411
f 2907/2994/4484 2850/2844/4246 2950/2995/4485
f 2950/2995/4485 2909/2876/4296 3034/2996/4486
f 2851/2877/4297 115/2879/4299 2951/2945/4412
f 2914/2951/4427 2877/2916/4426 2915/3061/4431
f 2881/2920/4366 2814/2884/4305 2974/2954/4439
f 3002/3062/4580 2953/2999/4581 2917/2958/4582
f 2917/2958/4582 3003/3032/4583 3002/3062/4580
f 2884/2924/4541 3072/3033/4584 3003/3032/4542
s 0
f 2918/3063/4585 2885/2925/4585 2975/3064/4585
s 1
f 2975/3064/4586 2885/2925/4587 2976/3000/4588
s 0
f 2976/3000/4589 2954/2962/4589 2977/3065/4589
s 1
f 3004/3034/4544 2919/2963/4452 2955/3001/4496
f 3076/3066/4590 2920/2926/4376 2979/3036/4546
f 3041/3067/4591 2979/3036/4546 2956/3037/4547
f 2921/2928/4378 2818/2854/4262 3079/3068/4592
f 2819/2888/4314 2887/2889/4315 3043/3069/4593
f 3043/3069/4593 2887/2889/4315 2886/2967/4455
f 3005/3039/4548 2957/3002/4497 3006/3070/4594
f 3007/3071/4595 2889/2856/4264 2860/2892/4318
f 3008/3072/4596 2860/2892/4318 2741/2781/4161
f 2860/2892/4318 2740/2737/4108 2741/2781/4161
f 2823/2857/4265 2786/2817/4215 2980/3040/4549
f 2744/22/22 2861/2968/4456 2890/2930/4380
f 2890/2930/4380 2861/2968/4456 3009/3041/4550
f 3147/3073/4597 100/3003/4498 2924/2969/4457
f 2891/3004/4499 2824/21/21 2825/2893/4319
f 2825/2893/4319 124/2740/4111 3010/3074/4598
f 3010/3074/4598 124/2740/4111 2826/2970/4458
s 0
f 2790/2821/4599 2982/3042/4599 2895/2895/4599
s 1
f 2926/2971/4459 2927/2861/4386 3012/3075/4600
f 2928/3006/4501 2929/3044/4601 2983/3043/4554
f 2983/3043/4602 2929/3044/4603 3013/3076/4604
f 2931/2972/4556 2958/3046/4605 2984/3045/4557
f 2958/3046/4558 2985/3047/4559 3014/3077/4606
f 3016/3078/4607 3015/3079/4608 96/3080/4609
f 3015/3079/4610 3014/3077/4611 96/3080/4612
f 2985/3047/4559 2931/2972/4460 2751/2785/4275
f 2828/2822/4277 2863/2896/4613 2751/2785/4275
f 2932/3007/4505 2896/2862/4504 3018/3048/4561
f 2988/3051/4614 2864/2933/4392 2989/3009/4509
f 3055/3081/4615 2991/2975/4463 2934/2976/4569
f 2935/3052/4570 2758/2829/4231 3021/3082/4616
f 2758/2829/4231 2936/2937/4403 3021/3082/4616
f 2993/3014/4517 2683/2791/4180 2938/2977/4465
f 2994/3053/4571 2899/2901/4336 2995/3054/4572
f 3058/3083/4617 2995/3054/4618 2962/2978/4619
f 2962/2978/4619 2939/2979/4620 3023/3084/4621
f 2939/2979/4620 2940/2980/4622 3023/3084/4621
f 2996/3055/4573 2867/2869/4471 2997/3017/4521
f 2965/3018/4522 2800/2830/4232 2966/2984/4474
f 2943/3020/4524 2802/2870/4234 3059/3085/4623
f 3024/3056/4575 2838/2833/4235 2868/2904/4341
f 3025/3086/4624 2868/2904/4341 3096/3087/4625
f 3061/3088/4626 2839/2906/4343 2944/2986/4476
f 3063/3089/4627 3026/2987/4477 2968/3057/4576
f 3099/2988/4478 99/3090/4628 2842/2907/4344
f 3028/3091/4629 2998/2938/4405 2945/2939/4406
f 2969/3023/4527 2871/2909/4346 3134/3092/4630
f 2947/2990/4480 108/2873/4293 3029/3093/4631
f 3029/3093/4631 108/2873/4293 2873/3026/4530
f 2903/2838/4240 112/3027/4531 98/3059/4578
f 2844/2874/4294 2971/3029/4533 2948/3028/4532
f 2904/2991/4481 110/2910/4347 3031/3094/4632
f 97/3095/4633 101/2941/4408 2949/2913/4350
f 2972/3031/4535 2809/2802/4192 2906/2992/4482
f 3032/3096/4634 3066/3060/4579 2908/2944/4411
f 2907/2994/4484 2950/2995/4485 3033/3097/4635
f 3036/2997/4487 3035/3098/4636 3034/2996/4486
f 3067/3099/4637 3034/2996/4486 3035/3098/4636
f 2951/2945/4412 2952/2914/4352 2912/2948/4638
s 0
f 2952/2914/4639 2910/2946/4639 2912/2948/4639
f 2874/2915/4640 2913/2949/4640 2912/2948/4640
f 2912/2948/4641 2913/2949/4641 2875/2950/4641
s 1
f 3037/3100/4642 2875/2950/4643 2914/2951/4427
f 2914/2951/4427 2915/3061/4431 3037/3100/4642
f 2915/2952/4431 2878/2918/4539 2880/2953/4436
f 2856/2883/4304 2881/2920/4366 3070/3101/4644
f 2953/2999/4581 3002/3062/4580 2974/2998/4439
f 3003/3032/4583 3072/3033/4645 3109/3102/4646
s 0
f 2918/2960/4647 3073/3103/4647 3072/3033/4647
s 1
f 2918/3063/4648 2975/3064/4586 3073/3104/4649
f 3004/3034/4650 2955/3001/4651 3075/3105/4652
f 3038/3106/4653 2955/3001/4654 3039/2964/4655
f 2978/3035/4545 2920/2926/4376 3076/3066/4590
f 3078/3107/4656 2956/3038/4547 2921/2928/4378
f 3078/3107/4656 2921/2928/4378 3079/3068/4592
f 2818/2854/4262 2922/2966/4454 3080/3108/4657
f 95/3109/4658 2819/2888/4314 3043/3069/4593
f 2784/2855/4263 105/19/19 2886/2967/4455
f 104/18/18 2888/2890/4316 3044/3110/4659
f 2888/2890/4316 3005/3039/4548 3044/3110/4659
f 2957/3002/4497 2889/2856/4264 3007/3071/4595
f 2741/2781/4161 2823/2857/4265 3008/3072/4596
f 3008/3072/4596 2823/2857/4265 3045/3111/4660
f 2823/2857/4265 2980/3040/4549 3045/3111/4660
f 3046/3112/4661 2980/3040/4549 3009/3041/4550
f 2861/2968/4456 100/3003/4498 2981/3113/4662
f 3048/3114/4663 2981/3113/4662 100/3003/4498
f 2924/2969/4457 2891/3004/4499 3010/3074/4598
f 2891/3004/4499 2825/2893/4319 3010/3074/4598
f 2892/2661/4009 3011/3005/4500 2826/2970/4458
f 3118/3115/4664 2894/2931/4383 2895/2895/4382
f 2982/3042/4553 2926/2971/4552 3012/3075/4665
f 2927/2861/4386 2983/3043/4602 3012/3075/4600
f 3013/3076/4604 2929/3044/4603 3050/3116/4666
f 3051/3117/4667 2929/3044/4603 2984/3045/4668
f 3051/3117/4667 2984/3045/4668 2958/3046/4669
f 3052/3118/4670 96/3080/4612 3014/3077/4611
f 3014/3077/4606 2985/3047/4559 3017/3119/4671
f 2985/3047/4559 2751/2785/4275 3018/3048/4561
f 2751/2785/4275 2863/2896/4613 3018/3048/4561
f 2863/2896/4613 2932/3007/4505 3018/3048/4561
f 2829/2863/4672 3088/3120/4673 2987/2973/4674
f 2959/2864/4563 3019/3049/4675 3054/3121/4676
f 3020/3010/4510 2991/2975/4511 3209/3122/4677
f 3209/3122/4677 2991/2975/4511 3055/3081/4678
f 2934/2976/4569 2961/3011/4679 3055/3081/4615
f 3055/3081/4615 2961/3011/4679 2992/3012/4680
f 2936/2937/4403 2937/3013/4516 3022/3123/4681
f 2937/3013/4516 2993/3014/4517 3093/3124/4682
f 2962/2978/4619 3023/3084/4621 3058/3083/4617
f 3023/3084/4621 2940/2980/4622 3094/3125/4683
f 2940/2980/4622 2941/2981/4519 3094/3125/4683
f 2941/2981/4519 2963/3015/4518 3094/3125/4683
f 3094/3125/4683 2963/3015/4518 2964/3016/4520
f 107/2983/4473 2799/2751/4128 2965/3018/4522
f 2802/2832/4234 3024/3056/4575 3059/3126/4623
f 2868/2904/4341 3060/3127/4684 3024/3056/4575
f 2868/2904/4341 3025/3086/4624 3060/3127/4684
f 2868/2904/4341 2869/2905/4342 3096/3087/4625
f 2944/2986/4476 2765/2871/4291 3062/3128/4685
f 2968/3057/4576 2803/2796/4186 99/3090/4628
f 2803/2796/4186 2842/2907/4344 99/3090/4628
f 2945/2939/4406 2946/3022/4526 3100/3129/4686
f 2870/2908/4345 3064/3130/4687 2946/3022/4526
f 3064/3130/4687 2870/2908/4345 2969/3023/4527
f 3134/3092/4630 2871/2909/4346 2902/3024/4528
f 2871/2909/4346 2805/2872/4292 2902/3024/4528
f 2970/2989/4479 2947/2990/4480 3156/3131/4688
f 112/3027/4531 2948/3028/4532 98/3059/4578
f 2948/3028/4532 2971/3029/4533 3030/3132/4689
f 3031/3094/4632 2971/3029/4533 2904/2991/4481
f 3136/3133/4690 101/2941/4408 97/3095/4633
f 2851/2877/4297 2951/2945/4412 3106/3134/4691
f 3106/3134/4691 2951/2945/4412 2912/2948/4638
f 2875/2950/4643 3037/3100/4642 2912/2948/4638
f 3037/3100/4642 2915/3061/4431 3069/3135/4692
f 2915/2952/4431 2880/2953/4436 3069/3136/4692
f 2880/2953/4436 2856/2883/4304 3069/3136/4692
f 3069/3136/4692 2856/2883/4304 3070/3101/4644
f 2881/2920/4366 2974/2954/4439 3070/3101/4644
f 3003/3032/4583 3071/3137/4693 3002/3062/4580
f 3003/3032/4583 3109/3102/4646 3071/3137/4693
f 2975/3064/4586 2976/3000/4588 3074/3138/4694
f 2976/3000/4588 2977/3065/4695 3074/3138/4694
f 2977/3065/4696 2954/2962/4696 3004/3034/4696
f 2955/3001/4651 3038/3106/4653 3075/3105/4652
f 3039/2964/4453 2978/3035/4545 3040/3139/4697
f 3042/3140/4698 3041/3067/4591 2956/3037/4547
f 2922/2966/4454 2819/2888/4314 95/3109/4658
f 3081/3141/4699 3005/3039/4548 3006/3070/4594
f 3048/3114/4663 100/3003/4498 3147/3073/4597
f 3010/3074/4598 2826/2970/4458 3083/3142/4700
s 0
f 2895/2895/4701 2982/3042/4701 3118/3115/4701
s 1
f 2982/3042/4702 3012/3075/4703 3118/3115/4704
f 3012/3075/4600 2983/3043/4602 3049/3143/4705
f 3049/3143/4705 2983/3043/4602 3013/3076/4604
f 2929/3044/4603 3051/3117/4667 3050/3116/4666
f 3051/3117/4667 2958/3046/4669 3084/3144/4706
f 3084/3144/4706 2958/3046/4669 3085/3145/4707
f 2958/3046/4669 3014/3077/4611 3085/3145/4707
f 3086/3146/4708 96/3080/4612 3052/3118/4670
f 3052/3118/4709 3014/3077/4606 3017/3119/4671
f 3017/3119/4671 2985/3047/4559 3087/3147/4710
f 2829/2863/4672 3053/3008/4711 3088/3120/4673
f 3054/3121/4712 3019/3049/4713 3089/3148/4714
f 2897/2932/4507 3090/3050/4715 3019/3049/4564
f 3090/3050/4716 2830/2865/4717 2988/3051/4718
f 2933/2974/4462 2865/2897/4393 3208/3149/4719
f 3208/3149/4719 2865/2897/4393 2795/2825/4227
f 2990/2935/4396 2960/2936/4400 3020/3010/4510
f 3021/3082/4616 2936/2937/4403 3124/3150/4720
f 2936/2937/4403 3022/3123/4681 3124/3150/4720
f 3092/3151/4721 2937/3013/4516 3056/3152/4722
f 2995/3054/4618 3058/3083/4617 2994/3053/4723
f 3095/3153/4724 2965/3018/4522 2966/2984/4474
f 3060/3127/4684 3025/3086/4624 3154/3154/4725
f 2765/2871/4291 3026/2987/4477 3062/3128/4685
f 3098/3155/4726 2968/3057/4576 99/3090/4628
f 2945/2939/4406 3100/3129/4686 3028/3091/4629
f 3156/3131/4688 2947/2990/4480 3029/3093/4631
f 98/3059/4578 2948/3028/4532 3101/3156/4727
f 3101/3156/4727 2948/3028/4532 3030/3132/4689
f 110/2910/4347 106/2911/4348 3031/3094/4632
f 3031/3094/4632 106/2911/4348 93/3157/4728
f 97/3095/4633 2949/2913/4350 2905/2942/4409
f 2905/2942/4409 2972/3031/4535 3159/3158/4729
f 2906/2992/4482 2973/2993/4483 3138/3159/4730
f 2849/2943/4410 3066/3060/4579 3139/3160/4731
f 3034/2996/4486 3067/3099/4637 3105/3161/4732
f 3036/2997/4487 2851/2877/4297 3106/3134/4691
f 2912/2948/4638 3037/3100/4642 3106/3134/4691
f 3037/3100/4642 3069/3135/4692 3107/3162/4733
f 3108/3163/4734 3107/3162/4733 3069/3135/4692
f 2975/3064/4586 3074/3138/4694 3073/3104/4649
f 3073/3104/4735 3074/3138/4736 3165/3164/4737
f 2977/3065/4695 3004/3034/4738 3074/3138/4739
f 3004/3034/4738 3075/3105/4740 3074/3138/4739
f 3074/3138/4741 3075/3105/4742 3141/3165/4743
f 3075/3105/4742 3038/3106/4744 3141/3165/4743
f 3040/3139/4697 2978/3035/4545 3110/3166/4745
f 2978/3035/4545 3076/3066/4590 3110/3166/4745
f 3041/3067/4591 3042/3140/4698 3077/3167/4746
f 2818/2854/4262 3080/3108/4657 3079/3068/4592
f 3111/3168/4747 3080/3108/4657 2922/2966/4454
f 3113/3169/4748 95/3109/4658 3043/3069/4593
f 2886/2967/4455 105/19/19 3043/3069/4593
f 3007/3071/4595 2860/2892/4318 3115/3170/4749
f 3116/3171/4750 3046/3112/4661 3082/3172/4751
f 3082/3172/4751 3046/3112/4661 3009/3041/4550
f 3009/3041/4550 2861/2968/4456 3146/3173/4752
f 2861/2968/4456 2981/3113/4662 3146/3173/4752
f 3147/3073/4597 2924/2969/4457 3010/3074/4598
f 3083/3142/4700 2826/2970/4458 3011/3005/4500
f 3012/3075/4703 3049/3143/4753 3118/3115/4704
f 3013/3076/4754 3050/3116/4755 3148/3174/4756
f 3050/3116/4666 3051/3117/4667 3084/3144/4706
f 3014/3077/4611 3015/3079/4610 3085/3145/4707
f 3085/3145/4757 3015/3079/4608 3016/3078/4607
f 96/3080/4758 3086/3146/4759 3149/3175/4760
f 3119/3176/4761 3086/3146/4708 3052/3118/4670
f 3053/3008/4506 2959/2864/4563 3054/3121/4676
f 3019/3049/4564 3090/3050/4715 3120/3177/4762
f 3090/3050/4716 2988/3051/4718 3121/3178/4763
f 3123/3179/4764 3055/3081/4615 2935/3052/4765
f 3055/3081/4615 2992/3012/4680 2935/3052/4765
f 3021/3082/4616 3091/3180/4766 2935/3052/4570
f 2935/3052/4765 3091/3180/4767 3123/3179/4764
f 3091/3180/4766 3021/3082/4616 3124/3150/4720
f 3022/3123/4681 2937/3013/4516 3092/3151/4721
f 3056/3152/4722 2937/3013/4516 3057/3181/4768
f 3057/3181/4768 2937/3013/4516 3093/3124/4682
f 3093/3124/4682 2993/3014/4517 3126/3182/4769
f 2993/3014/4517 2938/2977/4465 3126/3182/4769
f 3128/3183/4770 2994/3053/4771 3058/3083/4617
f 3058/3083/4772 3023/3084/4773 3129/3184/4774
f 3023/3084/4773 3094/3125/4775 3129/3184/4774
f 2997/3017/4521 103/2982/4472 107/2983/4473
f 2869/2905/4342 2839/2906/4343 3096/3087/4625
f 3096/3087/4625 2839/2906/4343 3061/3088/4626
f 2944/2986/4476 3062/3128/4685 3061/3088/4626
f 3026/2987/4477 3063/3089/4627 3097/3185/4776
f 3130/3186/4777 3063/3089/4627 3131/3187/4778
f 3063/3089/4627 2968/3057/4576 3131/3187/4778
f 2968/3057/4576 3098/3155/4726 3131/3187/4778
f 3132/3188/4779 3027/3021/4525 2998/2938/4405
f 3100/3129/4686 2946/3022/4526 3064/3130/4687
f 2969/3023/4527 3134/3092/4630 3133/3189/4780
f 2902/3024/4528 3000/3025/4529 3134/3092/4630
f 3000/3025/4529 114/2940/4407 3216/3190/4781
f 2970/2989/4479 3156/3131/4688 102/3058/4577
f 3030/3132/4689 2971/3029/4533 3031/3094/4632
f 93/3157/4728 106/2911/4348 3001/3030/4534
f 3001/3030/4534 101/2941/4408 3136/3133/4690
f 2849/2943/4410 3139/3160/4731 2973/2993/4483
f 3066/3060/4579 3032/3096/4634 3160/3191/4782
f 3032/3096/4634 2908/2944/4411 2907/2994/4484
f 3104/3192/4783 2950/2995/4485 3034/2996/4486
f 3035/3098/4636 3036/2997/4487 3106/3134/4691
f 3108/3163/4734 3069/3135/4692 3070/3193/4644
f 2974/2998/4439 3002/3062/4580 3070/3193/4644
f 3167/3194/4784 3074/3138/4785 3141/3165/4786
f 3141/3165/4743 3038/3106/4744 3040/3139/4787
s 0
f 3038/3106/4788 3039/2964/4788 3040/3139/4788
s 1
f 3040/3139/4789 3110/3166/4790 3169/3195/4791
f 3142/3196/4792 3076/3066/4590 2979/3036/4546
f 3144/3197/4793 3079/3068/4592 3170/3198/4794
f 3170/3198/4794 3079/3068/4592 3080/3108/4657
f 3111/3168/4747 2922/2966/4454 95/3109/4658
f 3199/3199/4795 3043/3069/4593 105/19/19
f 105/19/19 104/18/18 3044/3110/4659
f 3005/3039/4548 3081/3141/4699 3145/3200/4796
f 2957/3002/4497 3007/3071/4595 3115/3170/4749
f 2860/2892/4318 3008/3072/4596 3115/3170/4749
f 3008/3072/4596 3045/3111/4660 3116/3171/4750
f 3116/3171/4750 3045/3111/4660 3046/3112/4661
f 3045/3111/4660 2980/3040/4549 3046/3112/4661
f 3082/3172/4751 3009/3041/4550 3146/3173/4752
f 3117/3201/4797 2981/3113/4662 3048/3114/4663
f 3010/3074/4598 3083/3142/4700 3171/3202/4798
s 0
f 3118/3115/4799 3049/3143/4799 3013/3076/4799
s 1
f 3149/3175/4760 3085/3145/4800 3016/3078/4801
f 3016/3078/4801 96/3080/4758 3149/3175/4760
f 3052/3118/4709 3017/3119/4671 3087/3147/4710
s 0
f 3120/3177/4802 3090/3050/4802 3121/3178/4802
s 1
f 3121/3178/4803 2988/3051/4614 2989/3009/4509
f 2990/2935/4396 3020/3010/4510 3122/3203/4804
f 3020/3010/4510 3209/3122/4677 3819/3204/4805
f 3209/3122/4677 3055/3081/4678 3123/3179/4764
f 3125/3205/4806 3056/3152/4807 3057/3181/4808
f 3125/3205/4806 3057/3181/4808 3093/3124/4809
s 0
f 3126/3182/4810 2938/2977/4810 3128/3183/4810
f 2938/2977/4811 2994/3053/4811 3128/3183/4811
s 1
f 3150/3206/4812 3058/3083/4772 3129/3184/4774
f 3094/3125/4775 2964/3016/4574 2996/3055/4573
f 3151/3207/4813 2997/3017/4521 107/2983/4473
f 3059/3126/4623 3024/3056/4575 3153/3208/4814
f 3153/3208/4814 3024/3056/4575 3060/3127/4684
f 3099/2988/4478 3027/3021/4525 3132/3188/4779
f 3132/3188/4779 2998/2938/4405 3028/3091/4629
f 3064/3130/4687 2969/3023/4527 3133/3189/4780
f 3216/3190/4781 114/2940/4407 102/3058/4577
f 102/3058/4577 3156/3131/4688 3135/3209/4815
f 3101/3156/4727 3030/3132/4689 3102/3210/4816
f 3030/3132/4689 3031/3094/4632 3158/3211/4817
f 3158/3211/4817 3031/3094/4632 93/3157/4728
f 3001/3030/4534 3136/3133/4690 93/3157/4728
f 3136/3133/4690 97/3095/4633 94/3212/4818
f 3103/3213/4819 3137/3214/4820 94/3212/4818
f 97/3095/4633 2905/2942/4409 94/3212/4818
f 2906/2992/4482 3138/3159/4730 2972/3031/4535
f 3138/3159/4730 2973/2993/4483 3139/3160/4731
f 3139/3160/4731 3066/3060/4579 3160/3191/4782
f 3032/3096/4634 2907/2994/4484 91/3215/4821
f 2907/2994/4484 3033/3097/4635 91/3215/4821
f 2950/2995/4485 3104/3192/4783 3033/3097/4635
f 3104/3192/4783 3034/2996/4486 3105/3161/4732
f 3067/3099/4637 92/3216/4822 3105/3161/4732
f 3106/3134/4691 3037/3100/4642 3161/3217/4823
f 3161/3217/4823 3037/3100/4642 3162/3218/4824
f 3037/3100/4642 3107/3162/4733 3162/3218/4824
f 3162/3218/4824 3107/3162/4733 3188/3219/4825
f 3188/3219/4825 3107/3162/4733 3190/3220/4826
f 3108/3163/4734 3070/3193/4644 3071/3137/4693
f 3070/3193/4644 3002/3062/4580 3071/3137/4693
f 3071/3137/4693 3109/3102/4646 3163/3221/4827
f 3072/3033/4645 3073/3103/4828 3109/3102/4646
f 3167/3194/4784 3141/3165/4786 3191/3222/4829
f 3040/3139/4789 3169/3195/4791 3168/3223/4830
f 3192/3224/4831 3110/3166/4832 3076/3066/4833
f 3142/3196/4792 2979/3036/4546 3193/3225/4834
f 3193/3225/4834 2979/3036/4546 3041/3067/4591
f 3111/3168/4747 95/3109/4658 3112/3226/4835
f 3112/3226/4835 95/3109/4658 3113/3169/4748
f 3113/3169/4748 3043/3069/4593 3199/3199/4795
f 3199/3199/4795 105/19/19 3044/3110/4659
f 2957/3002/4497 3115/3170/4749 3006/3070/4594
f 3115/3170/4749 3008/3072/4596 3116/3171/4750
f 3146/3173/4752 2981/3113/4662 3117/3201/4797
f 3147/3073/4597 3010/3074/4598 3171/3202/4798
f 3083/3142/4700 3011/3005/4500 3172/3227/4836
f 3118/3115/4837 3013/3076/4754 3148/3174/4756
f 3148/3174/4756 3050/3116/4755 3084/3144/4838
f 3087/3147/4710 2985/3047/4559 3205/3228/4839
f 2985/3047/4559 3018/3048/4561 3206/3229/4840
f 3053/3008/4841 3054/3121/4842 3088/3120/4843
s 0
f 3054/3121/4844 3089/3148/4844 3088/3120/4844
s 1
f 3088/3120/4845 3089/3148/4846 3175/3230/4847
f 3089/3148/4714 3019/3049/4713 3120/3177/4848
f 3207/3231/4849 3120/3177/4850 3121/3178/4851
f 3176/3232/4852 2795/2825/4227 2898/2934/4395
f 2898/2934/4395 2990/2935/4396 3122/3203/4804
f 3122/3203/4804 3020/3010/4510 3819/3204/4805
f 3123/3179/4764 3091/3180/4767 3177/3233/4853
f 3177/3233/4853 3091/3180/4767 3022/3123/4854
f 3091/3180/4766 3124/3150/4720 3022/3123/4681
f 3022/3123/4854 3092/3151/4855 3177/3233/4853
f 3177/3233/4853 3092/3151/4855 3179/3234/4856
f 3092/3151/4855 3056/3152/4857 3179/3234/4856
f 3056/3152/4857 3125/3205/4858 3179/3234/4856
f 3093/3124/4859 3126/3182/4860 3180/3235/4861
f 3058/3083/4772 3150/3206/4812 3128/3183/4862
f 2996/3055/4573 2997/3017/4521 3151/3207/4813
f 2966/2984/4474 3822/3236/4863 3095/3153/4724
f 2966/2984/4474 2942/2985/4475 3211/3237/4864
f 2942/2985/4475 2967/3019/4523 3211/3237/4864
f 2967/3019/4523 2943/3020/4524 3059/3085/4623
f 3059/3126/4623 3153/3208/4814 3181/3238/4865
f 3154/3154/4725 3025/3086/4624 3241/3239/4866
f 3062/3128/4685 3026/2987/4477 3097/3185/4776
f 3063/3089/4627 3130/3186/4777 3097/3185/4776
f 3827/3240/4867 99/3090/4628 3099/2988/4478
f 3099/2988/4478 3132/3188/4779 3827/3240/4867
f 3132/3188/4779 3028/3091/4629 3213/3241/4868
f 3134/3092/4630 3000/3025/4529 3155/3242/4869
f 3000/3025/4529 3216/3190/4781 3183/3243/4870
f 3029/3093/4631 2873/3026/4530 3101/3156/4727
f 2873/3026/4530 98/3059/4578 3101/3156/4727
f 94/3212/4818 2905/2942/4409 3159/3158/4729
f 3159/3158/4729 2972/3031/4535 3185/3244/4871
f 3033/3097/4635 3104/3192/4783 3186/3245/4872
f 3067/3099/4637 3035/3098/4636 3187/3246/4873
f 3187/3246/4873 3035/3098/4636 3106/3134/4691
f 3188/3219/4825 3190/3220/4826 3189/3247/4874
f 3107/3162/4733 3108/3163/4734 3190/3220/4826
f 3163/3221/4827 3190/3220/4826 3108/3163/4734
f 3073/3103/4828 3165/3248/4875 3109/3102/4646
f 3074/3138/4736 3167/3194/4876 3165/3164/4737
f 3167/3249/4877 3191/3250/4878 3166/3251/4879
s 0
f 3191/3222/4880 3141/3165/4880 3168/3223/4880
s 1
f 3141/3165/4881 3040/3139/4789 3168/3223/4830
f 3169/3195/4791 3110/3166/4790 3223/3252/4882
f 3110/3166/4790 3192/3224/4883 3223/3252/4882
f 3194/3253/4884 3041/3067/4885 3195/3254/4886
f 3041/3067/4885 3077/3167/4887 3195/3254/4886
f 3077/3167/4746 3042/3140/4698 3196/3255/4888
f 3143/3256/4889 3042/3140/4698 3197/3257/4890
f 3042/3140/4698 2956/3037/4547 3197/3257/4890
f 3197/3258/4890 2956/3038/4547 3227/3259/4891
f 2956/3038/4547 3078/3107/4656 3227/3259/4891
f 3227/3259/4891 3078/3107/4656 3875/3260/4892
f 3875/3260/4892 3078/3107/4656 3079/3068/4592
f 3198/3261/4893 3079/3068/4592 3144/3197/4793
f 3846/3262/4894 3170/3198/4794 3111/3168/4747
f 3170/3198/4794 3080/3108/4657 3111/3168/4747
f 3199/3199/4795 3044/3110/4659 3145/3200/4796
f 3044/3110/4659 3005/3039/4548 3145/3200/4796
f 3145/3200/4796 3081/3141/4699 3200/3263/4895
f 3200/3263/4895 3081/3141/4699 3114/3264/4896
f 3116/3171/4750 3082/3172/4751 3201/3265/4897
f 3082/3172/4751 3146/3173/4752 3201/3265/4897
f 3202/3266/4898 3146/3173/4752 3117/3201/4797
f 3171/3202/4798 3083/3142/4700 3172/3227/4836
f 3172/3227/4836 3011/3005/4500 3816/3267/4899
f 3816/3267/4899 3011/3005/4500 2894/2931/4383
f 3203/3268/4900 3148/3174/4756 3084/3144/4838
f 3085/3145/4800 3149/3175/4760 3203/3268/4900
f 3173/3269/4901 3149/3175/4760 3204/3270/4902
f 3149/3175/4760 3086/3146/4759 3204/3270/4902
f 3086/3146/4708 3119/3176/4761 3204/3270/4903
f 3119/3176/4904 3052/3118/4709 3174/3271/4905
f 3174/3271/4905 3052/3118/4709 3087/3147/4710
f 3018/3048/4906 2987/2973/4907 3206/3229/4840
f 3206/3229/4840 2987/2973/4907 3818/3272/4908
f 2987/2973/4909 3088/3120/4910 3818/3272/4911
f 3208/3149/4719 2795/2825/4227 3176/3232/4852
f 3209/3122/4677 3123/3179/4764 3177/3233/4853
f 3125/3205/4858 3093/3124/4859 3179/3234/4856
f 3179/3234/4856 3093/3124/4859 3180/3235/4861
f 3126/3182/4860 3128/3183/4912 3180/3235/4861
f 3094/3125/4775 2996/3055/4573 3129/3184/4774
f 2965/3018/4522 3095/3153/4724 3240/3273/4913
f 3822/3236/4863 2966/2984/4474 3211/3237/4864
f 2967/3019/4523 3059/3085/4623 3212/3274/4914
f 3153/3208/4814 3060/3127/4684 3823/3275/4915
f 3060/3127/4684 3154/3154/4725 3823/3275/4915
f 3025/3086/4624 3096/3087/4625 3242/3276/4916
f 3062/3128/4685 3097/3185/4776 3243/3277/4917
f 3097/3185/4776 3130/3186/4777 3245/3278/4918
f 3098/3155/4726 99/3090/4628 3827/3240/4867
f 3028/3091/4629 3100/3129/4686 3213/3241/4868
f 3100/3129/4686 3182/3279/4919 3248/3280/4920
f 3182/3279/4919 3100/3129/4686 3064/3130/4687
f 3214/3281/4921 3064/3130/4687 3133/3189/4780
f 3155/3242/4869 3000/3025/4529 3183/3243/4870
f 3156/3131/4688 3029/3093/4631 3157/3282/4922
f 3157/3282/4922 3029/3093/4631 3101/3156/4727
f 3101/3156/4727 3102/3210/4816 3217/3283/4923
f 3030/3132/4689 3158/3211/4817 3102/3210/4816
f 3829/3284/4924 3158/3211/4817 3218/3285/4925
f 3218/3285/4925 3158/3211/4817 93/3157/4728
f 93/3157/4728 3136/3133/4690 3218/3285/4925
f 3218/3285/4925 3136/3133/4690 3219/3286/4926
f 3103/3213/4819 94/3212/4818 3159/3158/4729
f 3865/3287/4927 3160/3191/4782 3032/3096/4634
f 91/3215/4821 3033/3097/4635 3220/3288/4928
f 3104/3192/4783 3105/3161/4732 3830/3289/4929
f 92/3216/4822 3221/3290/4930 3105/3161/4732
f 3187/3246/4873 3106/3134/4691 3161/3217/4823
f 3161/3217/4823 3162/3218/4824 3188/3219/4825
f 3108/3163/4734 3071/3137/4693 3163/3221/4827
f 3109/3102/4646 3165/3248/4875 3839/3291/4931
f 3165/3248/4875 3167/3249/4877 3166/3251/4879
f 3169/3195/4932 3223/3252/4933 3810/3292/4934
f 3223/3252/4882 3192/3224/4883 3842/3293/4935
f 3192/3224/4831 3076/3066/4833 3842/3293/4936
f 3076/3066/4937 3224/3294/4938 3842/3293/4939
s 0
f 3076/3066/4940 3142/3196/4940 3224/3294/4940
s 1
f 3224/3294/4941 3142/3196/4942 3225/3295/4943
f 3193/3225/4944 3041/3067/4885 3194/3253/4884
f 3195/3254/4886 3077/3167/4887 3226/3296/4945
f 3226/3296/4945 3077/3167/4887 3196/3255/4946
f 3875/3260/4892 3079/3068/4592 3198/3261/4893
f 3145/3200/4796 3200/3263/4895 3199/3199/4795
f 3006/3070/4594 3115/3170/4749 3230/3297/4947
f 3230/3297/4947 3115/3170/4749 3201/3265/4897
f 3115/3170/4749 3116/3171/4750 3201/3265/4897
f 3146/3173/4752 3202/3266/4898 3201/3265/4897
f 3117/3201/4797 3048/3114/4663 3232/3298/4948
f 3233/3299/4949 3048/3114/4663 3147/3073/4597
f 3852/3300/4950 3233/3299/4949 3171/3202/4798
f 3233/3299/4949 3147/3073/4597 3171/3202/4798
f 2894/2931/4383 3118/3115/4664 3203/3268/4900
s 0
f 3118/3115/4951 3148/3174/4951 3203/3268/4951
s 1
f 3084/3144/4838 3085/3145/4800 3203/3268/4900
f 3204/3270/4903 3119/3176/4761 3234/3301/4952
f 3234/3301/4953 3119/3176/4904 3174/3271/4905
f 3205/3228/4839 2985/3047/4559 3206/3229/4840
f 3088/3120/4910 3175/3230/4847 3818/3272/4911
f 3089/3148/4954 3120/3177/4955 3175/3230/4847
s 0
f 3121/3178/4956 2989/3009/4956 3207/3231/4956
s 1
f 2989/3009/4568 2933/2974/4462 3883/3302/4957
f 3122/3203/4804 3819/3204/4805 3917/3303/4958
f 3239/3304/4959 3150/3206/4812 3129/3184/4774
f 3129/3184/4774 2996/3055/4573 3151/3207/4813
f 107/2983/4473 2965/3018/4522 3151/3207/4813
f 3151/3207/4813 2965/3018/4522 3240/3273/4913
f 3241/3239/4866 3025/3086/4624 3242/3276/4916
f 3096/3087/4625 3061/3088/4626 3242/3276/4916
f 3061/3088/4626 3062/3128/4685 3243/3277/4917
f 3213/3241/4868 3100/3129/4686 3248/3280/4920
f 3064/3130/4687 3214/3281/4921 3182/3279/4919
f 102/3058/4577 3135/3209/4815 3216/3190/4781
f 3101/3156/4727 3217/3283/4923 3157/3282/4922
f 3217/3283/4923 3102/3210/4816 3250/3305/4960
f 3102/3210/4816 3158/3211/4817 3250/3305/4960
f 3158/3211/4817 3829/3284/4924 3250/3305/4960
f 3219/3286/4926 3136/3133/4690 3252/3306/4961
f 2972/3031/4535 3138/3159/4730 3185/3244/4871
f 3032/3096/4634 91/3215/4821 3865/3287/4927
f 3220/3288/4928 3033/3097/4635 3186/3245/4872
f 3104/3192/4783 3830/3289/4929 3186/3245/4872
f 3253/3307/4962 3105/3161/4732 3221/3290/4930
f 3866/3308/4963 89/15/15 90/14/14
f 90/14/14 3254/16/16 3256/3309/4964
f 3221/3290/4930 92/3216/4822 3257/3310/4965
f 92/3216/4822 3067/3099/4637 3187/3246/4873
f 3187/3246/4873 3161/3217/4823 3258/3311/4966
f 3161/3217/4823 3188/3219/4825 3258/3311/4966
f 3189/3247/4874 3190/3220/4826 3808/3312/4967
f 3263/3313/4968 3264/3314/4969 3265/3315/4970
f 3270/3316/4971 3264/3314/4969 3266/3317/4972
f 3266/3317/4972 3264/3314/4969 3267/3318/4973
f 3268/3319/4974 3263/3313/4968 3265/3315/4970
f 3269/3320/4975 3264/3314/4969 3270/3316/4971
f 3272/3321/4976 3267/3318/4973 3263/3313/4977
f 3267/3318/4973 3264/3314/4969 3263/3313/4977
f 3263/3313/4977 3268/3319/4978 3340/3322/4979
f 3265/3315/4970 3264/3314/4969 3343/3323/4980
f 3343/3323/4980 3264/3314/4969 3269/3320/4975
f 3356/3324/4981 3270/3316/4971 3266/3317/4972
f 3267/3318/4973 3327/3325/4982 3271/3326/4983
f 3273/3327/4984 3275/3328/4985 3274/3329/4986
f 3279/3330/4987 3275/3328/4985 3276/3331/4988
f 3275/3328/4985 3273/3327/4984 3276/3331/4988
f 3281/3332/4989 3282/3333/4990 3280/3334/4991
f 3282/3333/4990 3273/3327/4984 3280/3334/4991
f 3294/3335/4992 3284/3336/4993 3292/3337/4994
f 3287/3338/4995 3286/3339/4996 3288/3340/4997
f 3291/3341/4998 3287/3338/4995 3292/3337/4994
f 3284/3336/4999 3294/3335/5000 3293/3342/5001
f 3292/3337/4994 3287/3338/4995 3288/3340/4997
f 3316/3343/5002 3300/3344/5003 3299/3345/5004
f 3297/3346/5005 3299/3347/5006 3301/3348/5007
f 3300/3344/5003 3296/3349/5008 3313/3350/5009
f 3296/3349/5008 3306/3351/5010 3313/3350/5009
f 3302/3352/5011 3299/3347/5006 3297/3346/5005
f 3298/3353/5012 3289/3354/5013 3303/3355/5014
f 3289/3354/5013 3288/3340/5015 3309/3356/5016
f 3290/3357/5017 3286/3339/4996 3287/3338/4995
s 0
f 3294/3335/5018 3295/3358/5018 3293/3342/5018
s 1
f 3295/3358/5019 3294/3335/5020 3304/3359/5021
f 3298/3353/5022 3297/3346/5023 3305/3360/5024
f 3296/3349/5008 3300/3344/5003 3308/3361/5025
f 3300/3344/5003 3316/3343/5002 3308/3361/5025
f 3297/3346/5023 3298/3353/5022 3303/3355/5026
f 3303/3355/5027 3289/3354/5028 3309/3356/5016
f 3288/3340/5015 3286/3339/5029 3309/3356/5016
f 3310/3362/5030 3290/3357/5031 3311/3363/5032
f 3311/3363/5032 3290/3357/5031 3287/3338/5033
f 3294/3335/4992 3292/3337/4994 3329/3364/5034
f 3288/3340/5015 3289/3354/5013 3345/3365/5035
f 3289/3354/5013 3298/3353/5012 3305/3360/5036
f 3314/3366/5037 3296/3349/5038 3308/3361/5025
f 3308/3361/5025 3316/3343/5002 3315/3367/5039
f 3316/3368/5040 3299/3347/5006 3302/3352/5011
f 3309/3356/5016 3286/3339/5029 3317/3369/5041
f 3318/3370/5042 3290/3357/5031 3310/3362/5030
f 3291/3341/4998 3292/3337/4994 3284/3336/4993
f 3284/3336/4999 3293/3342/5001 3319/3371/5043
f 3277/3372/5044 3274/3329/4986 3320/3373/5045
f 3274/3329/4986 3275/3328/4985 3320/3373/5045
f 3289/3354/5013 3305/3360/5036 3345/3365/5035
f 3297/3346/5005 3301/3348/5007 3305/3360/5046
f 3321/3374/5047 3313/3350/5009 3306/3351/5010
f 3306/3351/5048 3296/3349/5038 3322/3375/5049
f 3322/3375/5049 3296/3349/5038 3314/3366/5037
f 3317/3369/5041 3286/3339/5029 3323/3376/5050
f 3304/3359/5051 3277/3372/5044 3324/3377/5052
f 3320/3373/5045 3275/3328/4985 3278/3378/5053
f 3275/3328/4985 3279/3330/4987 3278/3378/5054
f 3278/3378/5053 3279/3330/5055 3336/3379/5056
f 3279/3330/4987 3276/3331/4988 3325/3380/5057
f 3276/3331/4988 3273/3327/4984 3326/3381/5058
f 3273/3327/4984 3282/3333/4990 3326/3381/5058
f 3339/3382/5059 3328/3383/5060 3327/3325/5061
f 3283/3384/5062 3282/3333/5063 3328/3383/5064
f 3328/3383/5064 3282/3333/5063 3281/3332/4989
f 3274/3329/4986 3277/3372/5044 3357/3385/5065
f 3277/3372/5044 3304/3359/5051 3357/3385/5065
f 3292/3337/4994 3288/3340/4997 3329/3364/5066
f 3301/3386/5067 3299/3345/5004 3300/3344/5003
f 3313/3350/5009 3330/3387/5068 3262/3388/5069
f 3330/3387/5068 3313/3350/5009 3321/3374/5047
f 3314/3366/5037 3308/3361/5025 3331/3389/5070
f 3331/3389/5070 3308/3361/5025 3315/3367/5039
f 3297/3346/5023 3303/3355/5026 3333/3390/5071
f 3303/3355/5027 3309/3356/5016 3317/3369/5041
f 3286/3339/5029 3290/3357/5072 3323/3376/5050
f 3323/3376/5050 3290/3357/5072 3318/3370/5073
f 3311/3363/5032 3287/3338/5033 3291/3341/5074
f 3293/3342/5075 3295/3358/5076 3324/3377/5077
f 3295/3358/5076 3304/3359/5051 3324/3377/5052
f 3320/3373/5045 3278/3378/5053 3334/3391/5078
f 3278/3378/5053 3336/3379/5056 3335/3392/5079
f 3282/3333/5063 3283/3384/5062 3338/3393/5080
f 3283/3384/5081 3328/3383/5082 3339/3382/5083
f 3327/3325/5061 3267/3318/5084 3339/3382/5059
f 3272/3321/4976 3263/3313/4977 3340/3322/4979
f 3342/3394/5085 3268/3319/4974 3265/3315/4970
f 3269/3320/4975 3270/3316/4971 3355/3395/5086
f 3267/3318/4973 3271/3326/4983 3266/3317/4972
f 3371/3396/5087 3327/3325/5061 3328/3383/5060
f 3304/3359/5088 3294/3335/5020 3357/3385/5065
f 3305/3360/5036 3301/3348/5067 3345/3365/5035
f 3300/3344/5003 3313/3350/5009 3262/3388/5069
f 3321/3374/5047 3306/3351/5048 3322/3375/5049
f 3346/3397/5089 3322/3375/5049 3314/3366/5037
s 0
f 3332/3398/5090 3315/3367/5090 3316/3343/5090
s 1
f 3302/3352/5091 3297/3346/5092 3333/3390/5093
f 3333/3390/5093 3303/3355/5094 3347/3399/5095
f 3347/3399/5096 3303/3355/5027 3317/3369/5041
f 3318/3370/5042 3310/3362/5030 3348/3400/5097
f 3348/3400/5098 3310/3362/5099 3349/3401/5100
f 3351/3402/5101 3284/3336/4999 3319/3371/5102
f 3324/3377/5052 3277/3372/5044 3366/3403/5103
f 3277/3372/5044 3320/3373/5045 3366/3403/5103
f 3334/3391/5078 3278/3378/5053 3335/3392/5079
f 3336/3379/5104 3337/3404/5105 3352/3405/5106
f 3337/3404/5105 3336/3379/5104 3279/3330/5107
f 3279/3330/5107 3325/3380/5108 3337/3404/5105
f 3325/3380/5057 3276/3331/4988 3378/3406/5109
f 3338/3393/5110 3326/3381/5111 3282/3333/5112
s 0
f 3338/3393/5113 3283/3384/5113 3353/3407/5113
s 1
f 3353/3407/5114 3283/3384/5115 3367/3408/5116
f 3367/3408/5117 3283/3384/5081 3339/3382/5083
f 3339/3382/5059 3267/3318/5084 3272/3321/5118
f 3340/3322/5119 3268/3319/5120 3341/3409/5121
f 3341/3409/5121 3268/3319/5120 3354/3410/5122
f 3268/3319/5123 3342/3394/5124 3354/3410/5125
f 3356/3324/4981 3266/3317/4972 3271/3326/4983
f 3271/3326/4983 3327/3325/4982 3371/3396/5126
f 3294/3335/5020 3329/3364/5066 3357/3385/5065
f 3300/3344/5003 3262/3388/5069 3301/3386/5067
f 3359/3411/5127 3321/3374/5047 3322/3375/5049
f 3346/3397/5089 3314/3366/5037 3360/3412/5128
f 3315/3367/5039 3332/3398/5129 3362/3413/5130
f 3332/3414/5131 3316/3368/5132 3364/3415/5133
f 3316/3368/5132 3302/3352/5091 3364/3415/5133
f 3383/3416/5134 3317/3369/5041 3323/3376/5135
f 3310/3362/5099 3311/3363/5136 3349/3401/5100
f 3350/3417/5137 3311/3363/5138 3291/3341/5139
f 3291/3341/5139 3284/3336/5140 3351/3402/5141
f 3351/3402/5101 3319/3371/5102 3365/3418/5142
f 3366/3403/5103 3320/3373/5045 3334/3391/5078
f 3378/3406/5109 3276/3331/4988 3326/3381/5111
f 3367/3408/5116 3339/3382/5059 3392/3419/5143
f 3339/3382/5059 3272/3321/5118 3392/3419/5143
f 3269/3320/4975 3355/3395/5086 3394/3420/5144
f 3355/3395/5086 3270/3316/4971 3370/3421/5145
f 3270/3316/4971 3356/3324/4981 3370/3421/5145
f 3280/3334/4991 3273/3327/4984 3274/3329/4986
f 3301/3386/5067 3262/3388/5069 3372/3422/5146
f 3358/3423/5147 3330/3387/5068 3321/3374/5047
f 3360/3412/5128 3314/3366/5037 3374/3424/5148
f 3374/3424/5148 3314/3366/5037 3361/3425/5149
f 3314/3366/5037 3331/3389/5070 3361/3425/5149
f 3331/3389/5070 3315/3367/5039 3362/3413/5130
f 3382/3426/5150 3363/3427/5151 3332/3414/5152
f 3302/3352/5091 3333/3390/5093 3364/3415/5133
f 3318/3370/5153 3348/3400/5154 3375/3428/5155
f 3291/3341/5139 3351/3402/5141 3350/3417/5137
f 3365/3418/5156 3319/3371/5157 3324/3377/5158
s 0
f 3319/3371/5159 3293/3342/5159 3324/3377/5159
s 1
f 3325/3380/5057 3378/3406/5109 3377/3429/5160
f 3272/3321/5161 3340/3322/5162 3368/3430/5163
f 3341/3409/5164 3354/3410/5165 3379/3431/5166
f 3354/3410/5125 3342/3394/5124 3411/3432/5167
f 3265/3315/4970 3369/3433/5168 3342/3394/5085
f 3343/3323/4980 3269/3320/4975 3394/3420/5144
f 3288/3340/4997 3345/3365/5035 3329/3364/5066
f 3345/3365/5035 3301/3348/5067 3329/3364/5066
f 3329/3364/5066 3301/3348/5067 3372/3434/5146
f 3372/3422/5146 3262/3388/5069 3261/3435/5169
f 3322/3375/5170 3346/3397/5171 3373/3436/5172
f 3361/3425/5149 3331/3389/5070 3362/3413/5130
f 3362/3413/5130 3332/3398/5173 3363/3437/5174
f 3382/3426/5150 3332/3414/5152 3364/3415/5175
f 3347/3399/5096 3317/3369/5041 3402/3438/5176
f 3317/3369/5041 3383/3416/5134 3402/3438/5176
f 3323/3376/5135 3318/3370/5177 3384/3439/5178
f 3318/3370/5177 3375/3428/5179 3384/3439/5178
f 3348/3400/5098 3349/3401/5100 3385/3440/5180
f 3349/3401/5100 3376/3441/5181 3385/3440/5180
f 3349/3401/5100 3311/3363/5136 3350/3417/5182
f 3387/3442/5183 3334/3391/5078 3335/3392/5079
f 3336/3379/5184 3352/3405/5185 3335/3392/5186
f 3378/3406/5109 3326/3381/5111 3338/3393/5110
f 3272/3321/5161 3368/3430/5163 3392/3419/5187
f 3379/3431/5166 3354/3410/5165 3393/3443/5188
f 3371/3396/5189 3328/3383/5064 3281/3332/4989
f 3280/3334/4991 3274/3329/4986 3357/3385/5065
f 3357/3385/5065 3329/3364/5066 3372/3434/5146
f 3372/3422/5146 3261/3435/5169 3435/3444/5190
f 3330/3387/5068 3358/3423/5147 3380/3445/5191
f 3358/3423/5147 3321/3374/5047 3359/3411/5127
f 3373/3436/5172 3346/3397/5171 3399/3446/5192
f 3346/3397/5171 3360/3412/5128 3400/3447/5193
f 3400/3447/5193 3360/3412/5128 3374/3424/5148
f 3381/3448/5194 3363/3427/5151 3382/3426/5150
f 3383/3416/5134 3323/3376/5135 3384/3439/5178
f 3375/3428/5155 3348/3400/5154 3385/3440/5195
f 3385/3440/5180 3376/3441/5181 3403/3449/5196
f 3349/3401/5100 3350/3417/5182 3386/3450/5197
f 3351/3402/5101 3365/3418/5142 3405/3451/5198
f 3365/3418/5156 3324/3377/5199 3406/3452/5200
f 3324/3377/5199 3366/3403/5201 3406/3452/5200
f 3366/3403/5103 3334/3391/5078 3407/3453/5202
f 3407/3453/5202 3334/3391/5078 3387/3442/5183
f 3335/3392/5186 3352/3405/5185 3408/3454/5203
f 3388/3455/5204 3352/3405/5205 3409/3456/5206
f 3352/3405/5207 3337/3404/5208 3409/3456/5209
f 3337/3404/5208 3389/3457/5210 3409/3456/5209
f 3378/3406/5109 3338/3393/5110 3390/3458/5211
f 3390/3458/5211 3338/3393/5110 3391/3459/5212
f 3391/3459/5213 3338/3393/5214 3353/3407/5215
f 3367/3408/5116 3392/3419/5143 3410/3460/5216
f 3340/3322/5119 3341/3409/5121 3368/3430/5217
f 3342/3394/5085 3369/3433/5168 3411/3432/5218
f 3369/3433/5168 3265/3315/4970 3422/3461/5219
f 3265/3315/4970 3343/3323/4980 3422/3461/5219
f 3370/3421/5145 3356/3324/4981 3424/3462/5220
f 3280/3334/4991 3357/3385/5065 3372/3434/5146
f 3435/3444/5190 3261/3435/5169 3395/3463/5221
f 3395/3463/5221 3261/3435/5169 3396/3464/5222
f 3261/3435/5169 3262/3388/5069 3438/3465/5223
f 3414/3466/5224 3262/3388/5069 3380/3445/5191
f 3262/3388/5069 3330/3387/5068 3380/3445/5191
f 3358/3423/5225 3359/3411/5226 3398/3467/5227
f 3359/3411/5226 3322/3375/5170 3373/3436/5172
f 3381/3448/5194 3382/3426/5150 3415/3468/5228
f 3333/3390/5093 3347/3399/5095 3364/3415/5133
f 3401/3469/5229 3347/3399/5230 3402/3438/5176
f 3349/3401/5100 3386/3450/5197 3376/3441/5231
f 3365/3418/5156 3406/3452/5200 3405/3451/5232
f 3406/3452/5233 3366/3403/5234 3417/3470/5235
f 3352/3405/5185 3388/3455/5204 3408/3454/5203
f 3389/3457/5210 3337/3404/5208 3418/3471/5236
f 3337/3404/5105 3325/3380/5108 3418/3471/5236
f 3377/3429/5160 3378/3406/5109 3390/3458/5211
f 3390/3458/5211 3391/3459/5212 3433/3472/5237
f 3391/3459/5238 3353/3407/5215 3433/3472/5239
f 3353/3407/5114 3367/3408/5116 3433/3472/5240
f 3368/3430/5217 3341/3409/5121 3379/3431/5241
f 3393/3443/5242 3354/3410/5243 3420/3473/5244
f 3420/3473/5244 3354/3410/5243 3411/3432/5245
f 3411/3432/5218 3369/3433/5168 3412/3474/5246
f 3343/3323/4980 3394/3420/5144 3422/3461/5219
f 3371/3396/5247 3281/3332/4989 3425/3475/5248
f 3281/3332/4989 3280/3334/4991 3425/3475/5248
f 3280/3334/4991 3372/3434/5146 3425/3475/5248
f 3425/3476/5248 3372/3422/5146 3435/3444/5190
f 3260/3477/5249 3435/3444/5190 3395/3463/5221
f 3427/3478/5250 3260/3477/5249 3428/3479/5251
f 3260/3477/5249 3395/3463/5221 3413/3480/5252
f 3396/3464/5222 3261/3435/5169 3438/3465/5223
f 3438/3465/5223 3262/3388/5069 3414/3466/5224
f 3440/3481/5253 3358/3423/5225 3398/3467/5227
f 3373/3436/5172 3399/3446/5192 3441/3482/5254
f 3346/3397/5171 3400/3447/5193 3399/3446/5192
f 3362/3413/5255 3363/3437/5256 3443/3483/5257
f 3363/3437/5256 3381/3484/5258 3443/3483/5257
f 3416/3485/5259 3382/3426/5260 3364/3415/5261
f 3364/3415/5261 3347/3399/5262 3430/3486/5263
s 0
f 3347/3399/5264 3401/3469/5264 3430/3486/5264
s 1
f 3383/3416/5134 3384/3439/5178 3431/3487/5265
f 3386/3450/5197 3350/3417/5182 3404/3488/5266
f 3404/3488/5266 3350/3417/5182 3351/3402/5101
f 3417/3470/5235 3366/3403/5234 3407/3453/5267
f 3335/3392/5186 3408/3454/5203 3387/3442/5268
f 3418/3471/5236 3325/3380/5108 3377/3429/5269
f 3367/3408/5116 3410/3460/5216 3433/3472/5240
f 3419/3489/5270 3379/3431/5166 3393/3443/5188
f 3394/3420/5144 3423/3490/5271 3422/3461/5219
f 3453/3491/5272 3394/3420/5144 3493/3492/5273
f 3394/3420/5144 3355/3395/5086 3493/3492/5273
f 3454/3493/5274 3424/3462/5220 3271/3326/4983
f 3424/3462/5220 3356/3324/4981 3271/3326/4983
s 0
f 3371/3396/5275 3425/3475/5275 3271/3326/5275
s 1
f 3271/3494/4983 3425/3476/5248 3455/3495/5276
f 3455/3495/5276 3425/3476/5248 3435/3444/5190
f 3395/3463/5221 3396/3464/5222 3413/3480/5252
f 3413/3480/5277 3396/3464/5278 3437/3496/5279
f 3414/3466/5280 3380/3445/5281 3439/3497/5282
f 3380/3445/5283 3358/3423/5225 3440/3481/5253
f 3398/3467/5227 3359/3411/5226 3373/3436/5172
f 3429/3498/5284 3374/3424/5148 3361/3425/5285
f 3442/3499/5286 3361/3425/5285 3362/3413/5255
f 3415/3468/5228 3382/3426/5150 3458/3500/5287
f 3416/3485/5259 3364/3415/5261 3430/3486/5288
f 3402/3438/5176 3383/3416/5134 3431/3487/5265
f 3431/3487/5265 3384/3439/5178 3444/3501/5289
f 3444/3501/5289 3384/3439/5178 3375/3428/5290
f 3385/3440/5291 3403/3449/5292 3445/3502/5293
f 3404/3488/5266 3351/3402/5101 3405/3451/5198
f 3447/3503/5294 3407/3453/5267 3387/3442/5295
f 3409/3456/5209 3389/3457/5210 3449/3504/5296
f 3392/3419/5297 3368/3430/5298 3466/3505/5297
f 3419/3489/5270 3393/3443/5188 3451/3506/5299
f 3420/3473/5244 3411/3432/5245 3421/3507/5300
f 3421/3507/5301 3411/3432/5218 3412/3474/5246
f 3412/3474/5246 3369/3433/5168 3434/3508/5302
f 3369/3433/5168 3422/3461/5219 3434/3508/5302
f 3423/3490/5271 3394/3420/5144 3453/3491/5272
f 3436/3509/5303 3455/3495/5276 3469/3510/5304
f 3455/3495/5276 3435/3444/5190 3469/3510/5304
f 3469/3510/5304 3435/3444/5190 3427/3478/5250
f 3427/3478/5250 3435/3444/5190 3260/3477/5249
f 3427/3478/5250 3428/3479/5251 3456/3511/5305
f 3260/3477/5249 3413/3480/5252 3428/3479/5251
f 3437/3496/5279 3396/3464/5278 3470/3512/5306
f 3440/3481/5253 3398/3467/5227 3472/3513/5307
f 3475/3514/5308 3441/3482/5254 3399/3446/5192
f 3400/3447/5193 3374/3424/5148 3429/3498/5284
f 3429/3498/5284 3361/3425/5285 3442/3499/5286
f 3362/3413/5255 3443/3483/5257 3442/3499/5286
f 3443/3515/5309 3381/3448/5310 3457/3516/5311
f 3458/3500/5287 3382/3426/5150 3416/3485/5259
f 3459/3517/5312 3402/3438/5176 3431/3487/5265
s 0
f 3375/3428/5313 3385/3440/5313 3445/3502/5313
s 1
f 3445/3502/5293 3403/3449/5292 3460/3518/5314
f 3376/3441/5315 3386/3450/5316 3461/3519/5317
f 3408/3454/5203 3388/3455/5204 3464/3520/5318
f 3388/3455/5204 3409/3456/5206 3448/3521/5319
f 3448/3521/5319 3409/3456/5206 3449/3504/5320
f 3389/3457/5210 3418/3471/5236 3531/3522/5321
f 3465/3523/5322 3377/3429/5269 3390/3458/5323
f 3390/3458/5323 3433/3472/5324 3465/3523/5322
s 0
f 3433/3472/5325 3450/3524/5325 3465/3523/5325
s 1
f 3410/3460/5326 3392/3419/5297 3466/3505/5297
f 3466/3505/5327 3368/3430/5217 3467/3525/5328
f 3368/3430/5217 3379/3431/5241 3467/3525/5328
f 3379/3431/5241 3419/3489/5329 3467/3525/5328
f 3451/3506/5299 3393/3443/5242 3420/3473/5244
f 3422/3461/5219 3423/3490/5271 3452/3526/5330
f 3355/3395/5086 3370/3421/5145 3493/3492/5331
f 3271/3494/4983 3455/3495/5276 3454/3527/5274
f 3470/3512/5306 3396/3464/5278 3438/3465/5332
f 3414/3466/5280 3439/3497/5282 3471/3528/5333
f 3439/3497/5282 3380/3445/5283 3498/3529/5334
f 3380/3445/5283 3440/3481/5253 3498/3529/5334
f 3398/3467/5227 3373/3436/5172 3473/3530/5335
f 3485/3531/5336 3400/3447/5193 3476/3532/5337
f 3457/3516/5311 3381/3448/5310 3415/3468/5338
f 3416/3485/5259 3430/3486/5288 3487/3533/5339
f 3401/3469/5229 3402/3438/5176 3459/3517/5312
f 3489/3534/5340 3431/3487/5341 3444/3501/5342
f 3444/3501/5289 3375/3428/5290 3445/3502/5343
f 3460/3518/5314 3403/3449/5292 3477/3535/5344
f 3477/3535/5344 3403/3449/5292 3478/3536/5345
f 3403/3449/5346 3376/3441/5315 3461/3519/5317
f 3461/3519/5317 3386/3450/5347 3404/3488/5266
f 3405/3451/5198 3462/3537/5348 3404/3488/5266
f 3462/3537/5349 3405/3451/5350 3446/3538/5351
f 3405/3451/5350 3406/3452/5233 3446/3538/5351
f 3446/3538/5351 3406/3452/5233 3417/3470/5235
f 3417/3470/5235 3407/3453/5267 3447/3503/5294
f 3447/3503/5294 3387/3442/5295 3408/3454/5352
f 3388/3455/5204 3448/3521/5319 3464/3520/5318
f 3418/3471/5236 3377/3429/5269 3465/3523/5322
f 3433/3472/5353 3410/3460/5354 3450/3524/5355
f 3421/3507/5301 3412/3474/5246 3480/3539/5356
f 3434/3508/5302 3422/3461/5219 3452/3526/5330
f 3452/3526/5330 3423/3490/5271 3554/3540/5357
f 3503/3541/5358 3370/3421/5145 3424/3462/5220
f 3454/3527/5274 3494/3542/5359 3468/3543/5360
f 3454/3527/5274 3455/3495/5276 3494/3542/5359
f 3436/3509/5303 3469/3510/5304 3505/3544/5361
f 3469/3510/5304 3427/3478/5250 3482/3545/5362
f 3427/3478/5250 3456/3511/5305 3483/3546/5363
f 3428/3479/5364 3413/3480/5277 3437/3496/5279
f 3496/3547/5365 3437/3496/5279 3470/3512/5366
f 3470/3512/5306 3438/3465/5332 3471/3528/5333
f 3484/3548/5367 3439/3497/5282 3498/3529/5334
f 3373/3436/5172 3441/3482/5254 3473/3530/5335
f 3474/3549/5368 3441/3482/5254 3475/3514/5308
f 3475/3514/5308 3399/3446/5192 3485/3531/5336
f 3399/3446/5192 3400/3447/5193 3485/3531/5336
f 3400/3447/5193 3429/3498/5284 3476/3532/5337
f 3476/3532/5337 3429/3498/5284 3499/3550/5369
f 3443/3515/5309 3457/3516/5311 3511/3551/5370
f 3486/3552/5371 3415/3468/5228 3458/3500/5287
f 3487/3533/5339 3458/3500/5287 3416/3485/5259
f 3489/3534/5340 3444/3501/5342 3445/3502/5343
f 3445/3502/5372 3460/3518/5373 3489/3534/5340
f 3403/3449/5346 3461/3519/5317 3478/3536/5374
s 0
f 3462/3537/5375 3446/3538/5375 3501/3553/5375
s 1
f 3531/3522/5321 3418/3471/5236 3479/3554/5376
f 3418/3471/5236 3465/3523/5322 3479/3554/5376
f 3450/3524/5355 3410/3460/5354 3466/3505/5377
f 3467/3525/5328 3419/3489/5329 3490/3555/5378
f 3419/3489/5270 3451/3506/5299 3491/3556/5379
f 3412/3474/5246 3434/3508/5302 3502/3557/5380
f 3456/3511/5381 3428/3479/5364 3495/3558/5382
f 3438/3465/5332 3414/3466/5280 3471/3528/5333
f 3497/3559/5383 3471/3528/5333 3439/3497/5282
f 3440/3481/5253 3472/3513/5307 3498/3529/5334
f 3398/3467/5227 3473/3530/5335 3472/3513/5307
f 3485/3531/5336 3476/3532/5337 3510/3560/5384
f 3499/3550/5369 3429/3498/5284 3442/3499/5286
f 3415/3468/5385 3486/3552/5386 3457/3516/5387
f 3487/3533/5388 3430/3486/5389 3488/3561/5390
s 0
f 3430/3486/5391 3401/3469/5391 3488/3561/5391
s 1
f 3488/3561/5392 3401/3469/5229 3459/3517/5312
f 3478/3536/5374 3461/3519/5317 3500/3562/5393
f 3461/3519/5317 3404/3488/5266 3462/3537/5348
f 3446/3538/5351 3417/3470/5235 3501/3553/5394
f 3417/3470/5235 3447/3503/5294 3514/3563/5395
f 3447/3503/5294 3408/3454/5352 3515/3564/5396
f 3408/3454/5352 3464/3520/5397 3515/3564/5396
f 3448/3521/5319 3449/3504/5320 3517/3565/5398
f 3480/3539/5356 3412/3474/5246 3502/3557/5380
f 3554/3540/5357 3492/3566/5399 3452/3526/5330
f 3370/3421/5145 3503/3541/5358 3493/3492/5331
f 3494/3542/5359 3455/3495/5276 3436/3509/5303
f 3469/3510/5304 3482/3545/5362 3506/3567/5400
f 3482/3545/5362 3427/3478/5250 3483/3546/5363
f 3525/3568/5401 3483/3546/5363 3456/3511/5305
f 3526/3569/5402 3428/3479/5364 3437/3496/5279
f 3470/3512/5366 3528/3570/5403 3496/3547/5365
f 3496/3547/5365 3528/3570/5403 3527/3571/5404
f 3470/3512/5366 3471/3528/5333 3528/3570/5403
f 3497/3559/5383 3439/3497/5282 3484/3548/5367
f 3498/3529/5334 3472/3513/5307 3508/3572/5405
f 3475/3514/5308 3485/3531/5336 3509/3573/5406
f 3443/3483/5309 3511/3574/5370 3442/3499/5286
f 3459/3517/5312 3431/3487/5341 3512/3575/5407
f 3431/3487/5341 3489/3534/5340 3512/3575/5407
f 3513/3576/5408 3489/3534/5340 3460/3518/5373
f 3514/3563/5395 3447/3503/5294 3515/3564/5396
f 3479/3554/5376 3465/3523/5322 3518/3577/5409
s 0
f 3465/3523/5410 3450/3524/5410 3518/3577/5410
s 1
f 3450/3524/5355 3466/3505/5377 3467/3525/5411
f 3420/3473/5412 3421/3507/5413 3553/3578/5414
f 3553/3578/5414 3421/3507/5413 3480/3539/5356
f 3434/3508/5302 3452/3526/5330 3502/3557/5380
f 3532/3579/5415 3492/3566/5399 3554/3540/5357
f 3493/3492/5331 3503/3541/5358 3556/3580/5416
f 3424/3462/5220 3454/3493/5274 3503/3541/5358
f 3468/3543/5360 3494/3542/5359 3504/3581/5417
f 3504/3581/5417 3494/3542/5359 3521/3582/5418
f 3522/3583/5419 3436/3509/5303 3505/3544/5361
f 3505/3544/5361 3469/3510/5304 3506/3567/5400
f 3523/3584/5420 3506/3567/5400 3482/3545/5362
f 3495/3558/5382 3428/3479/5364 3526/3569/5402
f 3528/3570/5403 3471/3528/5333 3497/3559/5383
f 3508/3572/5405 3472/3513/5307 3473/3530/5335
f 3441/3482/5254 3474/3549/5368 3473/3530/5335
f 3485/3531/5336 3510/3560/5384 3509/3573/5406
f 3510/3560/5384 3476/3532/5337 3499/3550/5369
f 3499/3550/5369 3442/3499/5286 3511/3574/5370
f 3511/3551/5421 3457/3516/5422 3584/3585/5423
f 3513/3576/5424 3460/3518/5425 3477/3535/5426
f 3477/3535/5344 3478/3536/5345 3500/3562/5393
f 3501/3553/5394 3417/3470/5235 3514/3563/5395
f 3464/3520/5397 3516/3586/5427 3515/3564/5396
f 3516/3586/5428 3464/3520/5429 3448/3521/5319
f 3449/3504/5320 3389/3457/5430 3530/3587/5431
f 3518/3577/5432 3450/3524/5355 3467/3525/5411
f 3490/3555/5378 3419/3489/5329 3491/3556/5433
f 3491/3556/5379 3451/3506/5299 3519/3588/5434
f 3519/3588/5434 3451/3506/5299 3536/3589/5435
f 3451/3506/5299 3420/3473/5244 3536/3589/5435
f 3502/3557/5380 3452/3526/5330 3492/3566/5399
f 3453/3491/5272 3555/3590/5436 3423/3490/5271
f 3453/3491/5272 3493/3492/5273 3520/3591/5437
f 3520/3591/5437 3493/3492/5273 3556/3580/5416
f 3454/3527/5274 3468/3543/5360 3504/3581/5417
f 3522/3583/5419 3494/3542/5359 3436/3509/5303
f 3505/3544/5438 3506/3567/5400 3533/3592/5439
f 3533/3592/5439 3506/3567/5400 3523/3584/5420
f 3482/3545/5362 3483/3546/5363 3524/3593/5440
f 3483/3546/5363 3525/3568/5401 3524/3593/5440
f 3534/3594/5441 3495/3558/5442 3543/3595/5443
f 3526/3569/5402 3437/3496/5279 3496/3547/5365
f 3508/3572/5405 3473/3530/5335 3474/3549/5368
f 3581/3596/5444 3474/3549/5368 3475/3514/5308
f 3581/3596/5444 3475/3514/5308 3529/3597/5445
f 3458/3500/5287 3487/3533/5339 3565/3598/5446
f 3488/3561/5392 3459/3517/5312 3535/3599/5447
f 3535/3599/5447 3459/3517/5312 3512/3575/5407
f 3517/3565/5398 3449/3504/5320 3530/3587/5431
f 3389/3457/5430 3531/3522/5448 3552/3600/5449
f 3537/3601/5450 3492/3566/5399 3532/3579/5415
f 3423/3490/5271 3555/3590/5436 3554/3540/5357
f 3454/3493/5274 3504/3602/5417 3503/3541/5358
f 3504/3602/5417 3539/3603/5451 3538/3604/5452
f 3504/3581/5417 3521/3582/5453 3539/3605/5451
f 3521/3582/5418 3494/3542/5359 3522/3583/5419
f 3541/3606/5454 3505/3544/5438 3533/3592/5439
f 3523/3584/5420 3482/3545/5362 3524/3593/5440
f 3525/3568/5401 3456/3511/5305 3542/3607/5455
f 3542/3607/5455 3456/3511/5305 3534/3594/5441
f 3456/3511/5305 3495/3558/5442 3534/3594/5441
f 3496/3547/5365 3527/3571/5404 3544/3608/5456
f 3561/3609/5457 3498/3529/5334 3508/3572/5405
f 3581/3596/5444 3529/3597/5445 3546/3610/5458
f 3475/3514/5308 3509/3573/5406 3529/3597/5445
f 3510/3560/5384 3499/3550/5369 3547/3611/5459
f 3486/3552/5371 3458/3500/5287 3548/3612/5460
f 3548/3612/5460 3458/3500/5287 3565/3598/5446
f 3512/3575/5407 3489/3534/5340 3549/3613/5461
f 3489/3534/5340 3513/3576/5408 3549/3613/5461
f 3549/3613/5461 3513/3576/5408 3550/3614/5462
f 3477/3535/5344 3500/3562/5393 3576/3615/5463
f 3586/3616/5464 3461/3519/5317 3462/3537/5348
f 3551/3617/5465 3516/3586/5428 3448/3521/5319
f 3530/3587/5431 3389/3457/5430 3552/3600/5449
f 3531/3522/5321 3479/3554/5376 3518/3577/5466
f 3467/3525/5411 3490/3555/5467 3518/3577/5432
f 3453/3491/5272 3520/3591/5437 3555/3590/5436
f 3539/3605/5451 3521/3582/5453 3559/3618/5468
f 3571/3619/5469 3533/3592/5439 3523/3584/5420
f 3495/3558/5442 3526/3569/5402 3543/3595/5443
f 3544/3608/5456 3527/3571/5404 3560/3620/5470
f 3528/3570/5403 3497/3559/5383 3545/3621/5471
f 3497/3559/5383 3484/3548/5367 3545/3621/5471
f 3484/3548/5367 3498/3529/5334 3545/3621/5471
f 3545/3621/5471 3498/3529/5334 3561/3609/5457
f 3562/3622/5472 3508/3572/5405 3474/3549/5368
f 3509/3573/5406 3563/3623/5473 3529/3597/5445
f 3499/3550/5369 3511/3574/5370 3547/3611/5459
f 3547/3611/5459 3511/3574/5370 3583/3624/5474
f 3511/3551/5421 3584/3585/5423 3564/3625/5475
f 3584/3585/5476 3457/3516/5387 3486/3552/5386
f 3487/3533/5388 3488/3561/5390 3535/3599/5477
f 3500/3562/5393 3461/3519/5317 3586/3616/5464
f 3501/3553/5394 3514/3563/5395 3566/3626/5478
f 3566/3626/5478 3514/3563/5395 3515/3564/5396
f 3567/3627/5479 3518/3577/5432 3490/3555/5467
f 3536/3589/5435 3420/3473/5244 3553/3578/5414
f 3492/3566/5399 3537/3601/5450 3603/3628/5480
f 3555/3590/5436 3520/3591/5437 3614/3629/5481
f 3520/3591/5437 3556/3580/5416 3570/3630/5482
f 3556/3580/5416 3503/3541/5358 3557/3631/5483
f 3503/3541/5358 3504/3602/5417 3557/3631/5483
f 3557/3631/5483 3504/3602/5417 3538/3604/5452
f 3539/3605/5451 3559/3618/5468 3578/3632/5484
f 3521/3582/5418 3522/3583/5419 3559/3618/5485
f 3522/3583/5486 3505/3544/5438 3541/3606/5454
f 3523/3584/5420 3524/3593/5440 3572/3633/5487
f 3524/3593/5440 3525/3568/5401 3573/3634/5488
f 3526/3569/5402 3496/3547/5365 3544/3608/5456
f 3527/3571/5404 3528/3570/5403 3597/3635/5489
f 3508/3572/5405 3562/3622/5472 3561/3609/5457
f 3509/3573/5406 3510/3560/5384 3574/3636/5490
f 3574/3636/5490 3510/3560/5384 3575/3637/5491
f 3575/3637/5491 3510/3560/5384 3547/3611/5459
f 3511/3551/5421 3564/3625/5475 3583/3638/5474
f 3584/3585/5476 3486/3552/5386 3548/3612/5492
f 3565/3598/5493 3487/3533/5494 3599/3639/5495
f 3487/3533/5496 3535/3599/5447 3599/3639/5497
f 3601/3640/5498 3500/3562/5393 3586/3616/5464
f 3448/3521/5319 3517/3565/5398 3587/3641/5499
f 3531/3522/5321 3518/3577/5466 3589/3642/5500
f 3518/3577/5501 3567/3627/5502 3589/3642/5503
f 3480/3539/5356 3502/3557/5380 3569/3643/5504
f 3569/3643/5504 3502/3557/5380 3492/3566/5399
f 3532/3579/5415 3554/3540/5357 3626/3644/5505
f 3556/3580/5416 3557/3631/5483 3570/3630/5482
f 3538/3604/5452 3539/3603/5451 3577/3645/5506
f 3577/3645/5506 3539/3603/5451 3558/3646/5507
f 3559/3618/5468 3522/3583/5486 3579/3647/5508
f 3541/3606/5509 3533/3592/5439 3594/3648/5510
f 3572/3633/5487 3524/3593/5440 3573/3634/5488
f 3525/3568/5401 3542/3607/5455 3573/3634/5488
f 3542/3607/5455 3616/3649/5511 3573/3634/5488
f 3607/3650/5512 3534/3594/5441 3543/3595/5443
f 3597/3635/5489 3528/3570/5403 3545/3621/5471
f 3580/3651/5513 3562/3622/5472 3581/3596/5444
f 3562/3622/5472 3474/3549/5368 3581/3596/5444
f 3582/3652/5514 3529/3597/5445 3563/3623/5473
f 3509/3573/5406 3574/3636/5490 3563/3623/5473
f 3535/3599/5447 3512/3575/5407 3585/3653/5515
f 3512/3575/5407 3549/3613/5461 3585/3653/5515
f 3513/3576/5424 3477/3535/5426 3612/3654/5516
f 3576/3615/5463 3500/3562/5393 3601/3640/5498
s 0
f 3462/3537/5517 3501/3553/5517 3586/3616/5517
s 1
f 3586/3616/5518 3501/3553/5519 3566/3626/5520
f 3551/3617/5465 3448/3521/5319 3587/3641/5499
f 3517/3565/5398 3530/3587/5431 3587/3641/5499
f 3587/3641/5499 3530/3587/5431 3588/3655/5521
f 3490/3555/5378 3491/3556/5433 3568/3656/5522
f 3568/3656/5523 3491/3556/5379 3519/3588/5434
f 3536/3589/5435 3553/3578/5414 3623/3657/5524
f 3553/3578/5414 3480/3539/5356 3602/3658/5525
f 3569/3643/5504 3492/3566/5399 3603/3628/5480
f 3590/3659/5526 3557/3631/5483 3577/3645/5506
f 3557/3631/5483 3538/3604/5452 3577/3645/5506
f 3591/3660/5527 3558/3646/5507 3592/3661/5528
f 3558/3646/5507 3539/3603/5451 3592/3661/5528
f 3539/3605/5451 3578/3632/5484 3592/3662/5528
f 3593/3663/5529 3578/3632/5484 3579/3647/5508
f 3578/3632/5484 3559/3618/5468 3579/3647/5508
f 3522/3583/5486 3541/3606/5454 3579/3647/5508
f 3594/3648/5510 3533/3592/5439 3605/3664/5530
f 3533/3592/5439 3571/3619/5469 3605/3664/5530
f 3571/3619/5469 3523/3584/5420 3572/3633/5487
f 3543/3595/5443 3526/3569/5402 3596/3665/5531
f 3596/3665/5531 3526/3569/5402 3544/3608/5456
f 3527/3571/5404 3597/3635/5489 3560/3620/5470
f 3546/3610/5458 3529/3597/5445 3582/3652/5514
f 3574/3636/5490 3575/3637/5491 3598/3666/5532
f 3535/3599/5447 3585/3653/5515 3599/3639/5497
f 3550/3614/5462 3513/3576/5408 3600/3667/5533
f 3600/3667/5534 3513/3576/5424 3612/3654/5516
f 3566/3626/5478 3515/3564/5396 3516/3586/5427
f 3490/3555/5467 3568/3656/5535 3567/3627/5479
f 3602/3658/5525 3480/3539/5356 3569/3643/5504
f 3603/3628/5480 3537/3601/5450 3625/3668/5536
f 3532/3579/5415 3626/3644/5505 3537/3601/5450
f 3614/3629/5481 3520/3591/5437 3570/3630/5482
f 3570/3630/5482 3557/3631/5483 3590/3659/5526
f 3590/3659/5526 3577/3645/5506 3628/3669/5537
f 3595/3670/5538 3571/3619/5469 3572/3633/5487
f 3606/3671/5539 3616/3649/5511 3542/3607/5455
f 3607/3650/5512 3543/3595/5443 3596/3665/5531
f 3560/3620/5470 3597/3635/5489 3609/3672/5540
f 3545/3621/5471 3561/3609/5457 3597/3635/5489
f 3610/3673/5541 3561/3609/5457 3562/3622/5472
f 3582/3652/5514 3563/3623/5473 3611/3674/5542
f 3563/3623/5473 3574/3636/5490 3598/3666/5532
f 3575/3637/5491 3547/3611/5459 3583/3624/5474
f 3548/3612/5543 3565/3598/5493 3599/3639/5495
f 3477/3535/5426 3576/3615/5463 3612/3654/5516
f 3552/3600/5449 3531/3522/5448 3613/3675/5544
f 3621/3676/5545 3531/3522/5321 3589/3642/5500
f 3554/3540/5357 3555/3590/5436 3614/3629/5481
f 3642/3677/5546 3614/3629/5481 3570/3630/5482
f 3577/3645/5506 3558/3646/5507 3591/3660/5527
f 3592/3662/5528 3578/3632/5484 3593/3663/5529
f 3605/3664/5530 3571/3619/5469 3595/3670/5538
f 3542/3607/5455 3534/3594/5441 3631/3678/5547
f 3631/3678/5547 3534/3594/5441 3607/3650/5512
f 3646/3679/5548 3607/3650/5512 3596/3665/5531
f 3544/3608/5456 3560/3620/5470 3596/3665/5531
f 3596/3665/5531 3560/3620/5470 3608/3680/5549
f 3597/3635/5489 3561/3609/5457 3610/3673/5541
f 3610/3673/5541 3562/3622/5472 3617/3681/5550
f 3617/3681/5550 3562/3622/5472 3580/3651/5513
f 3585/3653/5515 3549/3613/5461 3550/3614/5462
f 3612/3654/5516 3576/3615/5463 3660/3682/5551
f 3660/3682/5551 3576/3615/5463 3601/3640/5498
s 0
f 3601/3640/5552 3586/3616/5552 3639/3683/5552
f 3639/3683/5553 3586/3616/5553 3640/3684/5553
s 1
f 3586/3616/5518 3566/3626/5520 3640/3684/5554
f 3566/3626/5478 3516/3586/5427 3620/3685/5555
f 3516/3586/5428 3551/3617/5465 3620/3685/5556
f 3613/3675/5544 3531/3522/5448 3621/3676/5557
f 3589/3642/5503 3567/3627/5502 3621/3676/5558
f 3602/3658/5525 3569/3643/5504 3624/3686/5559
f 3554/3540/5357 3614/3629/5481 3626/3644/5505
f 3626/3644/5505 3614/3629/5481 3627/3687/5560
f 3570/3630/5482 3590/3659/5526 3642/3677/5546
f 3577/3645/5506 3591/3660/5527 3628/3669/5537
f 3579/3688/5508 3615/3689/5561 3593/3690/5529
f 3579/3647/5508 3541/3606/5509 3594/3648/5510
f 3594/3691/5510 3605/3692/5530 3675/3693/5562
f 3629/3694/5563 3572/3633/5487 3573/3634/5564
f 3560/3620/5470 3609/3672/5540 3608/3680/5549
f 3609/3672/5540 3597/3635/5489 3634/3695/5565
f 3597/3635/5489 3610/3673/5541 3634/3695/5565
f 3635/3696/5566 3610/3673/5541 3617/3681/5550
f 3580/3651/5513 3581/3596/5444 3618/3697/5567
f 3618/3697/5567 3581/3596/5444 3636/3698/5568
f 3636/3698/5568 3581/3596/5444 3546/3610/5458
f 3598/3666/5532 3575/3637/5491 3637/3699/5569
f 3564/3625/5475 3584/3585/5423 3638/3700/5570
f 3619/3701/5571 3599/3639/5572 3585/3653/5573
f 3567/3627/5574 3568/3656/5575 3621/3676/5576
f 3622/3702/5577 3536/3589/5435 3623/3657/5524
f 3623/3657/5524 3553/3578/5414 3602/3658/5525
f 3569/3643/5504 3603/3628/5480 3624/3686/5559
f 3615/3689/5561 3579/3688/5508 3594/3691/5510
f 3644/3703/5578 3594/3691/5510 3675/3693/5562
f 3595/3670/5538 3572/3633/5487 3629/3694/5563
f 3616/3649/5511 3606/3671/5539 3645/3704/5579
f 3542/3607/5455 3631/3678/5547 3606/3671/5539
f 3631/3678/5547 3607/3650/5512 3646/3679/5548
f 3632/3705/5580 3608/3680/5549 3633/3706/5581
f 3633/3706/5581 3608/3680/5549 3609/3672/5540
f 3617/3681/5550 3580/3651/5513 3618/3697/5567
f 3563/3623/5473 3598/3666/5532 3611/3674/5542
f 3575/3637/5491 3583/3624/5474 3637/3699/5569
f 3638/3700/5570 3584/3585/5423 3647/3707/5582
f 3584/3585/5476 3548/3612/5492 3647/3707/5583
f 3649/3708/5584 3585/3653/5515 3550/3614/5462
f 3568/3656/5523 3519/3588/5434 3651/3709/5585
f 3519/3588/5434 3536/3589/5435 3651/3709/5586
f 3590/3659/5526 3628/3669/5537 3642/3677/5546
f 3642/3677/5546 3628/3669/5537 3643/3710/5587
f 3628/3669/5537 3591/3660/5527 3652/3711/5588
f 3652/3711/5588 3591/3660/5527 3653/3712/5589
f 3665/3713/5590 3591/3660/5527 3592/3661/5528
f 3655/3714/5591 3595/3670/5538 3629/3694/5563
f 3573/3634/5564 3616/3649/5511 3645/3704/5579
f 3606/3671/5539 3631/3678/5547 3656/3715/5592
f 3657/3716/5593 3631/3678/5547 3646/3679/5548
f 3646/3679/5548 3596/3665/5531 3608/3680/5549
f 3659/3717/5594 3583/3638/5474 3564/3625/5475
f 3647/3707/5583 3548/3612/5492 3648/3718/5595
f 3548/3612/5596 3599/3639/5597 3648/3718/5595
s 0
f 3648/3718/5598 3599/3639/5598 3619/3701/5598
s 1
f 3601/3640/5498 3639/3683/5599 3660/3682/5551
f 3551/3617/5465 3587/3641/5499 3650/3719/5600
f 3661/3720/5601 3621/3676/5576 3568/3656/5575
f 3651/3709/5586 3536/3589/5435 3641/3721/5602
f 3641/3721/5602 3536/3589/5435 3622/3702/5577
f 3603/3628/5480 3625/3668/5536 3697/3722/5603
f 3592/3661/5528 3593/3723/5529 3665/3713/5590
f 3665/3713/5590 3593/3723/5529 3663/3724/5604
f 3593/3690/5529 3615/3689/5561 3663/3725/5604
f 3615/3689/5561 3594/3691/5510 3654/3726/5605
f 3654/3726/5605 3594/3691/5510 3644/3703/5578
f 3675/3727/5562 3605/3664/5530 3655/3714/5591
f 3605/3664/5530 3595/3670/5538 3655/3714/5591
f 3629/3694/5563 3573/3634/5564 3645/3704/5579
f 3657/3716/5593 3646/3679/5548 3664/3728/5606
f 3646/3679/5548 3608/3680/5549 3632/3705/5580
f 3609/3672/5540 3634/3695/5565 3633/3706/5581
f 3634/3695/5565 3610/3673/5541 3635/3696/5566
f 3636/3698/5568 3546/3610/5458 3582/3652/5514
f 3582/3652/5514 3611/3674/5542 3658/3729/5607
f 3619/3701/5608 3585/3653/5515 3649/3708/5584
f 3649/3708/5584 3550/3614/5462 3600/3667/5533
s 0
f 3660/3682/5609 3639/3683/5609 3673/3730/5609
s 1
f 3640/3684/5610 3566/3626/5611 3620/3685/5612
f 3530/3587/5431 3552/3600/5449 3613/3675/5544
f 3613/3675/5544 3621/3676/5557 3661/3720/5613
f 3661/3720/5614 3568/3656/5523 3651/3709/5585
f 3622/3702/5577 3623/3657/5524 3687/3731/5615
f 3680/3732/5616 3603/3628/5480 3697/3722/5603
f 3662/3733/5617 3537/3601/5450 3626/3644/5505
f 3626/3644/5505 3627/3687/5560 3662/3733/5617
f 3614/3629/5481 3642/3677/5546 3627/3687/5560
f 3643/3710/5587 3628/3669/5537 3652/3711/5588
f 3653/3712/5589 3591/3660/5527 3665/3713/5590
f 3666/3734/5618 3644/3703/5578 3675/3693/5562
f 3676/3735/5619 3655/3714/5591 3629/3694/5563
f 3667/3736/5620 3629/3694/5563 3645/3704/5579
f 3645/3704/5579 3606/3671/5539 3656/3715/5592
f 3631/3678/5547 3657/3716/5593 3656/3715/5592
f 3632/3705/5580 3633/3706/5581 3677/3737/5621
f 3617/3681/5550 3618/3697/5567 3670/3738/5622
f 3611/3674/5542 3598/3666/5532 3671/3739/5623
f 3637/3699/5569 3583/3624/5474 3659/3740/5594
f 3612/3654/5516 3660/3682/5551 3684/3741/5624
f 3673/3730/5625 3639/3683/5626 3640/3684/5610
f 3530/3587/5431 3613/3675/5544 3674/3742/5627
f 3624/3686/5559 3603/3628/5480 3680/3732/5616
f 3537/3601/5450 3698/3743/5628 3625/3668/5536
f 3663/3725/5604 3615/3689/5561 3654/3726/5605
f 3668/3744/5629 3632/3705/5580 3677/3737/5621
f 3635/3696/5566 3617/3681/5550 3669/3745/5630
f 3582/3652/5514 3658/3729/5607 3678/3746/5631
f 3671/3739/5623 3598/3666/5532 3672/3747/5632
f 3598/3666/5532 3637/3699/5569 3672/3747/5632
f 3679/3748/5633 3600/3667/5534 3612/3654/5516
f 3673/3730/5634 3640/3684/5610 3620/3685/5612
f 3685/3749/5635 3587/3641/5499 3710/3750/5636
f 3587/3641/5499 3588/3655/5521 3710/3750/5636
f 3588/3655/5521 3530/3587/5431 3674/3742/5627
f 3642/3677/5546 3643/3710/5587 3627/3687/5560
f 3652/3711/5588 3653/3712/5589 3681/3751/5637
f 3663/3725/5604 3654/3726/5605 3682/3752/5638
f 3682/3752/5638 3654/3726/5605 3644/3703/5578
f 3655/3714/5591 3691/3753/5639 3675/3727/5562
f 3655/3714/5591 3676/3735/5619 3691/3753/5639
f 3656/3715/5592 3657/3716/5593 3683/3754/5640
f 3683/3754/5640 3657/3716/5593 3706/3755/5641
f 3664/3728/5606 3646/3679/5548 3668/3744/5629
f 3646/3679/5548 3632/3705/5580 3668/3744/5629
f 3677/3737/5621 3633/3706/5581 3669/3745/5630
f 3633/3706/5581 3634/3695/5565 3669/3745/5630
f 3669/3745/5630 3634/3695/5565 3635/3696/5566
f 3669/3745/5630 3617/3681/5550 3670/3738/5622
f 3618/3697/5567 3636/3698/5568 3692/3756/5642
f 3695/3757/5643 3611/3674/5542 3671/3739/5623
f 3637/3699/5569 3659/3740/5594 3672/3747/5632
f 3564/3625/5475 3638/3700/5570 3659/3717/5594
f 3638/3700/5570 3647/3707/5582 3648/3718/5644
f 3649/3708/5584 3600/3667/5533 3679/3748/5645
f 3660/3682/5551 3673/3730/5646 3684/3741/5624
f 3650/3719/5600 3620/3685/5556 3551/3617/5465
f 3613/3675/5544 3661/3720/5613 3686/3758/5647
f 3623/3657/5524 3602/3658/5525 3737/3759/5648
f 3624/3686/5559 3680/3732/5616 3688/3760/5649
f 3698/3743/5628 3537/3601/5450 3662/3733/5617
f 3653/3712/5589 3665/3713/5590 3663/3724/5604
f 3676/3735/5619 3629/3694/5563 3667/3736/5620
f 3667/3736/5620 3645/3704/5579 3656/3715/5592
f 3657/3716/5593 3664/3728/5606 3706/3755/5641
f 3670/3738/5622 3618/3697/5567 3692/3756/5642
f 3636/3698/5568 3582/3652/5514 3678/3746/5631
f 3658/3729/5607 3611/3674/5542 3695/3757/5643
f 3696/3761/5650 3648/3718/5644 3619/3701/5608
f 3619/3701/5608 3649/3708/5584 3679/3748/5645
f 3650/3719/5600 3587/3641/5499 3685/3749/5635
f 3674/3742/5627 3613/3675/5544 3686/3758/5647
f 3661/3720/5614 3651/3709/5585 3686/3758/5651
f 3602/3658/5525 3624/3686/5559 3688/3760/5649
f 3699/3762/5652 3627/3687/5560 3643/3710/5587
f 3643/3710/5587 3652/3711/5588 3700/3763/5653
f 3652/3711/5588 3681/3751/5637 3700/3763/5653
f 3681/3751/5637 3653/3712/5589 3689/3764/5654
f 3653/3712/5589 3663/3724/5604 3689/3764/5654
f 3663/3725/5604 3682/3752/5638 3712/3765/5655
f 3682/3752/5638 3644/3703/5578 3690/3766/5656
f 3690/3766/5656 3644/3703/5578 3666/3734/5618
f 3733/3767/5657 3675/3727/5562 3691/3753/5639
f 3667/3736/5620 3656/3715/5592 3701/3768/5658
f 3656/3715/5592 3683/3754/5640 3701/3768/5658
f 3664/3728/5606 3668/3744/5629 3702/3769/5659
f 3669/3745/5630 3670/3738/5622 3707/3770/5660
f 3636/3698/5568 3678/3746/5631 3693/3771/5661
f 3678/3746/5631 3658/3729/5607 3694/3772/5662
f 3694/3772/5662 3658/3729/5607 3695/3757/5643
f 3638/3700/5570 3648/3718/5644 3696/3761/5650
f 3619/3701/5608 3679/3748/5645 3703/3773/5663
f 3684/3741/5624 3673/3730/5664 3709/3774/5665
f 3687/3731/5615 3623/3657/5524 3737/3759/5648
f 3680/3732/5616 3697/3722/5603 3723/3775/5666
f 3625/3668/5536 3698/3743/5628 3697/3722/5603
f 3627/3687/5560 3699/3762/5652 3662/3733/5617
f 3699/3762/5652 3643/3710/5587 3700/3763/5653
f 3666/3734/5618 3675/3693/5562 3733/3776/5657
f 3706/3755/5641 3664/3728/5606 3702/3769/5659
f 3668/3744/5629 3677/3737/5621 3720/3777/5667
f 3670/3738/5622 3692/3756/5642 3707/3770/5660
f 3693/3771/5661 3692/3756/5642 3636/3698/5568
f 3696/3761/5650 3619/3701/5608 3703/3773/5663
f 3679/3748/5633 3612/3654/5516 3728/3778/5668
f 3673/3730/5664 3620/3685/5556 3650/3719/5600
f 3710/3750/5636 3588/3655/5521 3674/3742/5627
s 0
f 3686/3758/5669 3651/3709/5669 3641/3721/5669
s 1
f 3602/3658/5525 3688/3760/5649 3737/3759/5648
f 3698/3743/5628 3662/3733/5617 3704/3779/5670
f 3700/3763/5653 3681/3751/5637 3705/3780/5671
f 3681/3751/5637 3689/3764/5654 3705/3780/5671
f 3689/3781/5654 3663/3725/5604 3712/3765/5655
f 3718/3782/5672 3691/3753/5639 3676/3735/5619
f 3676/3735/5619 3667/3736/5620 3701/3768/5658
f 3683/3754/5640 3706/3755/5641 3725/3783/5673
f 3702/3769/5659 3668/3744/5629 3715/3784/5674
f 3715/3784/5674 3668/3744/5629 3720/3777/5667
f 3720/3777/5667 3677/3737/5621 3716/3785/5675
f 3716/3785/5675 3677/3737/5621 3669/3745/5630
f 3717/3786/5676 3694/3772/5662 3695/3757/5643
f 3673/3730/5664 3650/3719/5600 3709/3774/5665
f 3641/3721/5602 3622/3702/5577 3711/3787/5677
f 3711/3787/5677 3622/3702/5577 3687/3731/5615
f 3698/3743/5628 3704/3779/5670 3741/3788/5678
f 3704/3779/5670 3662/3733/5617 3699/3762/5652
f 3682/3752/5638 3690/3766/5656 3713/3789/5679
f 3690/3766/5656 3666/3734/5618 3732/3790/5680
f 3701/3768/5658 3683/3754/5640 3714/3791/5681
f 3714/3791/5681 3683/3754/5640 3719/3792/5682
f 3683/3754/5640 3725/3783/5673 3719/3792/5682
f 3698/3743/5628 3741/3788/5678 3697/3722/5603
f 3700/3763/5653 3705/3780/5671 3724/3793/5683
f 3732/3790/5680 3666/3734/5618 3733/3776/5657
f 3706/3755/5641 3702/3769/5659 3725/3783/5673
f 3726/3794/5684 3715/3784/5674 3720/3777/5667
f 3669/3745/5630 3707/3770/5660 3716/3785/5675
f 3721/3795/5685 3707/3770/5660 3692/3756/5642
f 3692/3756/5642 3693/3771/5661 3721/3795/5685
f 3717/3786/5676 3695/3757/5643 3753/3796/5686
f 3659/3717/5594 3638/3700/5570 3727/3797/5687
f 3696/3761/5650 3727/3797/5687 3638/3700/5570
f 3696/3761/5650 3703/3773/5663 3727/3797/5687
f 3612/3654/5516 3684/3741/5624 3728/3778/5668
f 3674/3742/5627 3686/3758/5688 3710/3750/5636
f 3688/3760/5649 3680/3732/5616 3729/3798/5689
f 3689/3781/5654 3712/3765/5655 3731/3799/5690
f 3712/3765/5655 3682/3752/5638 3713/3789/5679
f 3733/3767/5657 3691/3753/5639 3718/3782/5672
f 3676/3735/5619 3701/3768/5658 3718/3782/5672
f 3725/3783/5673 3702/3769/5659 3715/3784/5674
f 3678/3746/5631 3694/3772/5662 3717/3786/5676
f 3671/3739/5623 3672/3747/5632 3739/3800/5691
f 3672/3747/5632 3659/3740/5594 3739/3800/5691
f 3679/3748/5633 3728/3778/5668 3703/3773/5663
f 3641/3721/5602 3711/3787/5677 3686/3758/5688
f 3729/3798/5689 3680/3732/5616 3730/3801/5692
f 3699/3762/5652 3700/3763/5653 3704/3779/5670
f 3705/3780/5671 3748/3802/5693 3724/3793/5683
f 3718/3782/5672 3701/3768/5658 3734/3803/5694
f 3701/3768/5658 3714/3791/5681 3734/3803/5694
f 3707/3770/5660 3721/3795/5685 3735/3804/5695
f 3693/3771/5661 3678/3746/5631 3738/3805/5696
f 3738/3805/5696 3678/3746/5631 3717/3786/5676
f 3684/3741/5624 3709/3774/5665 3728/3778/5668
f 3709/3774/5665 3650/3719/5600 3736/3806/5697
f 3737/3759/5648 3688/3760/5649 3729/3798/5689
f 3697/3722/5603 3741/3788/5678 3740/3807/5698
f 3704/3779/5670 3700/3763/5653 3724/3793/5683
f 3742/3808/5699 3689/3781/5654 3731/3799/5690
f 3731/3799/5690 3712/3765/5655 3713/3789/5679
f 3726/3794/5684 3720/3777/5667 3752/3809/5700
f 3720/3777/5667 3716/3785/5675 3752/3809/5700
f 3721/3795/5685 3693/3771/5661 3745/3810/5701
f 3745/3810/5701 3693/3771/5661 3738/3805/5696
f 3659/3717/5594 3727/3797/5687 3757/3811/5702
f 3746/3812/5703 3727/3797/5687 3703/3773/5663
f 3736/3806/5697 3650/3719/5600 3685/3749/5635
f 3685/3749/5635 3710/3750/5636 3747/3813/5704
f 3710/3750/5636 3686/3758/5688 3711/3787/5677
f 3730/3801/5692 3680/3732/5616 3723/3775/5666
f 3723/3775/5666 3697/3722/5603 3740/3807/5698
f 3705/3780/5671 3689/3764/5654 3742/3814/5699
f 3758/3815/5705 3731/3799/5690 3743/3816/5706
f 3713/3789/5679 3690/3766/5656 3732/3790/5680
f 3714/3791/5681 3719/3792/5682 3751/3817/5707
f 3751/3817/5707 3719/3792/5682 3772/3818/5708
f 3772/3818/5708 3719/3792/5682 3725/3783/5673
f 3716/3785/5675 3707/3770/5660 3735/3804/5695
f 3753/3796/5686 3695/3757/5643 3739/3800/5691
f 3695/3757/5643 3671/3739/5623 3739/3800/5691
f 3739/3800/5691 3659/3740/5594 3757/3819/5702
f 3728/3778/5668 3709/3774/5665 3736/3806/5697
f 3737/3759/5648 3729/3798/5689 3764/3820/5709
f 3749/3821/5710 3748/3822/5711 3750/3823/5712
f 3748/3802/5693 3705/3780/5671 3750/3824/5713
f 3705/3780/5671 3742/3814/5699 3750/3824/5713
f 3742/3808/5699 3731/3799/5690 3758/3815/5705
f 3743/3816/5706 3731/3799/5690 3713/3789/5679
f 3713/3789/5679 3732/3790/5680 3755/3825/5714
f 3759/3826/5715 3732/3790/5680 3733/3776/5657
f 3725/3783/5673 3715/3784/5674 3726/3794/5684
f 3745/3810/5701 3738/3805/5696 3756/3827/5716
f 3717/3786/5676 3753/3796/5686 3774/3828/5717
f 3757/3811/5702 3727/3797/5687 3746/3812/5703
f 3746/3812/5703 3703/3773/5663 3754/3829/5718
f 3754/3829/5718 3703/3773/5663 3728/3778/5668
f 3747/3813/5704 3710/3750/5636 3711/3787/5677
f 3687/3731/5615 3737/3759/5648 3764/3820/5709
f 3730/3801/5692 3723/3775/5666 3798/3830/5719
f 3704/3779/5670 3724/3793/5683 3741/3788/5678
f 3743/3816/5706 3713/3789/5679 3768/3831/5720
f 3768/3831/5720 3713/3789/5679 3769/3832/5721
f 3752/3809/5700 3716/3785/5675 3735/3804/5695
f 3762/3833/5722 3735/3804/5695 3721/3795/5685
f 3738/3805/5696 3717/3786/5676 3774/3828/5717
f 3754/3829/5718 3728/3778/5668 3763/3834/5723
f 3728/3778/5668 3736/3806/5697 3763/3834/5723
f 3736/3806/5697 3685/3749/5635 3747/3813/5704
f 3711/3787/5677 3687/3731/5615 3764/3820/5709
f 3729/3798/5689 3730/3801/5692 3765/3835/5724
f 3740/3807/5698 3776/3836/5725 3723/3775/5666
f 3776/3836/5725 3740/3807/5698 3777/3837/5726
f 3724/3793/5683 3748/3802/5693 3781/3838/5727
f 3778/3839/5728 3748/3822/5729 3766/3840/5730
s 0
f 3748/3822/5731 3749/3821/5731 3766/3840/5731
s 1
f 3749/3821/5710 3750/3823/5712 3767/3841/5732
f 3767/3841/5732 3750/3823/5712 3779/3842/5733
f 3779/3843/5734 3750/3824/5713 3742/3814/5699
f 3713/3789/5679 3755/3825/5714 3769/3832/5721
f 3733/3767/5657 3718/3782/5672 3744/3844/5735
f 3744/3844/5735 3718/3782/5672 3734/3803/5694
f 3771/3845/5736 3714/3791/5681 3751/3817/5707
f 3772/3818/5708 3725/3783/5673 3760/3846/5737
f 3725/3783/5673 3726/3794/5684 3760/3846/5737
f 3760/3846/5737 3726/3794/5684 3761/3847/5738
f 3752/3809/5700 3761/3847/5738 3726/3794/5684
f 3762/3833/5722 3721/3795/5685 3745/3810/5701
f 3756/3827/5716 3738/3805/5696 3774/3828/5717
f 3787/3848/5739 3739/3800/5691 3757/3819/5702
f 3757/3811/5702 3746/3812/5703 3775/3849/5740
f 3746/3812/5703 3754/3829/5718 3775/3849/5740
f 3740/3807/5698 3741/3788/5678 3777/3837/5726
f 3777/3837/5726 3741/3788/5678 3781/3838/5727
f 3741/3788/5678 3724/3793/5683 3781/3838/5727
s 0
f 3778/3850/5741 3781/3838/5741 3748/3802/5741
s 1
f 3742/3808/5742 3758/3815/5743 3779/3842/5744
f 3758/3815/5705 3743/3816/5706 3768/3831/5720
f 3755/3825/5714 3732/3790/5680 3784/3851/5745
f 3714/3791/5681 3771/3845/5736 3734/3803/5694
f 3752/3809/5700 3735/3804/5695 3762/3833/5722
f 3753/3796/5686 3739/3800/5691 3787/3848/5739
f 3788/3852/5746 3757/3811/5702 3775/3849/5740
f 3775/3849/5740 3754/3829/5718 3763/3834/5723
f 3764/3820/5709 3729/3798/5689 3765/3835/5724
f 3798/3830/5719 3723/3775/5666 3776/3836/5725
s 0
f 3780/3853/5747 3777/3837/5747 3781/3838/5747
s 1
f 3749/3821/5748 3767/3841/5749 3789/3854/5750
f 3779/3842/5744 3758/3815/5743 3782/3855/5751
f 3758/3815/5752 3768/3831/5753 3782/3855/5754
f 3768/3831/5753 3769/3832/5755 3782/3855/5754
f 3733/3767/5657 3744/3844/5735 3759/3856/5715
f 3761/3847/5738 3752/3809/5700 3762/3833/5722
f 3785/3857/5756 3762/3833/5722 3745/3810/5701
f 3745/3810/5701 3756/3827/5716 3785/3857/5756
f 3753/3796/5686 3787/3848/5739 3786/3858/5757
f 3757/3819/5702 3788/3859/5746 3787/3848/5739
f 3736/3806/5697 3747/3813/5704 3806/3860/5758
f 3777/3861/5759 3780/3862/5760 3766/3840/5730
s 0
f 3780/3853/5761 3781/3838/5761 3778/3850/5761
s 1
f 3769/3832/5762 3755/3825/5763 3783/3863/5764
f 3755/3825/5765 3784/3851/5766 3791/3864/5767
f 3784/3851/5768 3732/3790/5680 3833/3865/5769
f 3732/3790/5680 3759/3826/5715 3833/3865/5769
f 3744/3844/5735 3734/3803/5694 3792/3866/5770
f 3793/3867/5771 3760/3846/5737 3761/3847/5738
f 3774/3828/5717 3753/3796/5686 3836/3868/5772
f 3836/3868/5772 3753/3796/5686 3786/3858/5757
f 3794/3869/5773 3788/3852/5746 3775/3849/5740
f 3794/3869/5773 3775/3849/5740 3763/3834/5723
f 3763/3834/5723 3736/3806/5697 3806/3860/5758
f 3711/3787/5677 3764/3820/5709 3795/3870/5774
f 3764/3820/5709 3259/3871/5775 3795/3870/5774
f 3764/3820/5709 3765/3835/5724 3259/3871/5775
f 3765/3835/5724 3730/3801/5692 3797/3872/5776
f 3797/3872/5776 3730/3801/5692 3798/3830/5719
f 3798/3830/5719 3776/3836/5725 3799/3873/5777
s 0
f 3776/3836/5778 3777/3837/5778 3800/3874/5778
f 3777/3861/5779 3766/3840/5779 3800/3875/5779
s 1
f 3749/3821/5748 3789/3854/5750 3766/3840/5780
f 3767/3841/5749 3779/3842/5781 3801/3876/5782
f 3801/3876/5782 3779/3842/5781 3782/3855/5783
f 3782/3855/5784 3769/3832/5762 3783/3863/5764
f 3783/3863/5785 3755/3825/5765 3791/3864/5767
f 3759/3856/5715 3744/3844/5735 3802/3877/5786
f 3802/3877/5786 3744/3844/5735 3792/3866/5770
f 3792/3866/5770 3734/3803/5694 3771/3845/5736
f 3803/3878/5787 3771/3845/5736 3751/3817/5707
f 3751/3817/5707 3772/3818/5708 3793/3867/5771
f 3835/3879/5788 3761/3847/5738 3762/3833/5722
f 3756/3827/5716 3774/3828/5717 3805/3880/5789
f 3747/3813/5704 3711/3787/5677 3795/3870/5774
f 3259/3871/5775 3796/3881/5790 3795/3870/5774
f 85/3882/5791 3765/3835/5724 3797/3872/5776
f 3799/3873/5777 3776/3836/5725 3807/3883/5792
s 0
f 3776/3836/5793 3800/3874/5793 3807/3883/5793
s 1
f 3780/3862/5760 3778/3839/5728 3766/3840/5730
f 3163/3221/4827 3109/3102/4646 3809/3884/5794
f 3809/3884/5794 3109/3102/4646 3839/3291/4931
f 3165/3248/4875 3166/3251/4879 3839/3291/4931
f 3840/3885/5795 3166/3251/4879 3191/3250/4878
f 3168/3223/5796 3222/3886/5797 3191/3222/5798
s 0
f 3168/3223/5799 3169/3195/5799 3810/3292/5799
s 1
f 3142/3196/4942 3193/3225/4944 3225/3295/4943
f 3225/3295/4943 3193/3225/4944 3194/3253/4884
f 3195/3254/5800 3226/3296/5801 3843/3887/5802
f 3144/3197/4793 3170/3198/4794 3813/3888/5803
f 3813/3888/5803 3170/3198/4794 3846/3262/4894
f 3113/3169/4748 3199/3199/4795 3112/3226/4835
f 3848/3889/5804 3228/3890/5805 3200/3263/4895
f 3114/3264/4896 3081/3141/4699 3006/3070/4594
f 3201/3265/4897 3231/3891/5806 3230/3297/4947
f 3230/3297/4947 3231/3891/5806 3815/3892/5807
f 3231/3891/5806 3201/3265/4897 3202/3266/4898
f 3816/3267/4899 2894/2931/4383 3203/3268/4900
f 3149/3175/4760 3173/3269/4901 82/3893/5808
f 3817/3894/5809 82/3893/5808 3173/3269/4901
f 2989/3009/5810 3235/3895/5811 3207/3231/5812
f 3883/3302/4957 2933/2974/4462 3208/3149/4719
f 2898/2934/4395 3122/3203/4804 3176/3232/4852
f 3819/3204/4805 3209/3122/4677 3820/3896/5813
f 3209/3122/4677 3177/3233/5814 3820/3896/5813
f 3177/3233/5814 3179/3234/5815 3820/3896/5813
f 3820/3896/5813 3179/3234/5815 3236/3897/5816
f 3179/3234/5815 3180/3235/5817 3237/3898/5818
f 3180/3235/5817 3128/3183/4862 3237/3898/5818
f 3237/3898/5818 3128/3183/4862 3150/3206/4812
f 3239/3304/4959 3129/3184/4774 3238/3899/5819
f 3151/3207/4813 3240/3273/4913 3821/3900/5820
f 3243/3277/4917 3097/3185/4776 3244/3901/5821
f 3097/3185/4776 3245/3278/4918 3244/3901/5821
f 3245/3278/4918 3130/3186/4777 3246/3902/5822
f 3824/3903/5823 3246/3902/5822 3825/3904/5824
f 3246/3902/5822 3130/3186/4777 3826/3905/5825
f 3130/3186/4777 3131/3187/4778 3826/3905/5825
f 3132/3188/4779 3213/3241/4868 88/3906/5826
f 3134/3092/4630 3155/3242/4869 3133/3189/4780
f 3133/3189/4780 3155/3242/4869 3214/3281/4921
f 3183/3243/4870 3216/3190/4781 3828/3907/5827
f 3156/3131/4688 3157/3282/4922 3135/3209/4815
f 3135/3209/4815 3157/3282/4922 3249/3908/5828
f 3136/3133/4690 94/3212/4818 3252/3306/4961
f 3252/3306/4961 94/3212/4818 3137/3214/4820
f 3138/3159/4730 3139/3160/4731 3864/3909/5829
f 90/14/14 3255/3910/5830 3831/3911/5831
f 3254/16/16 3221/3290/4930 3257/3310/4965
f 3256/3309/4964 3257/3310/4965 3868/3912/5832
f 92/3216/4822 3187/3246/4873 3258/3311/4966
f 3189/3247/4874 3808/3312/4967 3832/3913/5833
f 3808/3312/4967 3789/3854/5750 3832/3913/5833
f 3789/3854/5750 3767/3841/5749 3832/3913/5833
f 3832/3913/5833 3767/3841/5749 3801/3876/5782
f 3782/3855/5783 3783/3863/5834 3801/3876/5782
s 0
f 3791/3864/5835 3784/3851/5835 3898/3914/5835
f 3784/3851/5836 3833/3865/5836 3898/3914/5836
s 1
f 3759/3826/5715 3802/3915/5786 3833/3865/5769
f 3803/3878/5787 3751/3817/5707 3834/3916/5837
f 3834/3916/5837 3751/3817/5707 3793/3867/5771
f 3772/3818/5708 3760/3846/5737 3793/3867/5771
f 3785/3857/5756 3756/3827/5716 3805/3880/5789
f 3788/3859/5746 3786/3858/5757 3787/3848/5739
f 3794/3869/5773 3763/3834/5723 3870/3917/5838
f 3870/3917/5838 3763/3834/5723 3806/3860/5758
f 3806/3860/5758 3747/3813/5704 3837/3918/5839
f 3837/3918/5839 3747/3813/5704 3795/3870/5774
s 0
f 3807/3883/5840 3800/3874/5840 3838/3919/5840
s 1
f 3190/3220/4826 3163/3221/4827 3809/3884/5794
f 3191/3222/4878 3222/3886/5841 3840/3920/5795
f 3222/3886/5797 3168/3223/5796 3810/3292/5842
f 3223/3252/5843 3842/3293/5844 3841/3921/5845
f 3224/3294/4938 3225/3295/5846 3842/3293/4939
f 3842/3293/5844 3225/3295/5847 3872/3922/5848
f 3225/3295/4943 3194/3253/4884 3811/3923/5849
f 3194/3253/4884 3195/3254/4886 3811/3923/5849
f 3811/3923/5850 3195/3254/5851 3907/3924/5852
f 3195/3254/5851 3843/3887/5853 3907/3924/5852
f 3226/3296/5801 3196/3255/5854 3843/3887/5802
f 3196/3255/5854 3874/3925/5855 3843/3887/5802
f 3196/3255/4888 3042/3140/4698 3844/3926/5856
f 3844/3926/5856 3042/3140/4698 3143/3256/4889
f 3845/3927/5857 3198/3261/4893 3812/3928/5858
f 3198/3261/4893 3144/3197/4793 3812/3928/5858
f 3812/3928/5858 3144/3197/4793 3813/3888/5803
f 3112/3226/4835 3199/3199/4795 3228/3890/5805
f 3199/3199/4795 3200/3263/4895 3228/3890/5805
f 3814/3929/5859 3228/3890/5805 3848/3889/5804
f 3849/3930/5860 3200/3263/4895 3114/3264/4896
f 3114/3264/4896 3006/3070/4594 3815/3892/5807
f 3006/3070/4594 3230/3297/4947 3815/3892/5807
f 3202/3266/4898 3117/3201/4797 3232/3298/4948
f 3232/3298/4948 3048/3114/4663 3850/3931/5861
f 3850/3931/5861 3048/3114/4663 3233/3299/4949
f 3851/3932/5862 3852/3300/4950 3853/3933/5863
f 3171/3202/4798 3172/3227/4836 3852/3300/4950
f 3816/3267/4899 3203/3268/4900 3149/3175/4760
f 3855/3934/5864 3173/3269/4901 3204/3270/4902
f 3175/3230/4847 3120/3177/4955 3818/3272/4911
f 3120/3177/5865 3207/3231/5866 3818/3272/5867
f 3176/3232/4852 3122/3203/4804 3917/3303/4958
f 3236/3897/5816 3179/3234/5815 3237/3898/5818
f 3238/3899/5819 3129/3184/4774 3982/3935/5868
f 3856/3936/5869 3240/3273/4913 3095/3153/4724
f 3211/3237/4864 2967/3019/4523 3884/3937/5870
f 2967/3019/4523 3212/3274/4914 3884/3937/5870
f 3212/3274/4914 3059/3085/4623 3181/3938/4865
f 3061/3088/4626 3243/3277/4917 3242/3276/4916
f 3243/3277/4917 3244/3901/5821 3858/3939/5871
f 3245/3278/4918 3246/3902/5822 3824/3903/5823
f 3825/3904/5824 3246/3902/5822 3826/3905/5825
f 3826/3905/5825 3131/3187/4778 3859/3940/5872
f 3859/3940/5872 3131/3187/4778 3098/3155/4726
f 3216/3190/4781 3135/3209/4815 3890/3941/5873
f 3861/3942/5874 3157/3282/4922 3217/3283/4923
f 3105/3161/4732 3253/3307/4962 3830/3289/4929
f 3221/3290/4930 3254/16/16 89/15/15
f 3895/3943/5875 3894/3944/5876 89/15/15
f 3895/3943/5875 89/15/15 3866/3308/4963
f 3255/3910/5830 90/14/14 3256/3309/4964
f 3256/3309/4964 3254/16/16 3257/3310/4965
f 3257/3310/4965 92/3216/4822 3868/3912/5832
f 3868/3912/5832 92/3216/4822 3258/3311/4966
f 3258/3311/4966 3188/3219/4825 3933/3945/5877
f 3188/3219/4825 3189/3247/4874 3832/3913/5833
f 3783/3863/5834 3791/3864/5878 3801/3876/5782
f 3869/3946/5879 3785/3857/5756 3805/3880/5789
f 3805/3880/5789 3774/3828/5717 3836/3868/5772
f 3798/3830/5719 3799/3873/5777 3871/3947/5880
s 0
f 3799/3873/5881 3807/3883/5881 3838/3919/5881
s 1
f 3800/3875/5882 3766/3840/5780 3789/3854/5750
f 3808/3312/4967 3190/3220/4826 3809/3884/5794
f 3839/3291/4931 3166/3251/4879 3840/3885/5795
f 3905/3948/5883 3222/3886/5841 3810/3292/5884
f 3810/3292/4934 3223/3252/4933 3841/3921/5885
f 3841/3921/5845 3842/3293/5844 3872/3922/5848
f 3225/3295/5847 3811/3923/5886 3872/3922/5848
f 3811/3923/5887 3907/3924/5888 3873/3949/5889
f 3843/3887/5802 3874/3925/5855 3938/3950/5890
f 3874/3925/5855 3196/3255/5854 3844/3926/5891
f 3111/3168/4747 3847/3951/5892 3846/3262/4894
f 3876/3952/5893 3846/3262/4894 3847/3951/5892
f 3847/3951/5892 3112/3226/4835 3228/3890/5805
f 3814/3929/5859 3848/3889/5804 3877/3953/5894
f 3815/3892/5807 3231/3891/5806 3878/3954/5895
f 3878/3954/5895 3231/3891/5806 3202/3266/4898
f 3879/3955/5896 3232/3298/4948 3850/3931/5861
f 3850/3931/5861 3233/3299/4949 3851/3932/5862
f 3233/3299/4949 3852/3300/4950 3851/3932/5862
f 3852/3300/4950 3172/3227/4836 3880/3956/5897
f 3172/3227/4836 3816/3267/4899 3880/3956/5897
f 3880/3956/5897 3816/3267/4899 82/3893/5808
f 3854/3957/5898 3173/3269/4901 3855/3934/5864
f 3882/3958/5899 3818/3272/5867 3207/3231/5866
f 3207/3231/5900 3235/3895/5900 3882/3958/5900
f 2989/3009/5901 3883/3302/4957 3235/3895/5811
f 4007/3959/5902 3208/3149/4719 3176/3232/4852
f 3239/3304/4959 3237/3898/5818 3150/3206/4812
f 3982/3935/5868 3129/3184/4774 3151/3207/4813
f 3095/3153/4724 3822/3236/4863 3856/3936/5869
f 3822/3236/4863 3211/3237/4864 3884/3937/5870
f 3823/3275/4915 3154/3154/4725 3885/3960/5903
f 3242/3276/4916 3243/3277/4917 3858/3939/5871
f 3858/3939/5871 3244/3901/5821 3888/3961/5904
f 3888/3961/5904 3244/3901/5821 3245/3278/4918
f 3925/3962/5905 3924/3963/5906 3824/3903/5823
f 3132/3188/4779 88/3906/5826 3827/3240/4867
f 3214/3281/4921 3155/3242/4869 3860/3964/5907
f 3860/3964/5907 3155/3242/4869 3183/3243/4870
f 3828/3907/5827 3216/3190/4781 3890/3941/5873
f 3135/3209/4815 3249/3908/5828 3890/3941/5873
f 3890/3941/5873 3249/3908/5828 3861/3942/5874
f 3249/3908/5828 3157/3282/4922 3861/3942/5874
f 3217/3283/4923 3250/3305/4960 3861/3942/5874
f 3891/3965/5908 3250/3305/4960 3892/3966/5909
f 3250/3305/4960 3829/3284/4924 3892/3966/5909
f 3829/3284/4924 3218/3285/4925 3219/3286/4926
f 3137/3214/4820 3863/3967/5910 3954/3968/5911
f 3137/3214/4820 3103/3213/4819 3863/3967/5910
f 3863/3967/5910 3103/3213/4819 3159/3158/4729
f 3185/3244/4871 3138/3159/4730 3864/3909/5829
f 3253/3307/4962 3221/3290/4930 3894/3944/5876
f 3894/3944/5876 3221/3290/4930 89/15/15
f 3866/3308/4963 90/14/14 3988/3969/5912
f 3988/3969/5912 90/14/14 3831/3911/5831
f 3958/3970/5913 3255/3910/5830 3932/3971/5914
f 3188/3219/4825 3832/3913/5833 3933/3945/5877
s 0
f 3833/3865/5915 3802/3915/5915 3898/3914/5915
s 1
f 3792/3866/5770 3935/3972/5916 3802/3877/5786
f 3771/3845/5736 3803/3878/5787 3962/3973/5917
f 3793/3867/5771 3761/3847/5738 3899/3974/5918
f 3761/3847/5738 3835/3879/5788 3899/3974/5918
f 3762/3833/5722 3785/3857/5756 3900/3975/5919
f 3900/3975/5919 3785/3857/5756 3869/3946/5879
f 3836/3868/5772 3786/3858/5757 3901/3976/5920
f 3796/3881/5790 3259/3871/5775 3903/3977/5921
f 3903/3977/5921 3259/3871/5775 3765/3835/5724
s 0
f 85/3882/5922 3797/3872/5922 84/3978/5922
s 1
f 3798/3830/5719 3871/3947/5880 3797/3872/5776
s 0
f 3871/3947/5923 3799/3873/5923 3838/3919/5923
s 1
f 3800/3875/5882 3789/3854/5750 3967/3979/5924
f 3967/3979/5924 3789/3854/5750 3808/3312/4967
f 3905/3948/5883 3810/3292/5884 3841/3921/5925
f 3841/3921/5925 3872/3922/5926 3905/3948/5883
f 3872/3922/5926 3811/3923/5887 3873/3949/5889
f 3907/3924/5852 3843/3887/5853 3938/3950/5927
f 3197/3258/4890 3227/3259/4891 3908/3980/5928
f 3227/3259/4891 3875/3260/4892 3909/3981/5929
f 3875/3260/4892 3198/3261/4893 3845/3927/5857
f 3845/3927/5857 3812/3928/5858 3910/3982/5930
f 3111/3168/4747 3112/3226/4835 3847/3951/5892
f 3847/3951/5892 3228/3890/5805 3814/3929/5859
f 3200/3263/4895 3849/3930/5860 3848/3889/5804
f 3114/3264/4896 3815/3892/5807 3849/3930/5860
f 3849/3930/5860 3815/3892/5807 3878/3954/5895
f 3878/3954/5895 3202/3266/4898 83/3983/5931
f 83/3983/5931 3202/3266/4898 3879/3955/5896
f 3202/3266/4898 3232/3298/4948 3879/3955/5896
f 3912/3984/5932 3851/3932/5862 3853/3933/5863
f 80/3985/5933 3853/3933/5863 3852/3300/4950
f 82/3893/5808 81/3986/5934 3880/3956/5897
f 3816/3267/4899 3149/3175/4760 82/3893/5808
f 3881/3987/5935 3173/3269/4901 3946/3988/5936
f 3173/3269/4901 3854/3957/5898 3946/3988/5936
f 3916/3989/5937 3855/3934/5938 3204/3270/4903
f 3916/3989/5937 3204/3270/4903 3234/3301/4952
f 3087/3147/4710 3205/3228/4839 3174/3271/4905
f 3205/3228/4839 3206/3229/4840 3818/3272/4908
f 3176/3232/4852 3917/3303/4958 3980/3990/5939
f 3819/3204/4805 3820/3896/5813 3917/3303/4958
f 3820/3896/5813 3236/3897/5940 3919/3991/5941
f 3919/3991/5941 3236/3897/5940 3237/3898/5818
f 4046/3992/5942 3239/3304/4959 3238/3899/5819
f 3821/3900/5820 3240/3273/4913 3920/3993/5943
f 3240/3273/4913 3856/3936/5869 3920/3993/5943
f 3921/3994/5944 3822/3236/4863 3884/3937/5870
f 3212/3274/4914 3181/3938/4865 3922/3995/5945
f 3181/3238/4865 3153/3208/4814 3922/3996/5945
f 3153/3208/4814 3823/3275/4915 3923/3997/5946
f 3154/3154/4725 3241/3239/4866 3885/3960/5903
f 3241/3239/4866 3242/3276/4916 3857/3998/5947
f 3857/3998/5947 3242/3276/4916 3858/3939/5871
f 3984/3999/5948 3858/3939/5871 3888/3961/5904
f 3951/4000/5949 3924/3963/5906 3925/3962/5905
f 3824/3903/5823 3825/3904/5824 3925/3962/5905
f 3859/3940/5872 3098/3155/4726 3827/3240/4867
f 3926/4001/5950 88/3906/5826 3213/3241/4868
f 3248/3280/4920 3182/3279/4919 3927/4002/5951
f 3182/3279/4919 3214/3281/4921 3927/4002/5951
f 3927/4002/5951 3214/3281/4921 3860/3964/5907
f 3860/3964/5907 3183/3243/4870 4016/4003/5952
f 4016/4003/5952 3183/3243/4870 3828/3907/5827
f 3250/3305/4960 3891/3965/5908 3861/3942/5874
f 78/4004/5953 3829/3284/4924 3219/3286/4926
f 3159/3158/4729 3185/3244/4871 3863/3967/5910
f 3863/3967/5910 3185/3244/4871 3864/3909/5829
f 3139/3160/4731 3160/3191/4782 3928/4005/5954
f 3160/3191/4782 3865/3287/4927 87/4006/5955
f 87/4006/5955 3865/3287/4927 3929/4007/5956
f 3930/4008/5957 3893/4009/5958 3865/3287/4927
f 91/3215/4821 3220/3288/4928 3931/4010/5959
f 3186/3245/4872 3830/3289/4929 3220/3288/4928
f 3895/3943/5875 3866/3308/4963 3956/4011/5960
f 3866/3308/4963 3896/4012/5961 3956/4011/5960
f 3831/3911/5831 3255/3910/5830 3958/3970/5913
f 3959/4013/5962 3958/3970/5913 3932/3971/5914
f 3258/3311/4966 3933/3945/5877 3868/3912/5832
f 3933/3945/5877 3832/3913/5833 3801/3876/5782
f 3791/3864/5878 3898/3914/5963 3897/4014/5964
f 3792/3866/5770 3771/3845/5736 3935/3972/5916
f 3962/3973/5917 3803/3878/5787 3994/4015/5965
f 3835/3879/5788 3762/3833/5722 3900/3975/5919
f 3786/3858/5757 3788/3859/5746 3901/3976/5920
f 3902/4016/5966 3788/3852/5746 3794/3869/5773
f 3870/3917/5838 3806/3860/5758 3837/3918/5839
f 3903/3977/5921 3765/3835/5724 85/3882/5967
s 0
f 3904/4017/5968 85/3882/5968 84/3978/5968
f 3797/3872/5969 3871/3947/5969 84/3978/5969
s 1
f 3871/3947/5970 3838/3919/5971 84/3978/5972
f 3838/3919/5971 3800/3874/5882 3967/4018/5924
f 3808/3312/4967 3809/3884/5794 3967/3979/5924
f 3905/3948/5883 3872/3922/5926 3873/3949/5889
f 3907/3924/5888 3938/3950/5973 3906/4019/5974
f 3844/3926/5856 3143/3256/4889 3939/4020/5975
f 3941/4021/5976 3812/3928/5858 3813/3888/5803
f 3813/3888/5803 3846/3262/4894 3876/3952/5893
f 3848/3889/5804 3849/3930/5860 3943/4022/5977
f 3878/3954/5895 83/3983/5931 3974/4023/5978
f 83/3983/5931 3879/3955/5896 4004/4024/5979
f 3944/4025/5980 3879/3955/5896 3850/3931/5861
f 3850/3931/5861 3851/3932/5862 3944/4025/5980
f 3944/4025/5980 3851/3932/5862 3911/4026/5981
f 80/3985/5933 3852/3300/4950 3880/3956/5897
f 3913/4027/5982 81/3986/5934 4005/4028/5983
f 4005/4028/5983 81/3986/5934 3914/4029/5984
f 81/3986/5934 82/3893/5808 3914/4029/5984
f 3915/4030/5985 3817/3894/5809 3881/3987/5935
f 3817/3894/5809 3173/3269/4901 3881/3987/5935
f 3945/4031/5986 3881/3987/5935 3946/3988/5936
f 3854/3957/5987 3855/3934/5938 3916/3989/5937
f 3976/4032/5988 3234/3301/4953 3174/3271/4905
f 3174/3271/4905 3205/3228/4839 3818/3272/4908
f 3917/3303/4958 3820/3896/5813 3918/4033/5989
f 3820/3896/5813 3919/3991/5941 3918/4033/5989
f 3982/3935/5868 3151/3207/4813 3821/3900/5820
f 3884/3937/5870 3212/3274/4914 3922/3995/5945
f 3922/3996/5945 3153/3208/4814 3948/4034/5990
f 3886/4035/5991 3241/3239/4866 3857/3998/5947
f 3888/3961/5904 3245/3278/4918 3824/3903/5823
f 3924/3963/5906 3949/4036/5992 3950/4037/5993
f 3949/4036/5992 3924/3963/5906 3951/4000/5949
f 3213/3241/4868 3248/3280/4920 3926/4001/5950
f 3248/3280/4920 3927/4002/5951 3926/4001/5950
f 3860/3964/5907 4016/4003/5952 4051/4038/5994
f 3953/4039/5995 3891/3965/5908 3892/3966/5909
f 3892/3966/5909 3829/3284/4924 78/4004/5953
f 78/4004/5953 3219/3286/4926 3862/4040/5996
f 3219/3286/4926 3252/3306/4961 3862/4040/5996
f 3252/3306/4961 3137/3214/4820 86/4041/5997
f 3954/3968/5911 3863/3967/5910 3986/4042/5998
f 3864/3909/5829 3139/3160/4731 3928/4005/5954
f 3928/4005/5954 3160/3191/4782 87/4006/5955
f 3865/3287/4927 3893/4009/5958 3929/4007/5956
f 3865/3287/4927 91/3215/4821 3930/4008/5957
f 3930/4008/5957 91/3215/4821 3931/4010/5959
f 3895/3943/5875 3956/4011/5960 3955/4043/5999
f 3957/4044/6000 3896/4012/5961 3988/3969/5912
f 3896/4012/5961 3866/3308/4963 3988/3969/5912
f 3255/3910/5830 3256/3309/4964 3990/4045/6001
f 3256/3309/4964 3868/3912/5832 3990/4045/6001
f 3868/3912/5832 3933/3945/5877 3960/4046/6002
f 3801/3876/5782 3791/3864/5878 3897/4014/5964
s 0
f 3898/3914/6003 3802/3915/6003 3934/4047/6003
s 1
f 3934/4047/6004 3802/3915/6005 3961/4048/6006
f 3961/4048/6007 3802/3915/6005 3935/4049/6008
f 3935/3972/5916 3771/3845/5736 3962/3973/5917
f 3805/3880/5789 3836/3868/5772 3963/4050/6009
f 3901/3976/5920 3788/3859/5746 3902/4051/5966
f 3902/4016/5966 3794/3869/5773 3870/3917/5838
f 3870/3917/5838 3837/3918/5839 3964/4052/6010
f 3837/3918/5839 3795/3870/5774 3796/3881/5790
f 3796/3881/5790 3903/3977/5921 77/4053/6011
s 0
f 3903/3977/6012 3936/4054/6012 77/4053/6012
s 1
f 85/3882/6013 3904/4017/6013 3903/3977/6013
f 3838/3919/5971 3967/4018/5924 84/3978/5972
f 3967/3979/5924 3809/3884/5794 3840/3885/5795
f 3809/3884/5794 3839/3291/4931 3840/3885/5795
f 3968/4055/6014 3873/3949/5889 3906/4019/5974
f 3873/3949/5889 3907/3924/5888 3906/4019/5974
f 3938/3950/5890 3874/3925/5855 4002/4056/6015
f 4002/4056/6015 3874/3925/5855 3969/4057/6016
s 0
f 3874/3925/6017 3844/3926/6017 3969/4057/6017
s 1
f 3844/3926/6018 3939/4020/5975 3969/4057/6019
f 3939/4020/5975 3143/3256/4889 3940/4058/6020
f 3940/4058/6020 3143/3256/4889 3970/4059/6021
f 3143/3256/4889 3197/3257/4890 3970/4059/6021
f 3908/3980/5928 3227/3259/4891 3909/3981/5929
f 3845/3927/5857 4035/4060/6022 3909/3981/5929
f 3909/3981/5929 3875/3260/4892 3845/3927/5857
f 3941/4021/5976 3813/3888/5803 3876/3952/5893
f 3876/3952/5893 3847/3951/5892 3942/4061/6023
f 3942/4061/6023 3847/3951/5892 3814/3929/5859
f 3814/3929/5859 3877/3953/5894 3942/4061/6023
f 3973/4062/6024 72/4063/6025 3877/3953/5894
f 3877/3953/5894 3848/3889/5804 3943/4022/5977
f 3849/3930/5860 3878/3954/5895 3943/4022/5977
f 3943/4022/5977 3878/3954/5895 3974/4023/5978
f 3974/4023/5978 83/3983/5931 4004/4024/5979
f 3879/3955/5896 3944/4025/5980 4004/4024/5979
f 3851/3932/5862 3912/3984/5932 3911/4026/5981
f 3880/3956/5897 3913/4027/5982 80/3985/5933
f 3880/3956/5897 81/3986/5934 3913/4027/5982
f 82/3893/5808 3817/3894/5809 3914/4029/5984
f 3946/3988/6026 3854/3957/5987 3975/4064/6027
f 3854/3957/5987 3916/3989/5937 3975/4064/6027
f 3976/4032/6028 3916/3989/6029 3234/3301/6030
f 3818/3272/4908 3882/3958/6031 3977/4065/6032
f 3947/4066/6033 3235/3895/6034 3979/4067/6035
f 3235/3895/5811 3883/3302/4957 3979/4067/6036
f 3883/3302/4957 3208/3149/4719 3979/4067/6036
f 4007/3959/5902 3176/3232/4852 3980/3990/5939
f 3919/3991/5941 3237/3898/5818 3239/3304/4959
f 3239/3304/4959 4046/3992/5942 4045/4068/6037
f 3238/3899/5819 3982/3935/5868 4046/3992/5942
f 3153/3208/4814 3923/3997/5946 3948/4034/5990
f 3923/3997/5946 3823/3275/4915 3885/3960/5903
f 4050/4069/6038 3984/3999/5948 3888/3961/5904
f 3859/3940/5872 3827/3240/4867 4013/4070/6039
f 3827/3240/4867 88/3906/5826 4013/4070/6039
f 4013/4070/6039 88/3906/5826 4014/4071/6040
f 88/3906/5826 3926/4001/5950 4014/4071/6040
f 4015/4072/6041 3926/4001/5950 3927/4002/5951
f 3927/4002/5951 3860/3964/5907 4051/4038/5994
f 3828/3907/5827 3890/3941/5873 4017/4073/6042
f 3861/3942/5874 3952/4074/6043 3890/3941/5873
f 3952/4074/6043 3861/3942/5874 3891/3965/5908
f 86/4041/5997 3137/3214/4820 3954/3968/5911
f 3863/3967/5910 3864/3909/5829 3987/4075/6044
f 3987/4075/6044 3864/3909/5829 3928/4005/5954
f 3220/3288/4928 3830/3289/4929 3931/4010/5959
f 3931/4010/5959 3830/3289/4929 3894/3944/5876
f 3830/3289/4929 3253/3307/4962 3894/3944/5876
f 4023/4076/6045 3831/3911/5831 3958/3970/5913
f 3959/4013/5962 3932/3971/5914 3989/4077/6046
f 3932/3971/5914 3255/3910/5830 3990/4045/6001
f 3990/4045/6001 3868/3912/5832 3960/4046/6002
f 3960/4046/6002 3933/3945/5877 3991/4078/6047
f 3991/4078/6047 3933/3945/5877 3897/4014/5964
f 3933/3945/5877 3801/3876/5782 3897/4014/5964
f 3897/4014/5964 3898/3914/5963 3934/4047/6048
f 3962/4079/6049 3994/4080/6050 3992/4081/6051
f 3994/4015/5965 3803/3878/5787 3834/3916/5837
f 3834/3916/5837 3793/3867/5771 3899/3974/5918
f 3899/3974/5918 3835/3879/5788 3900/3975/5919
f 3902/4016/5966 3870/3917/5838 3964/4052/6010
f 3964/4052/6010 3837/3918/5839 3965/4082/6052
f 3796/3881/5790 77/4053/6011 3995/4083/6053
f 77/4053/6011 3966/4084/6054 3995/4083/6053
s 0
f 3997/4085/6055 3966/4084/6055 77/4053/6055
f 3997/4085/6056 77/4053/6056 4088/4086/6056
s 1
f 3936/4054/6057 3903/3977/6058 3998/4087/6059
s 0
f 3903/3977/6060 3904/4017/6060 3999/4088/6060
s 1
f 3840/3920/5795 3222/3886/5841 4000/4089/6061
f 3905/3948/5883 3873/3949/5889 3968/4055/6014
f 3197/3258/4890 3908/3980/5928 3970/4090/6021
f 3845/3927/5857 3910/3982/5930 3971/4091/6062
f 3971/4091/6062 3910/3982/5930 76/4092/6063
f 3910/3982/5930 3812/3928/5858 3941/4021/5976
f 74/4093/6064 72/4063/6025 3973/4062/6024
f 3877/3953/5894 3943/4022/5977 3973/4062/6024
f 3911/4026/5981 3912/3984/5932 4037/4094/6065
f 3853/3933/5863 80/3985/5933 3912/3984/5932
f 4006/4095/6066 4005/4028/5983 3914/4029/5984
f 3975/4064/6067 3916/3989/6029 3976/4032/6028
f 3977/4065/6032 3174/3271/4905 3818/3272/4908
f 3977/4065/6032 3882/3958/6031 3947/4066/6033
f 3918/4033/5989 3919/3991/5941 3239/3304/4959
f 4046/3992/5942 3982/3935/5868 4072/4096/6068
f 3856/3936/5869 3822/3236/4863 4008/4097/6069
f 3822/3236/4863 3921/3994/5944 4008/4097/6069
f 3885/3960/5903 3241/3239/4866 4149/4098/6070
f 3241/3239/4866 3886/4035/5991 4149/4098/6070
f 3886/4035/5991 3857/3998/5947 4073/4099/6071
f 3857/3998/5947 3858/3939/5871 3984/3999/5948
f 3888/3961/5904 3824/3903/5823 3924/3963/5906
f 3950/4037/5993 3949/4036/5992 4098/4100/6072
f 3951/4000/5949 4011/4101/6073 4010/4102/6074
f 3951/4000/5949 3925/3962/5905 4011/4101/6073
f 4011/4101/6073 3925/3962/5905 3825/3904/5824
f 3825/3904/5824 3826/3905/5825 4012/4103/6075
f 3859/3940/5872 4013/4070/6039 3826/3905/5825
f 4014/4071/6040 3926/4001/5950 71/4104/6076
f 71/4104/6076 3926/4001/5950 4015/4072/6041
f 3828/3907/5827 4052/4105/6077 4016/4003/5952
f 3828/3907/5827 4017/4073/6042 4052/4105/6077
f 3953/4039/5995 3892/3966/5909 78/4004/5953
f 79/4106/6078 78/4004/5953 3862/4040/5996
f 3862/4040/5996 3252/3306/4961 86/4041/5997
f 3928/4005/5954 87/4006/5955 3929/4007/5956
f 3929/4007/5956 3893/4009/5958 4082/4107/6079
f 4082/4107/6079 3893/4009/5958 3930/4008/5957
f 3930/4008/5957 3931/4010/5959 4020/4108/6080
f 3955/4043/5999 3956/4011/5960 4084/4109/6081
f 3956/4011/5960 3896/4012/5961 4022/4110/6082
f 4023/4076/6045 3958/3970/5913 3959/4013/5962
f 3959/4013/5962 3989/4077/6046 4026/4111/6083
f 3989/4077/6046 3932/3971/5914 3990/4045/6001
f 3990/4045/6001 3960/4046/6002 3991/4078/6047
s 0
f 3961/4048/6084 3935/4049/6084 4027/4112/6084
s 1
f 3935/4049/6085 3962/4079/6049 4027/4112/6086
f 4027/4112/6086 3962/4079/6049 3992/4081/6051
f 3992/4081/6087 3994/4080/6088 3993/4113/6089
f 4028/4114/6090 3994/4015/5965 3834/3916/5837
f 4057/4115/6091 3899/3974/5918 3900/3975/5919
f 3869/3946/5879 3805/3880/5789 3963/4050/6009
f 3963/4050/6009 3836/3868/5772 3901/3976/5920
f 3995/4083/6053 3964/4052/6010 3965/4082/6052
f 3837/3918/5839 3796/3881/5790 3965/4082/6052
f 3965/4082/6052 3796/3881/5790 3995/4083/6053
f 4088/4086/6092 77/4053/6093 3936/4054/6094
f 3998/4087/6059 3903/3977/6095 3999/4088/6096
f 3904/4017/6097 84/3978/5972 4030/4116/6098
f 3967/4018/5924 3840/3920/5795 4000/4089/6061
f 4000/4089/6061 3222/3886/5841 3905/3948/5883
f 3968/4055/6014 3906/4019/5974 4061/4117/6099
f 3906/4019/5974 3938/3950/5973 4002/4056/6100
f 4090/4118/6101 4002/4056/6015 3969/4057/6016
f 3969/4057/6019 3939/4020/5975 4003/4119/6102
f 3939/4020/5975 3940/4058/6020 4003/4119/6102
f 4003/4119/6103 3940/4058/6020 4032/4120/6104
f 4034/4121/6105 3970/4090/6021 3908/3980/5928
f 3971/4091/6062 76/4092/6063 4036/4122/6106
f 3943/4022/5977 3974/4023/5978 3973/4062/6024
f 3914/4029/5984 3817/3894/5809 3915/4030/5985
f 3881/3987/5935 3945/4031/5986 4042/4123/6107
f 3945/4031/6108 3946/3988/6026 3975/4064/6027
f 4043/4124/6109 3975/4064/6067 3976/4032/6028
f 4044/4125/6110 3174/3271/4905 3977/4065/6032
f 3882/3958/6031 3235/3895/6034 3947/4066/6033
f 3208/3149/4719 4007/3959/5902 3979/4067/6036
f 3980/3990/5939 3917/3303/4958 3918/4033/5989
f 3982/3935/5868 3821/3900/5820 4047/4126/6111
f 3821/3900/5820 3920/3993/5943 4047/4126/6111
f 3923/3997/5946 4048/4127/6112 3948/4034/5990
f 4049/4128/6113 4048/4127/6112 3923/3997/5946
f 3923/3997/5946 3885/3960/5903 4049/4128/6113
f 4010/4102/6074 4011/4101/6073 65/4129/6114
f 4011/4101/6073 3825/3904/5824 4012/4103/6075
f 4015/4072/6041 3927/4002/5951 4051/4038/5994
f 4017/4073/6042 3890/3941/5873 3952/4074/6043
f 3953/4039/5995 78/4004/5953 4078/4130/6115
f 79/4106/6078 3862/4040/5996 86/4041/5997
f 86/4041/5997 3954/3968/5911 4079/4131/6116
f 3954/3968/5911 3986/4042/5998 4079/4131/6116
f 3863/3967/5910 3987/4075/6044 3986/4042/5998
f 4019/4132/6117 3987/4075/6044 3928/4005/5954
f 4053/4133/6118 3928/4005/5954 3929/4007/5956
f 3930/4008/5957 70/4134/6119 4082/4107/6079
f 69/4135/6120 68/4136/6121 70/4134/6119
f 69/4135/6120 70/4134/6119 4020/4108/6080
f 70/4134/6119 3930/4008/5957 4020/4108/6080
f 3931/4010/5959 3894/3944/5876 4020/4108/6080
f 3894/3944/5876 3895/3943/5875 4020/4108/6080
f 3895/3943/5875 3955/4043/5999 4020/4108/6080
f 4020/4108/6080 3955/4043/5999 4021/4137/6122
f 4022/4110/6082 3896/4012/5961 3957/4044/6000
f 3988/3969/5912 3831/3911/5831 4023/4076/6045
f 4025/4138/6123 4023/4076/6045 3959/4013/5962
f 3934/4047/6124 3961/4048/6125 3897/4014/6126
f 3993/4113/6089 3994/4080/6088 4055/4139/6127
s 0
f 3994/4080/6128 4028/4140/6128 4055/4139/6128
s 1
f 4133/4141/6129 3899/3974/5918 4057/4115/6091
f 3900/3975/5919 3869/3946/5879 4057/4115/6091
f 3869/3946/5879 3963/4050/6009 4058/4142/6130
f 4110/4143/6131 3901/3976/5920 4059/4144/6132
f 3901/3976/5920 3902/4051/5966 4059/4144/6132
f 4059/4145/6132 3902/4016/5966 3964/4052/6010
f 3964/4052/6010 3995/4083/6053 4060/4146/6133
f 3966/4084/6054 3996/4147/6134 3995/4083/6053
s 0
f 3996/4147/6135 3966/4084/6135 4029/4148/6135
f 4029/4148/6136 3966/4084/6136 3997/4085/6136
s 1
f 4088/4086/6092 3936/4054/6137 3998/4087/6138
f 84/3978/5972 3967/4018/5924 4030/4116/6098
f 4000/4089/6061 3905/3948/5883 4031/4149/6139
f 4031/4149/6139 3905/3948/5883 3968/4055/6014
f 4061/4117/6099 3906/4019/5974 4089/4150/6140
f 4089/4150/6141 4002/4056/6100 4090/4118/6142
f 3969/4057/6016 4003/4119/6143 4090/4118/6101
f 4033/4151/6144 3940/4058/6020 3970/4059/6021
f 4034/4121/6105 3908/3980/5928 4062/4152/6145
f 3909/3981/5929 4035/4060/6022 3908/3980/5928
f 4035/4060/6022 3845/3927/5857 3971/4091/6062
f 4063/4153/6146 3876/3952/5893 72/4063/6025
f 3876/3952/5893 3942/4061/6023 72/4063/6025
f 3942/4061/6023 3877/3953/5894 72/4063/6025
f 74/4093/6064 73/4154/6147 4091/4155/6148
f 4092/4156/6149 73/4154/6147 3973/4062/6024
f 73/4154/6147 74/4093/6064 3973/4062/6024
f 3944/4025/5980 3911/4026/5981 4064/4157/6150
f 3912/3984/5932 80/3985/5933 4037/4094/6065
f 4037/4094/6065 80/3985/5933 4065/4158/6151
f 80/3985/5933 3913/4027/5982 4065/4158/6151
f 4065/4158/6151 3913/4027/5982 4005/4028/5983
f 4006/4095/6066 3914/4029/5984 3915/4030/5985
f 4069/4159/6152 3881/3987/5935 4041/4160/6153
f 3881/3987/5935 4042/4123/6154 4041/4160/6153
s 0
f 3945/4031/6155 3975/4064/6155 4042/4123/6155
s 1
f 4043/4124/6156 3976/4032/5988 4044/4125/6110
f 4007/3959/5902 3980/3990/5939 4070/4161/6157
f 4071/4162/6158 3980/3990/5939 4120/4163/6159
f 3918/4033/5989 3239/3304/4959 4045/4068/6037
f 3982/3935/5868 4047/4126/6111 4072/4096/6068
f 3920/3993/5943 3856/3936/5869 4008/4097/6069
f 3921/3994/5944 3983/4164/6160 4008/4097/6069
f 3921/3994/5944 3884/3937/5870 3983/4164/6160
f 3857/3998/5947 3984/3999/5948 4073/4099/6071
f 3984/3999/5948 4050/4069/6038 4097/4165/6161
f 4050/4069/6038 3888/3961/5904 3950/4037/5993
f 3888/3961/5904 3924/3963/5906 3950/4037/5993
f 4009/4166/6162 3950/4037/5993 4098/4100/6072
f 3951/4000/5949 4010/4102/6074 4074/4167/6163
f 3826/3905/5825 4013/4070/6039 4012/4103/6075
f 4014/4071/6040 71/4104/6076 4075/4168/6164
f 4052/4105/6077 4017/4073/6042 4076/4169/6165
f 4076/4169/6165 4017/4073/6042 3952/4074/6043
f 3952/4074/6043 3891/3965/5908 4077/4170/6166
f 4077/4170/6166 3891/3965/5908 3953/4039/5995
f 78/4004/5953 79/4106/6078 4078/4130/6115
f 4078/4130/6115 79/4106/6078 4079/4131/6116
f 79/4106/6078 86/4041/5997 4079/4131/6116
f 3986/4042/5998 4018/4171/6167 4079/4131/6116
f 4018/4171/6167 3986/4042/5998 3987/4075/6044
f 4021/4137/6122 3955/4043/5999 4083/4172/6168
f 4084/4109/6081 3956/4011/5960 4022/4110/6082
f 4025/4138/6123 3959/4013/5962 4026/4111/6083
f 3990/4045/6001 3991/4078/6047 3989/4077/6046
f 3992/4081/6169 4086/4173/6170 4027/4112/6171
f 3992/4081/6169 3993/4113/6172 4086/4173/6170
s 0
f 4055/4139/6173 4028/4140/6173 4107/4174/6173
s 1
f 4028/4114/6090 3834/3916/5837 4087/4175/6174
f 4109/4176/6175 3869/3946/5879 4058/4142/6130
s 0
f 4088/4086/6176 3998/4087/6176 3999/4088/6176
s 1
f 3999/4088/6177 3904/4017/6097 4030/4116/6098
f 4030/4116/6098 3967/4018/5924 4000/4089/6061
f 3906/4019/5974 4002/4056/6100 4089/4150/6141
f 4117/4177/6178 3941/4021/5976 4063/4153/6146
f 3941/4021/5976 3876/3952/5893 4063/4153/6146
f 3973/4062/6024 3974/4023/5978 4092/4156/6149
f 4092/4156/6149 3974/4023/5978 4004/4024/5979
f 3911/4026/5981 4037/4094/6065 4093/4178/6179
f 4005/4028/5983 4038/4179/6180 4065/4158/6151
f 4038/4179/6180 4005/4028/5983 4066/4180/6181
f 4066/4180/6181 4005/4028/5983 4006/4095/6066
f 3915/4030/5985 3881/3987/5935 4068/4181/6182
f 4068/4181/6182 3881/3987/5935 4069/4159/6152
s 0
f 4069/4159/6183 4041/4160/6183 4094/4182/6183
s 1
f 4044/4125/6110 3976/4032/5988 3174/3271/4905
f 3979/4067/6036 4007/3959/5902 4194/4183/6184
f 4070/4161/6157 3980/3990/5939 4071/4162/6158
f 3980/3990/5939 3918/4033/5989 4120/4163/6159
f 4095/4184/6185 3918/4033/5989 4045/4068/6037
f 4047/4126/6111 3920/3993/5943 4122/4185/6186
f 3983/4164/6160 3884/3937/5870 3922/3995/5945
f 3948/4034/5990 4048/4127/6112 3922/3996/5945
f 3885/3960/5903 4149/4098/6070 4096/4186/6187
f 4073/4099/6071 3984/3999/5948 4097/4165/6161
f 4050/4069/6038 3950/4037/5993 64/4187/6188
f 3949/4036/5992 3951/4000/5949 4098/4100/6072
f 3951/4000/5949 4074/4167/6163 4098/4100/6072
f 63/4188/6189 62/4189/6190 4074/4167/6163
f 4099/4190/6191 62/4189/6190 63/4188/6189
f 4074/4167/6163 4010/4102/6074 63/4188/6189
f 4014/4071/6040 4075/4168/6164 4013/4070/6039
f 4013/4070/6039 4075/4168/6164 4101/4191/6192
f 4075/4168/6164 71/4104/6076 61/4192/6193
f 4051/4038/5994 4016/4003/5952 4124/4193/6194
f 4016/4003/5952 4052/4105/6077 4124/4193/6194
f 4077/4170/6166 3953/4039/5995 4078/4130/6115
f 4080/4194/6195 4018/4171/6167 4019/4132/6117
f 4018/4171/6167 3987/4075/6044 4019/4132/6117
f 4019/4132/6117 3928/4005/5954 4053/4133/6118
f 70/4134/6119 68/4136/6121 67/4195/6196
f 67/4195/6196 68/4136/6121 4103/4196/6197
f 4020/4108/6080 4021/4137/6122 69/4135/6120
f 3955/4043/5999 4084/4109/6081 4083/4172/6168
f 4226/4197/6198 4084/4109/6081 4022/4110/6082
f 3988/3969/5912 4023/4076/6045 4105/4198/6199
f 4023/4076/6045 4025/4138/6123 4085/4199/6200
f 4085/4199/6200 4025/4138/6123 4106/4200/6201
f 3961/4048/6125 4027/4112/6202 3897/4014/6126
f 3897/4014/5964 4027/4112/6171 4086/4173/6170
f 3993/4113/6172 4055/4139/6203 4086/4173/6170
s 0
f 4028/4114/6204 4087/4175/6204 4107/4201/6204
f 4108/4202/6205 4107/4201/6205 4087/4175/6205
f 4087/4175/6206 3834/3916/6206 4108/4202/6206
s 1
f 4108/4202/6207 3834/3916/5837 4133/4141/6129
f 3834/3916/5837 3899/3974/5918 4133/4141/6129
f 4057/4115/6091 3869/3946/5879 4109/4176/6175
f 3963/4050/6009 3901/3976/5920 4110/4143/6131
s 0
f 4112/4203/6208 4113/4204/6208 3996/4147/6208
s 1
f 4030/4116/6098 4000/4089/6061 4031/4149/6139
f 4003/4119/6143 4032/4120/6209 4137/4205/6210
f 3940/4058/6020 4033/4151/6144 4032/4120/6104
f 4116/4206/6211 3970/4090/6021 4034/4121/6105
f 4062/4152/6145 3908/3980/5928 4035/4060/6022
f 72/4063/6025 74/4093/6064 4063/4153/6146
f 4063/4153/6146 74/4093/6064 4091/4155/6148
f 4004/4024/5979 3944/4025/5980 4092/4156/6149
f 4092/4156/6149 3944/4025/5980 4064/4157/6150
f 4064/4157/6150 3911/4026/5981 4093/4178/6179
f 4006/4095/6066 4142/4207/6212 4066/4180/6181
f 4067/4208/6213 3915/4030/5985 4068/4181/6182
f 4042/4123/6214 3975/4064/6215 4118/4209/6216
f 4118/4209/6217 3975/4064/6067 4119/4210/6218
f 4119/4210/6218 3975/4064/6067 4043/4124/6109
f 4121/4211/6219 4045/4068/6037 4046/3992/5942
f 4122/4185/6186 3920/3993/5943 4008/4097/6069
f 3922/3996/5945 4048/4127/6112 4123/4212/6220
f 4073/4099/6071 4097/4165/6161 4171/4213/6221
f 4012/4103/6075 4013/4070/6039 4101/4191/6192
f 61/4192/6193 71/4104/6076 4175/4214/6222
f 71/4104/6076 4015/4072/6041 4175/4214/6222
f 4124/4193/6194 4052/4105/6077 4102/4215/6223
f 4052/4105/6077 4076/4169/6165 4102/4215/6223
f 4076/4169/6165 3952/4074/6043 4077/4170/6166
f 4077/4170/6166 4078/4130/6115 4125/4216/6224
f 4018/4171/6167 4080/4194/6195 4127/4217/6225
f 4080/4194/6195 4019/4132/6117 4053/4133/6118
f 4129/4218/6226 4053/4133/6118 4082/4107/6079
f 4053/4133/6118 3929/4007/5956 4082/4107/6079
f 69/4135/6120 4021/4137/6122 4130/4219/6227
f 4022/4110/6082 3957/4044/6000 4104/4220/6228
f 3991/4078/6047 3897/4014/5964 3989/4077/6046
f 3989/4077/6046 3897/4014/5964 4086/4173/6170
f 4086/4173/6170 4055/4139/6203 4107/4174/6229
f 4058/4142/6130 3963/4050/6009 4110/4143/6131
f 4059/4145/6132 3964/4052/6010 4060/4146/6133
f 4060/4146/6133 3995/4083/6053 4134/4221/6230
f 3995/4083/6053 3996/4147/6134 4134/4221/6230
f 4134/4221/6230 3996/4147/6134 4113/4204/6231
s 0
f 4112/4203/6232 3996/4147/6232 4114/4222/6232
f 3996/4147/6233 4029/4148/6233 4114/4222/6233
s 1
f 4135/4223/6234 4029/4148/6235 3997/4085/6236
f 3999/4088/6177 4030/4116/6098 4088/4086/6237
f 4031/4149/6139 3968/4055/6014 4115/4224/6238
f 4089/4150/6141 4090/4118/6142 4136/4225/6239
f 4136/4225/6239 4090/4118/6142 4137/4205/6240
f 4090/4118/6101 4003/4119/6143 4137/4205/6210
f 4033/4151/6144 3970/4059/6021 4116/4226/6211
f 4035/4060/6022 3971/4091/6062 4138/4227/6241
f 3910/3982/5930 3941/4021/5976 76/4092/6063
f 3941/4021/5976 4117/4177/6178 76/4092/6063
f 73/4154/6147 4092/4156/6149 4187/4228/6242
f 4092/4156/6149 4064/4157/6150 4140/4229/6243
f 4038/4179/6180 4066/4180/6181 4141/4230/6244
f 4006/4095/6066 3915/4030/5985 4067/4208/6213
f 4118/4209/6216 4094/4182/6245 4041/4160/6246
f 4041/4160/6246 4042/4123/6214 4118/4209/6216
f 4071/4162/6158 4120/4163/6159 4144/4231/6247
f 4120/4163/6159 3918/4033/5989 4095/4184/6185
f 4045/4068/6037 4121/4211/6219 4095/4184/6185
f 4095/4184/6185 4121/4211/6219 4145/4232/6248
f 4121/4211/6219 4046/3992/5942 4146/4233/6249
f 4146/4233/6249 4046/3992/5942 4072/4096/6068
f 4147/4234/6250 4072/4096/6068 4047/4126/6111
f 4122/4185/6186 4008/4097/6069 4170/4235/6251
f 3983/4164/6160 3922/3995/5945 4123/4236/6220
f 4048/4127/6112 4049/4128/6113 4148/4237/6252
f 4049/4128/6113 3885/3960/5903 4096/4186/6187
f 3886/4035/5991 4073/4099/6071 4171/4213/6221
f 4097/4165/6161 4050/4069/6038 64/4187/6188
f 64/4187/6188 3950/4037/5993 4009/4166/6162
f 4150/4238/6253 62/4189/6190 4099/4190/6191
f 4102/4215/6223 4076/4169/6165 4152/4239/6254
f 4076/4169/6165 4077/4170/6166 4152/4239/6254
f 4125/4216/6224 4078/4130/6115 4126/4240/6255
f 4078/4130/6115 4079/4131/6116 4126/4240/6255
f 4079/4131/6116 4018/4171/6167 4126/4240/6255
f 4126/4240/6255 4018/4171/6167 4127/4217/6225
f 4127/4217/6225 4080/4194/6195 4128/4241/6256
f 4129/4218/6226 4082/4107/6079 4154/4242/6257
f 4154/4242/6257 4082/4107/6079 67/4195/6196
f 4082/4107/6079 70/4134/6119 67/4195/6196
f 68/4136/6121 69/4135/6120 4130/4219/6227
f 3957/4044/6000 3988/3969/5912 4105/4198/6199
f 4155/4243/6258 4085/4199/6200 4106/4200/6201
f 4106/4200/6201 4025/4138/6123 4132/4244/6259
f 4132/4244/6259 4025/4138/6123 4026/4111/6083
f 4026/4111/6083 3989/4077/6046 4156/4245/6260
f 3989/4077/6046 4086/4173/6170 4156/4245/6260
f 4156/4245/6260 4086/4173/6170 4107/4174/6229
f 4108/4202/6207 4133/4141/6129 4158/4246/6261
f 4133/4141/6129 4057/4115/6091 4109/4176/6175
f 4114/4222/6262 4029/4148/6235 4135/4223/6234
f 4159/4247/6263 4135/4223/6234 3997/4085/6236
f 4088/4086/6237 4030/4116/6098 3997/4085/6236
f 4030/4116/6098 4031/4149/6139 4115/4224/6238
f 3968/4055/6014 4061/4117/6099 4115/4224/6238
f 4136/4225/6239 4137/4205/6240 4183/4248/6264
f 4137/4205/6210 4032/4120/6209 4033/4151/6265
f 4186/4249/6266 4033/4151/6144 4116/4226/6211
f 4117/4177/6178 4162/4250/6267 76/4092/6063
f 4117/4177/6178 4063/4153/6146 4163/4251/6268
f 4063/4153/6146 4091/4155/6148 4163/4251/6268
f 4187/4228/6242 4092/4156/6149 4140/4229/6243
f 4037/4094/6065 4065/4158/6151 4093/4178/6179
f 4065/4158/6151 4038/4179/6180 4093/4178/6179
f 4164/4252/6269 59/4253/6270 4190/4254/6271
f 4141/4230/6244 4066/4180/6181 59/4253/6270
f 4066/4180/6181 4142/4207/6212 4191/4255/6272
f 4142/4207/6212 4006/4095/6066 4067/4208/6213
f 4068/4181/6182 4069/4159/6152 4143/4256/6273
f 4166/4257/6274 4143/4256/6273 4069/4159/6152
f 4069/4159/6275 4094/4182/6276 4167/4258/6277
f 4094/4182/6245 4118/4209/6216 4167/4258/6277
f 4043/4124/6156 4044/4125/6110 3977/4065/6032
f 3947/4066/6278 3979/4067/6036 4194/4183/6184
f 4007/3959/5902 4070/4161/6157 4194/4183/6184
f 4194/4183/6184 4070/4161/6157 4169/4259/6279
f 4070/4161/6157 4071/4162/6158 4211/4260/6280
f 4123/4212/6220 4048/4127/6112 4148/4237/6252
f 4171/4213/6221 4097/4165/6161 4172/4261/6281
f 64/4187/6188 4009/4166/6162 4173/4262/6282
f 4098/4100/6072 4074/4167/6163 62/4189/6190
f 4010/4102/6074 65/4129/6114 4174/4263/6283
f 65/4129/6114 4011/4101/6073 4219/4264/6284
f 4011/4101/6073 4012/4103/6075 4219/4264/6284
f 4219/4264/6284 4012/4103/6075 4101/4191/6192
f 4075/4168/6164 61/4192/6193 4101/4191/6192
f 4151/4265/6285 61/4192/6193 4175/4214/6222
f 4124/4193/6194 4102/4215/6223 4222/4266/6286
f 4128/4241/6256 4080/4194/6195 4053/4133/6118
f 4226/4197/6198 4022/4110/6082 4177/4267/6287
f 3957/4044/6000 4105/4198/6199 4104/4220/6228
f 4105/4198/6199 4023/4076/6045 4085/4199/6200
f 4155/4243/6258 4106/4200/6201 4178/4268/6288
f 4158/4246/6261 4133/4141/6129 4179/4269/6289
f 4110/4143/6131 4059/4144/6132 4180/4270/6290
f 4180/4271/6290 4059/4145/6132 4060/4146/6133
f 4112/4203/6291 4114/4222/6262 4135/4223/6234
f 4159/4247/6263 3997/4085/6236 4030/4116/6098
f 4061/4117/6099 4089/4150/6140 4182/4272/6292
f 4089/4150/6140 4136/4225/6293 4160/4273/6294
f 4160/4273/6294 4136/4225/6293 4183/4248/6295
f 4183/4248/6264 4137/4205/6240 4184/4274/6296
f 4137/4205/6210 4033/4151/6265 4184/4274/6297
s 0
f 4033/4151/6298 4186/4249/6298 4185/4275/6298
s 1
f 4207/4276/6299 4116/4206/6211 4034/4121/6105
f 4035/4060/6022 4138/4227/6241 4062/4152/6145
f 4235/4277/6300 4138/4227/6241 3971/4091/6062
f 4036/4122/6106 76/4092/6063 4161/4278/6301
f 4091/4155/6148 73/4154/6147 4187/4228/6242
f 4140/4229/6243 4064/4157/6150 4188/4279/6302
f 4064/4157/6150 4093/4178/6179 4188/4279/6302
f 4093/4178/6179 4038/4179/6180 4141/4230/6244
f 4141/4230/6244 4164/4252/6269 4189/4280/6303
f 59/4253/6270 4164/4252/6269 4141/4230/6244
f 59/4253/6270 4066/4180/6181 4191/4255/6272
f 4165/4281/6304 4143/4256/6273 4193/4282/6305
f 4193/4282/6305 4143/4256/6273 4166/4257/6274
f 3977/4065/6032 3947/4066/6033 4194/4183/6184
f 4147/4234/6250 4146/4233/6249 4072/4096/6068
f 4147/4234/6250 4047/4126/6111 4122/4185/6186
f 4008/4097/6069 3983/4164/6160 4170/4235/6251
f 3983/4164/6160 4123/4236/6220 4170/4235/6251
f 4149/4098/6070 3886/4035/5991 4171/4213/6221
f 4173/4262/6282 4009/4166/6162 4217/4283/6306
f 62/4189/6190 4150/4238/6253 4218/4284/6307
f 63/4188/6189 4010/4102/6074 4174/4263/6283
f 4101/4191/6192 61/4192/6193 4151/4265/6285
f 4175/4214/6222 4015/4072/6041 4221/4285/6308
f 4015/4072/6041 4051/4038/5994 4222/4266/6286
f 4051/4038/5994 4124/4193/6194 4222/4266/6286
f 4195/4286/6309 4152/4239/6254 4125/4216/6224
f 4152/4239/6254 4077/4170/6166 4125/4216/6224
f 4196/4287/6310 4127/4217/6225 4128/4241/6256
f 4053/4133/6118 4129/4218/6226 4128/4241/6256
f 4198/4288/6311 4154/4242/6257 67/4195/6196
f 4225/4289/6312 4131/4290/6313 4083/4172/6168
f 4177/4267/6287 4022/4110/6082 4199/4291/6314
f 4155/4243/6258 4105/4198/6199 4085/4199/6200
f 4200/4292/6315 4106/4200/6201 4132/4244/6259
f 4026/4111/6083 4156/4245/6260 4132/4244/6259
f 4107/4201/6229 4108/4202/6316 4201/4293/6317
s 0
f 4201/4293/6318 4108/4202/6318 4158/4246/6318
s 1
f 4058/4142/6130 4110/4143/6131 4180/4270/6290
f 4180/4271/6290 4060/4146/6133 4203/4294/6319
f 4203/4294/6319 4060/4146/6133 4204/4295/6320
f 4204/4295/6320 4060/4146/6133 4134/4221/6230
s 0
f 4113/4204/6321 4112/4203/6321 4206/4296/6321
s 1
f 4206/4296/6322 4112/4203/6291 4135/4223/6234
f 4159/4247/6263 4030/4116/6098 4115/4224/6238
f 4115/4224/6238 4061/4117/6099 4182/4272/6292
f 4089/4150/6140 4160/4273/6294 4182/4272/6292
f 4034/4121/6105 4062/4152/6145 60/4297/6323
f 4161/4278/6301 76/4092/6063 4162/4250/6267
f 4162/4250/6267 4117/4177/6178 4163/4251/6268
f 4237/4298/6324 4163/4251/6268 4091/4155/6148
f 4188/4279/6302 4093/4178/6179 4141/4230/6244
f 4142/4207/6212 4067/4208/6213 4239/4299/6325
f 4192/4300/6326 4067/4208/6213 4143/4256/6273
f 4067/4208/6213 4068/4181/6182 4143/4256/6273
f 4242/4301/6327 4193/4282/6328 4243/4302/6329
f 4166/4257/6330 4069/4159/6275 4167/4258/6277
f 4167/4258/6277 4118/4209/6216 4168/4303/6331
f 4168/4303/6332 4118/4209/6217 4119/4210/6218
f 4209/4304/6333 4119/4210/6334 4043/4124/6156
f 4043/4124/6156 3977/4065/6032 4210/4305/6335
f 3977/4065/6032 4194/4183/6184 4210/4305/6335
f 4169/4259/6279 4070/4161/6157 4211/4260/6280
f 4211/4260/6280 4071/4162/6158 4144/4231/6247
f 4144/4231/6247 4120/4163/6159 4095/4184/6185
f 4145/4232/6248 4121/4211/6219 4146/4233/6249
f 4122/4185/6186 4170/4235/6251 4215/4306/6336
f 4170/4235/6251 4123/4236/6220 4245/4307/6337
f 4148/4237/6252 4049/4128/6113 4216/4308/6338
f 4216/4308/6338 4049/4128/6113 4096/4186/6187
f 4009/4166/6162 4098/4100/6072 4217/4283/6306
f 4098/4100/6072 62/4189/6190 4218/4284/6307
f 4099/4190/6191 63/4188/6189 58/4309/6339
f 63/4188/6189 4174/4263/6283 58/4309/6339
f 4101/4191/6192 4151/4265/6285 4219/4264/6284
f 4220/4310/6340 4175/4214/6222 4221/4285/6308
f 4015/4072/6041 4222/4266/6286 4221/4285/6308
f 4102/4215/6223 4152/4239/6254 4222/4266/6286
f 4152/4239/6254 4195/4286/6309 4223/4311/6341
f 4196/4287/6310 4128/4241/6256 4197/4312/6342
f 4197/4312/6342 4128/4241/6256 4176/4313/6343
f 4128/4241/6256 4129/4218/6226 4176/4313/6343
f 4129/4218/6226 4154/4242/6257 4176/4313/6343
f 67/4195/6196 4103/4196/6197 4198/4288/6311
f 4103/4196/6197 68/4136/6121 4130/4219/6227
f 4021/4137/6122 4083/4172/6168 4130/4219/6227
f 4130/4219/6227 4083/4172/6168 4131/4290/6313
f 4083/4172/6168 4084/4109/6081 4225/4289/6312
f 4225/4289/6312 4084/4109/6081 4226/4197/6198
f 4104/4220/6228 4227/4314/6344 4022/4110/6082
f 4132/4244/6259 4156/4245/6260 4157/4315/6345
f 4156/4245/6260 4107/4174/6229 4157/4315/6345
s 0
f 4201/4293/6346 4158/4246/6346 4202/4316/6346
s 1
f 4202/4316/6347 4158/4246/6348 4179/4269/6349
f 4179/4269/6289 4133/4141/6129 4260/4317/6350
s 0
f 4228/4318/6351 4180/4271/6351 4203/4294/6351
s 1
f 4229/4319/6352 4134/4221/6353 4230/4320/6354
f 4230/4320/6354 4134/4221/6353 4205/4321/6355
f 4205/4321/6356 4134/4221/6230 4113/4204/6231
f 4183/4248/6357 4184/4274/6358 4263/4322/6359
f 4184/4274/6297 4033/4151/6265 4185/4275/6360
f 4186/4249/6266 4116/4226/6211 4207/4323/6299
f 4207/4276/6299 4034/4121/6105 55/4324/6361
f 4034/4121/6105 60/4297/6323 55/4324/6361
f 4235/4277/6300 3971/4091/6062 4036/4122/6106
f 4235/4277/6300 4036/4122/6106 4161/4278/6301
f 4236/4325/6362 4162/4250/6267 4163/4251/6268
f 4187/4228/6242 4140/4229/6243 4188/4279/6302
f 4188/4279/6302 4141/4230/6244 4189/4280/6303
s 0
f 4241/4326/6363 4165/4281/6363 4242/4301/6363
s 1
f 4242/4301/6327 4165/4281/6364 4193/4282/6328
f 4166/4257/6330 4167/4258/6277 4193/4282/6328
f 4193/4282/6328 4167/4258/6277 4243/4302/6329
f 4209/4304/6333 4168/4303/6365 4119/4210/6334
f 4209/4304/6333 4043/4124/6156 4210/4305/6335
f 4169/4259/6279 4211/4260/6280 4244/4327/6366
f 4095/4184/6185 4145/4232/6248 4213/4328/6367
f 4266/4329/6368 4145/4232/6248 4146/4233/6249
f 4146/4233/6249 4147/4234/6250 4214/4330/6369
f 4245/4331/6337 4123/4212/6220 4148/4237/6252
f 4171/4213/6221 4172/4261/6281 4247/4332/6370
f 4150/4238/6253 4099/4190/6191 4270/4333/6371
f 4174/4263/6283 65/4129/6114 4271/4334/6372
f 4271/4334/6372 65/4129/6114 4219/4264/6284
f 4151/4265/6285 4175/4214/6222 4220/4310/6340
f 4222/4266/6286 4152/4239/6254 4223/4311/6341
f 4223/4311/6341 4195/4286/6309 4253/4335/6373
f 4195/4286/6309 4252/4336/6374 4253/4335/6373
f 4195/4286/6309 4125/4216/6224 4252/4336/6374
f 4125/4216/6224 4126/4240/6255 4252/4336/6374
f 4252/4336/6374 4126/4240/6255 4196/4287/6310
f 4126/4240/6255 4127/4217/6225 4196/4287/6310
f 4154/4242/6257 4198/4288/6311 4254/4337/6375
f 4177/4267/6287 4199/4291/6314 4256/4338/6376
f 4199/4291/6314 4022/4110/6082 4227/4314/6344
f 4104/4220/6228 4105/4198/6199 4257/4339/6377
f 4323/4340/6378 4107/4201/6229 4201/4293/6317
s 0
f 4179/4269/6379 4260/4317/6379 4259/4341/6379
s 1
f 4133/4141/6129 4109/4176/6175 4260/4317/6350
f 4109/4176/6175 4058/4142/6130 56/4342/6380
f 56/4342/6380 4058/4142/6130 4180/4270/6290
s 0
f 4228/4318/6381 4203/4294/6381 4261/4343/6381
s 1
f 4204/4295/6382 4134/4221/6353 4229/4319/6352
s 0
f 4205/4321/6383 4113/4204/6383 4206/4296/6383
s 1
f 4159/4247/6263 4115/4224/6238 4262/4344/6384
f 4262/4344/6384 4115/4224/6238 4231/4345/6385
f 4183/4248/6295 4232/4346/6386 4160/4273/6294
f 4232/4346/6386 4183/4248/6295 4263/4322/6387
f 4184/4274/6297 4185/4275/6360 4264/4347/6388
f 4185/4275/6360 4186/4249/6389 4264/4347/6388
f 55/4324/6361 60/4297/6323 4233/4348/6390
f 4233/4348/6390 60/4297/6323 4234/4349/6391
f 60/4297/6323 4062/4152/6145 4138/4227/6241
f 4236/4325/6362 4163/4251/6268 4237/4298/6324
f 4237/4298/6324 4091/4155/6148 4187/4228/6242
f 4307/4350/6392 4189/4280/6303 4164/4252/6269
f 4190/4254/6271 59/4253/6270 4238/4351/6393
f 4238/4351/6393 59/4253/6270 4191/4255/6272
f 4191/4255/6272 4142/4207/6212 4239/4299/6325
f 4143/4256/6273 4165/4281/6304 4240/4352/6394
f 4243/4302/6329 4167/4258/6277 4168/4303/6331
f 4194/4183/6184 4169/4259/6279 57/4353/6395
f 4211/4260/6280 4144/4231/6247 4212/4354/6396
f 4144/4231/6247 4095/4184/6185 4213/4328/6367
f 4213/4328/6367 4145/4232/6248 4266/4329/6368
f 4267/4355/6397 4214/4330/6369 4147/4234/6250
f 4147/4234/6250 4122/4185/6186 4215/4306/6336
f 4245/4331/6337 4148/4237/6252 4268/4356/6398
f 4216/4308/6338 4096/4186/6187 4246/4357/6399
f 4246/4357/6399 4096/4186/6187 4269/4358/6400
f 4096/4186/6187 4149/4098/6070 4269/4358/6400
f 4149/4098/6070 4171/4213/6221 4269/4358/6400
f 4269/4358/6400 4171/4213/6221 4247/4332/6370
f 4247/4332/6370 4172/4261/6281 4248/4359/6401
f 4172/4261/6281 4097/4165/6161 53/4360/6402
f 4097/4165/6161 64/4187/6188 53/4360/6402
f 64/4187/6188 4173/4262/6282 53/4360/6402
f 4173/4262/6282 4217/4283/6306 53/4360/6402
f 4217/4283/6306 4098/4100/6072 4218/4284/6307
f 4221/4285/6308 4222/4266/6286 4251/4361/6403
f 4222/4266/6286 4223/4311/6341 4251/4361/6403
f 4251/4361/6403 4223/4311/6341 4273/4362/6404
f 4196/4287/6310 4197/4312/6342 4274/4363/6405
f 4130/4219/6227 4131/4290/6313 4103/4196/6197
f 4256/4338/6376 4199/4291/6314 4295/4364/6406
f 4227/4314/6344 4104/4220/6228 4257/4339/6377
f 4105/4198/6199 4155/4243/6258 4257/4339/6377
f 4178/4365/6288 4258/4366/6407 4359/4367/6408
f 4277/4368/6409 4178/4365/6288 4200/4369/6315
f 4178/4268/6288 4106/4200/6201 4200/4292/6315
f 4157/4370/6345 4107/4201/6229 4323/4340/6378
f 4179/4269/6349 4259/4341/6410 4202/4316/6347
f 4260/4317/6350 4109/4176/6175 4278/4371/6411
f 4278/4371/6412 4109/4176/6175 56/4342/6380
f 4203/4294/6413 4204/4295/6414 4279/4372/6415
s 0
f 4230/4320/6416 4205/4321/6416 4206/4296/6416
s 1
f 4231/4345/6385 4115/4224/6238 4182/4272/6292
f 4182/4272/6292 4160/4273/6294 4303/4373/6417
f 4263/4322/6359 4184/4274/6358 4264/4347/6418
f 4264/4347/6388 4186/4249/6389 4280/4374/6419
f 4280/4374/6419 4186/4249/6389 4281/4375/6420
s 0
f 4186/4249/6421 4207/4323/6421 4281/4375/6421
s 1
f 4234/4349/6391 4265/4376/6422 4233/4348/6390
f 60/4297/6323 4138/4227/6241 4234/4349/6391
f 4162/4250/6267 4236/4325/6362 4161/4278/6301
f 4346/4377/6423 4236/4325/6362 4237/4298/6324
f 4237/4298/6324 4187/4228/6242 4282/4378/6424
f 4239/4299/6325 4067/4208/6213 4192/4300/6326
f 4192/4300/6326 4143/4256/6273 4240/4352/6394
f 4285/4379/6425 4240/4352/6426 54/4380/6427
f 4240/4352/6428 4165/4281/6429 4241/4326/6430
f 4286/4381/6431 4242/4301/6432 4243/4302/6433
f 4287/4382/6434 4243/4302/6435 4168/4303/6436
f 4210/4305/6335 4194/4183/6184 57/4353/6395
f 4169/4259/6279 4244/4327/6366 57/4353/6395
f 4211/4260/6280 4212/4354/6396 4288/4383/6437
f 4212/4354/6396 4144/4231/6247 4213/4328/6367
f 4266/4329/6368 4146/4233/6249 4214/4330/6369
f 4215/4306/6336 4170/4235/6251 4289/4384/6438
f 4289/4384/6438 4170/4235/6251 4245/4307/6337
f 4291/12/12 4218/4284/6307 4150/4238/6253
f 50/10/10 4150/4238/6253 4292/4385/6439
f 4292/4385/6439 4150/4238/6253 4270/4333/6371
f 4219/4264/6284 4151/4265/6285 4272/4386/6440
f 4151/4265/6285 4220/4310/6340 4272/4386/6440
f 4253/4335/6373 4252/4336/6374 4293/4387/6441
f 4293/4387/6441 4252/4336/6374 4274/4363/6405
f 4252/4336/6374 4196/4287/6310 4274/4363/6405
f 4274/4363/6405 4197/4312/6342 4294/4388/6442
f 4197/4312/6342 4176/4313/6343 4294/4388/6442
f 4154/4242/6257 4254/4337/6375 4176/4313/6343
f 4198/4288/6311 4103/4196/6197 4254/4337/6375
f 4254/4337/6375 4103/4196/6197 4275/4389/6443
f 4103/4196/6197 4255/4390/6444 4275/4389/6443
f 4103/4196/6197 4131/4290/6313 4255/4390/6444
f 4255/4390/6444 4131/4290/6313 4276/4391/6445
f 4155/4243/6258 4178/4268/6288 4340/4392/6446
f 4258/4366/6407 4178/4365/6288 4277/4368/6409
f 4277/4368/6409 4200/4369/6315 4322/4393/6447
f 4201/4293/6317 4202/4316/6448 4297/4394/6449
s 0
f 4202/4316/6450 4259/4341/6450 4297/4394/6450
s 1
f 4259/4341/6451 4260/4317/6452 4297/4394/6453
f 4260/4317/6452 4278/4371/6454 4297/4394/6455
s 0
f 4278/4371/6456 56/4342/6456 4298/4395/6456
s 1
f 4299/4396/6457 56/4342/6458 4300/4397/6459
f 56/4342/6460 4180/4270/6461 4300/4397/6462
s 0
f 4301/4398/6463 4180/4270/6463 4302/4399/6463
s 1
f 4302/4400/6464 4180/4271/6465 4228/4318/6466
f 4228/4318/6466 4261/4343/6467 4302/4400/6464
s 0
f 4261/4343/6468 4203/4294/6468 4279/4372/6468
s 1
f 4279/4372/6415 4204/4295/6414 4229/4319/6469
f 4229/4319/6470 4230/4320/6471 4206/4296/6472
f 4159/4247/6263 4262/4344/6384 4342/4401/6473
f 4303/4373/6417 4160/4273/6294 4232/4346/6386
f 4264/4347/6474 4280/4374/6475 4325/4402/6476
f 4304/4403/6477 4207/4276/6299 55/4324/6361
f 4233/4348/6390 4265/4376/6422 4305/4404/6478
f 4305/4404/6478 4265/4376/6422 45/4405/6479
f 4187/4228/6242 4188/4279/6302 4282/4378/6424
f 4188/4279/6302 4189/4280/6303 4282/4378/6424
f 4282/4378/6424 4189/4280/6303 4307/4350/6392
f 4308/4406/6480 4307/4350/6392 4164/4252/6269
f 4164/4252/6269 4190/4254/6271 4308/4406/6480
f 4190/4254/6271 4238/4351/6393 4284/4407/6481
f 4366/4408/6482 4192/4300/6326 4240/4352/6394
f 4286/4381/6483 4243/4302/6435 4287/4382/6434
f 4287/4382/6484 4168/4303/6365 4209/4304/6333
f 4310/4409/6485 4244/4327/6366 4211/4260/6280
f 4213/4328/6367 4266/4329/6368 4311/4410/6486
f 4311/4410/6486 4266/4329/6368 4312/4411/6487
f 4267/4355/6397 4147/4234/6250 4215/4306/6336
f 4248/4359/6401 4172/4261/6281 4314/4412/6488
f 53/4360/6402 4217/4283/6306 4315/4413/6489
f 4217/4283/6306 4218/4284/6307 4315/4413/6489
f 4315/4413/6489 4218/4284/6307 4249/4414/6490
f 4291/12/12 4290/4415/6491 4249/4414/6490
f 4249/4414/6490 4218/4284/6307 4291/12/12
f 4291/12/12 52/11/11 4373/4416/6492
f 51/13/13 50/10/10 4292/4385/6439
f 4099/4190/6191 58/4309/6339 4335/4417/6493
f 49/4418/6494 58/4309/6339 4174/4263/6283
f 4374/4419/6495 4219/4264/6284 4272/4386/6440
f 4221/4285/6308 4251/4361/6403 4220/4310/6340
f 4220/4310/6340 4251/4361/6403 4273/4362/6404
f 4273/4362/6404 4223/4311/6341 4318/4420/6496
f 4223/4311/6341 4253/4335/6373 4318/4420/6496
f 4253/4335/6373 4293/4387/6441 4318/4420/6496
f 4294/4388/6442 4176/4313/6343 4254/4337/6375
f 4276/4391/6445 4131/4290/6313 4321/4421/6497
f 4131/4290/6313 4225/4289/6312 4321/4421/6497
f 4225/4289/6312 4226/4197/6198 4177/4267/6287
f 4199/4291/6314 4227/4314/6344 4296/4422/6498
f 4227/4314/6344 4257/4339/6377 4296/4422/6498
f 4340/4423/6446 4178/4365/6288 4359/4367/6408
f 4200/4292/6315 4132/4244/6259 4322/4424/6447
f 4132/4244/6259 4157/4315/6345 4322/4424/6447
f 4201/4293/6317 4297/4394/6449 4323/4340/6378
f 4278/4371/6499 4298/4395/6500 4299/4396/6501
s 0
f 4298/4395/6502 56/4342/6502 4299/4396/6502
s 1
f 4324/4425/6503 4300/4397/6504 4301/4398/6505
f 4300/4397/6504 4180/4270/6506 4301/4398/6505
f 4135/4223/6234 4159/4247/6263 4206/4296/6507
f 4263/4322/6359 4264/4347/6418 4325/4402/6508
f 4280/4374/6475 4281/4375/6509 4325/4402/6476
f 4400/4426/6510 4233/4348/6390 4305/4404/6478
f 4161/4278/6301 4236/4325/6362 4235/4277/6300
f 4346/4377/6423 4237/4298/6324 4282/4378/6424
f 4307/4350/6392 4308/4406/6480 4364/4427/6511
f 4190/4254/6271 4284/4407/6481 4308/4406/6480
f 4238/4351/6393 4191/4255/6272 4329/4428/6512
f 4239/4299/6325 4192/4300/6326 4348/4429/6513
f 4240/4352/6426 4241/4326/6514 54/4380/6427
f 54/4380/6515 4241/4326/6516 4309/4430/6517
f 4241/4326/6516 4242/4301/6518 4309/4430/6517
f 4309/4430/6519 4242/4301/6432 4286/4381/6431
f 4209/4304/6333 4210/4305/6335 4331/4431/6520
f 4210/4305/6335 57/4353/6395 4331/4431/6520
f 4268/4356/6398 4148/4237/6252 4332/4432/6521
f 4148/4237/6252 4216/4308/6338 4332/4432/6521
f 4372/4433/6522 4313/4434/6523 4248/4359/6401
f 4314/4412/6488 4172/4261/6281 4334/4435/6524
f 4172/4261/6281 53/4360/6402 4334/4435/6524
f 4150/4238/6253 50/10/10 4291/12/12
f 4270/4333/6371 4099/4190/6191 4335/4417/6493
f 58/4309/6339 49/4418/6494 4335/4417/6493
f 49/4418/6494 4174/4263/6283 4336/4436/6525
f 4174/4263/6283 4271/4334/6372 4336/4436/6525
f 4271/4334/6372 4219/4264/6284 4374/4419/6495
f 4220/4310/6340 4273/4362/6404 4317/4437/6526
f 4317/4437/6526 4273/4362/6404 4318/4420/6496
f 4293/4387/6441 4274/4363/6405 4337/4438/6527
f 4274/4363/6405 4294/4388/6442 4337/4438/6527
f 4294/4388/6442 4254/4337/6375 4275/4389/6443
f 4275/4389/6443 4255/4390/6444 4338/4439/6528
f 4255/4390/6444 4276/4391/6445 4338/4439/6528
f 4225/4289/6312 4177/4267/6287 48/4440/6529
f 4177/4267/6287 4256/4338/6376 48/4440/6529
f 4155/4243/6258 4340/4392/6446 4257/4339/6377
f 4323/4340/6378 4297/4394/6449 4324/4425/6503
f 4299/4396/6530 4300/4397/6504 4324/4425/6503
f 4261/4343/6467 4279/4372/6531 4302/4400/6464
f 4229/4319/6470 4206/4296/6507 4159/4247/6263
f 4232/4346/6386 4263/4322/6387 4344/4441/6532
f 4263/4322/6387 4325/4402/6533 4344/4441/6532
f 4281/4375/6534 4207/4323/6535 4326/4442/6536
f 4207/4276/6299 4304/4403/6477 4326/4443/6537
f 4304/4403/6477 55/4324/6361 4326/4443/6537
f 4234/4349/6391 4327/4444/6538 4265/4376/6422
f 4234/4349/6391 4138/4227/6241 4327/4444/6538
f 4327/4444/6538 4138/4227/6241 4235/4277/6300
f 4235/4277/6300 4236/4325/6362 4345/4445/6539
f 4236/4325/6362 4346/4377/6423 4345/4445/6539
f 4346/4377/6423 4282/4378/6424 4328/4446/6540
f 4328/4446/6540 4282/4378/6424 4307/4350/6392
f 4329/4428/6512 4191/4255/6272 4239/4299/6325
f 4366/4408/6482 4240/4352/6394 4330/4447/6541
f 4349/4448/6542 4330/4447/6543 4285/4379/6544
f 4330/4447/6543 4240/4352/6545 4285/4379/6544
f 4285/4379/6546 54/4380/6515 4309/4430/6517
f 4287/4382/6484 4209/4304/6333 4331/4431/6520
f 4331/4431/6520 57/4353/6395 4367/4449/6547
f 4212/4354/6396 4213/4328/6367 4311/4410/6486
f 4312/4411/6487 4266/4329/6368 4214/4330/6369
f 4333/4450/6548 4216/4308/6338 4246/4357/6399
f 4352/4451/6549 4246/4357/6399 4269/4358/6400
f 4247/4332/6370 4313/4434/6523 4269/4358/6400
f 4247/4332/6370 4248/4359/6401 4313/4434/6523
f 4334/4435/6524 53/4360/6402 4315/4413/6489
f 4315/4413/6489 4249/4414/6490 4354/4452/6550
f 4249/4414/6490 4290/4415/6491 4354/4452/6550
f 4336/4436/6525 4271/4334/6372 4374/4419/6495
f 4272/4386/6440 4220/4310/6340 4317/4437/6526
f 4317/4437/6526 4318/4420/6496 4355/4453/6551
f 4355/4453/6551 4318/4420/6496 4356/4454/6552
f 4318/4420/6496 4293/4387/6441 4356/4454/6552
f 4337/4438/6527 4294/4388/6442 4275/4389/6443
f 4357/4455/6553 4275/4389/6443 4338/4439/6528
f 4338/4439/6528 4276/4391/6445 4376/4456/6554
f 4276/4391/6445 4321/4421/6497 4376/4456/6554
f 4321/4421/6497 4225/4289/6312 48/4440/6529
f 4295/4364/6406 4199/4291/6314 4296/4422/6498
f 4340/4423/6446 4359/4367/6408 4391/4457/6555
f 4359/4367/6408 4258/4366/6407 4360/4458/6556
f 4361/4459/6557 4258/4366/6407 4341/4460/6558
f 4322/4393/6447 4157/4370/6345 4414/4461/6559
f 4157/4370/6345 4323/4340/6378 4414/4461/6559
f 4324/4425/6503 4297/4394/6449 4278/4371/6499
f 4278/4371/6499 4299/4396/6530 4324/4425/6503
f 4279/4372/6560 4229/4319/6470 4342/4401/6473
f 4229/4319/6470 4159/4247/6263 4342/4401/6473
f 4231/4345/6385 4182/4272/6292 4381/4462/6561
f 4182/4272/6292 4303/4373/6417 4381/4462/6561
f 4344/4441/6532 4325/4402/6533 4450/4463/6562
s 0
f 4325/4402/6563 4281/4375/6563 4450/4463/6563
s 1
f 4326/4443/6537 55/4324/6361 4382/4464/6564
f 45/4405/6479 4265/4376/6422 4306/4465/6565
f 4306/4465/6565 4265/4376/6422 4327/4444/6538
f 4363/4466/6566 4346/4377/6423 4328/4446/6540
f 4284/4407/6481 4238/4351/6393 4347/4467/6567
f 4239/4299/6325 4348/4429/6513 4329/4428/6512
f 4285/4379/6568 4309/4430/6519 4350/4468/6569
f 4350/4468/6569 4309/4430/6519 4286/4381/6431
f 4367/4449/6547 57/4353/6395 4244/4327/6366
f 4211/4260/6280 4288/4383/6437 4310/4409/6485
f 4212/4354/6396 4351/4469/6570 4288/4383/6437
f 4371/4470/6571 4289/4384/6438 4268/4471/6398
f 4289/4384/6438 4245/4307/6337 4268/4471/6398
f 4332/4432/6521 4216/4308/6338 4333/4450/6548
f 4248/4359/6401 4314/4412/6488 4353/4472/6572
f 4272/4386/6440 4317/4437/6526 4375/4473/6573
f 4376/4456/6554 4321/4421/6497 48/4440/6529
f 48/4440/6529 4256/4338/6376 47/4474/6574
f 4256/4338/6376 4358/4475/6575 47/4474/6574
f 4256/4338/6376 4295/4364/6406 4358/4475/6575
f 4296/4422/6498 4257/4339/6377 4378/4476/6576
f 4391/4457/6555 4359/4367/6408 4379/4477/6577
f 4258/4366/6407 4361/4459/6557 4360/4458/6556
f 4258/4366/6407 4277/4368/6409 4341/4460/6558
f 4341/4460/6558 4277/4368/6409 4380/4478/6578
f 4323/4340/6378 4324/4425/6503 4392/4479/6579
f 4302/4400/6580 4279/4372/6560 4342/4401/6473
s 0
f 4281/4375/6581 4397/4480/6581 4450/4463/6581
s 1
f 55/4324/6361 4233/4348/6390 4382/4464/6564
f 4235/4277/6300 4345/4445/6539 4327/4444/6538
f 4327/4444/6538 4345/4445/6539 4402/4481/6582
f 4345/4445/6539 4346/4377/6423 4363/4466/6566
f 4328/4446/6540 4307/4350/6392 4364/4427/6511
f 4347/4467/6567 4238/4351/6393 4365/4482/6583
f 4365/4482/6583 4238/4351/6393 4329/4428/6512
f 4329/4428/6512 4348/4429/6513 46/4483/6584
f 4348/4429/6513 4192/4300/6326 4366/4408/6482
f 4349/4448/6585 4285/4379/6568 4385/4484/6586
f 4385/4484/6586 4285/4379/6568 4350/4468/6569
f 4212/4354/6396 4386/4485/6587 4351/4469/6570
f 4212/4354/6396 4311/4410/6486 4386/4485/6587
f 4386/4485/6587 4311/4410/6486 4312/4411/6487
f 4312/4411/6487 4214/4330/6369 4369/4486/6588
f 4422/4487/6589 4214/4330/6369 4370/4488/6590
f 4214/4330/6369 4267/4355/6397 4370/4488/6590
f 4267/4355/6397 4215/4306/6336 4370/4488/6590
f 4215/4306/6336 4289/4384/6438 4371/4470/6571
f 4333/4450/6548 4246/4357/6399 4409/4489/6591
f 4409/4489/6591 4246/4357/6399 4352/4451/6549
f 4269/4358/6400 4313/4434/6523 4352/4451/6549
f 4372/4433/6522 4248/4359/6401 4353/4472/6572
f 4290/4415/6491 4291/12/12 4373/4416/6492
f 4374/4419/6495 4272/4386/6440 4375/4473/6573
f 4375/4473/6573 4317/4437/6526 4355/4453/6551
f 4356/4454/6552 4293/4387/6441 4389/4490/6592
f 4293/4387/6441 4337/4438/6527 4389/4490/6592
f 4389/4490/6592 4337/4438/6527 4357/4455/6553
f 4337/4438/6527 4275/4389/6443 4357/4455/6553
f 4357/4455/6553 4338/4439/6528 4390/4491/6593
f 4390/4491/6593 4338/4439/6528 4376/4456/6554
f 4376/4456/6554 48/4440/6529 47/4474/6574
f 4377/4492/6594 4295/4364/6406 4296/4422/6498
f 4324/4425/6503 4301/4398/6505 4302/4399/6580
f 4302/4400/6580 4342/4401/6473 4393/4493/6595
f 4342/4401/6473 4262/4344/6384 4393/4493/6595
f 4262/4344/6384 4231/4345/6385 4394/4494/6596
f 4395/4495/6597 4381/4462/6561 4303/4373/6417
f 4396/4496/6598 4303/4373/6417 4232/4346/6386
f 4326/4442/6536 4382/4497/6599 4281/4375/6534
f 4233/4348/6390 4400/4426/6510 4398/4498/6600
f 4493/4499/6601 4305/4404/6478 45/4405/6479
f 45/4405/6479 44/4500/6602 4437/4501/6603
f 4345/4445/6539 4363/4466/6566 4402/4481/6582
f 4453/4502/6604 4402/4481/6582 4363/4466/6566
f 4363/4466/6566 4328/4446/6540 4403/4503/6605
f 4308/4406/6480 4284/4407/6481 4347/4467/6567
f 4347/4467/6567 4365/4482/6583 4404/4504/6606
f 4366/4408/6482 4384/4505/6607 4348/4429/6513
f 4366/4408/6482 4330/4447/6541 4420/4506/6608
f 4330/4447/6609 4349/4448/6585 4406/4507/6610
f 4406/4507/6610 4349/4448/6585 4385/4484/6586
f 4407/4508/6611 4350/4468/6612 4286/4381/6613
f 4286/4381/6613 4287/4382/6484 4407/4508/6611
f 4287/4382/6484 4331/4431/6520 4367/4449/6547
f 4367/4449/6547 4244/4327/6366 4442/4509/6614
f 4244/4327/6366 4310/4409/6485 4442/4509/6614
f 4310/4409/6485 4288/4383/6437 4408/4510/6615
f 4369/4486/6588 4214/4330/6369 4422/4487/6589
f 4370/4488/6590 4215/4306/6336 4371/4470/6571
f 4314/4412/6488 4334/4435/6524 4423/4511/6616
f 4336/4436/6525 4374/4419/6495 4375/4473/6573
f 4336/4436/6525 4375/4473/6573 4411/4512/6617
f 4375/4473/6573 4355/4453/6551 4388/4513/6618
f 4355/4453/6551 4356/4454/6552 4388/4513/6618
f 4389/4490/6592 4357/4455/6553 4390/4491/6593
f 4390/4491/6593 4376/4456/6554 47/4474/6574
f 4257/4339/6377 4340/4392/6446 4378/4476/6576
f 4340/4423/6446 4391/4457/6555 4378/4514/6576
f 4378/4514/6576 4391/4457/6555 4412/4515/6619
f 4379/4477/6577 4359/4367/6408 4429/4516/6620
f 4359/4367/6408 4360/4458/6556 4429/4516/6620
f 4413/4517/6621 4341/4460/6558 4380/4478/6578
f 4380/4478/6578 4277/4368/6409 4322/4393/6447
f 4414/4461/6559 4323/4340/6378 4433/4518/6622
f 4324/4425/6503 4302/4399/6580 4392/4479/6579
f 4302/4399/6580 4393/4519/6595 4392/4479/6579
f 4393/4493/6595 4262/4344/6384 4394/4494/6596
f 4394/4494/6596 4231/4345/6385 4381/4462/6561
s 0
f 4397/4480/6623 4281/4375/6623 4415/4520/6623
s 1
f 4415/4520/6624 4281/4375/6534 4382/4497/6599
f 4434/4521/6625 4382/4497/6599 4398/4522/6626
f 4382/4464/6564 4233/4348/6390 4398/4498/6600
f 4398/4498/6600 4400/4426/6510 43/4523/6627
s 0
f 42/4524/6628 43/4525/6628 4436/4526/6628
s 1
f 43/4523/6627 4400/4426/6510 4436/4527/6629
f 4493/4499/6601 45/4405/6479 4401/4528/6630
f 4306/4465/6565 4327/4444/6538 4402/4481/6582
f 4453/4502/6604 4363/4466/6566 4403/4503/6605
f 4328/4446/6540 4364/4427/6511 4403/4503/6605
f 4308/4406/6480 4347/4467/6567 4364/4427/6511
f 4364/4427/6511 4347/4467/6567 4404/4504/6606
f 4365/4482/6583 4329/4428/6512 4417/4529/6631
f 4329/4428/6512 46/4483/6584 4417/4529/6631
f 46/4483/6584 4348/4429/6513 4384/4505/6607
f 4418/4530/6632 41/4531/6633 4384/4505/6607
f 4384/4505/6607 4366/4408/6482 4419/4532/6634
f 4419/4532/6634 4366/4408/6482 4420/4506/6608
f 4459/4533/6635 4406/4507/6610 4385/4484/6586
f 4407/4508/6611 4287/4382/6484 4367/4449/6547
f 4371/4470/6571 4268/4471/6398 4479/4534/6636
f 4268/4356/6398 4332/4432/6521 4479/4535/6636
f 4333/4450/6548 4409/4489/6591 40/4536/6637
f 4409/4489/6591 4352/4451/6549 36/4537/6638
f 4372/4433/6522 38/4538/6639 4443/4539/6640
f 4334/4435/6524 4315/4413/6489 4423/4511/6616
f 4315/4413/6489 4354/4452/6550 4423/4511/6616
f 4354/4452/6550 4424/4540/6641 4423/4511/6616
f 4354/4452/6550 4290/4415/6491 4424/4540/6641
f 4270/4333/6371 4335/4417/6493 4464/4541/6642
f 4335/4417/6493 49/4418/6494 39/4542/6643
f 49/4418/6494 4336/4436/6525 39/4542/6643
f 4411/4512/6617 4375/4473/6573 4388/4513/6618
f 4388/4513/6618 4356/4454/6552 4447/4543/6644
f 4356/4454/6552 4389/4490/6592 4447/4543/6644
f 47/4474/6574 4425/4544/6645 4390/4491/6593
f 4426/4545/6646 47/4474/6574 4358/4475/6575
f 4358/4475/6575 4295/4364/6406 4377/4492/6594
f 4377/4546/6594 4428/4547/6647 4427/4548/6648
f 4377/4492/6594 4296/4422/6498 4378/4476/6576
f 4391/4457/6555 4379/4477/6577 4472/4549/6649
f 4360/4458/6556 4361/4459/6557 4430/4550/6650
f 4432/4551/6651 4413/4517/6621 4380/4478/6578
f 4433/4518/6622 4323/4340/6378 4392/4479/6579
f 4395/4495/6597 4303/4373/6417 4396/4496/6598
f 4396/4496/6598 4232/4346/6386 4489/4552/6652
f 4416/4553/6653 4398/4522/6654 43/4525/6655
f 4416/4553/6656 42/4524/6657 4435/4554/6658
f 4400/4426/6510 4305/4404/6478 4436/4527/6629
f 4401/4528/6630 45/4405/6479 4437/4501/6603
f 4437/4501/6603 44/4500/6602 37/4555/6659
f 45/4405/6479 4306/4465/6565 44/4500/6602
f 4453/4502/6604 4403/4503/6605 4440/4556/6660
f 4364/4427/6511 4404/4504/6606 4403/4503/6605
f 4404/4504/6606 4365/4482/6583 4457/4557/6661
f 46/4483/6584 4384/4505/6607 41/4531/6633
f 4418/4530/6632 4384/4505/6607 4419/4532/6634
f 4420/4506/6662 4330/4447/6609 4406/4507/6610
f 4385/4484/6663 4350/4468/6612 4407/4508/6611
f 4442/4509/6614 4310/4409/6485 4408/4510/6615
f 4288/4383/6437 4351/4469/6570 4461/4558/6664
f 4312/4411/6487 4369/4486/6588 4421/4559/6665
f 4462/4560/6666 4370/4488/6590 4371/4470/6571
f 4313/4434/6523 4372/4433/6522 4352/4451/6549
f 4353/4472/6572 4314/4412/6488 4423/4511/6616
f 4290/4415/6491 4373/4416/6492 4424/4540/6641
f 4464/4541/6642 4335/4417/6493 39/4542/6643
f 4389/4490/6592 4390/4491/6593 4447/4543/6644
f 4447/4543/6644 4390/4491/6593 4448/4561/6667
f 4390/4491/6593 4425/4544/6645 4448/4561/6667
f 4425/4544/6645 47/4474/6574 4426/4545/6646
f 4358/4475/6575 4377/4492/6594 4426/4545/6646
f 4428/4547/6647 4377/4546/6594 4412/4515/6619
f 4377/4546/6594 4378/4514/6576 4412/4515/6619
f 4428/4547/6647 4412/4515/6619 4472/4549/6649
f 4412/4515/6619 4391/4457/6555 4472/4549/6649
f 4429/4516/6620 4360/4458/6556 4430/4550/6650
f 4361/4459/6557 4341/4460/6558 4413/4517/6621
f 4380/4478/6578 4322/4393/6447 4414/4461/6559
f 4232/4346/6386 4344/4441/6532 4489/4552/6652
f 4489/4552/6652 4344/4441/6532 4490/4562/6668
f 4344/4441/6532 4450/4463/6669 4490/4562/6668
f 4397/4480/6670 4415/4520/6671 4450/4463/6672
f 4415/4520/6624 4382/4497/6599 4451/4563/6673
f 4382/4497/6599 4434/4521/6625 4451/4563/6673
s 0
f 43/4525/6674 42/4524/6674 4416/4553/6674
s 1
f 4473/4564/6675 4416/4553/6676 4435/4554/6677
f 4435/4554/6658 42/4524/6657 4436/4526/6678
f 37/4555/6659 44/4500/6602 4438/4565/6679
f 44/4500/6602 4306/4465/6565 4402/4481/6582
f 4440/4556/6660 4403/4503/6605 4404/4504/6606
f 4404/4504/6606 4457/4557/6661 4440/4556/6660
f 4455/4566/6680 4454/4567/6681 4456/4568/6682
f 46/4483/6584 41/4531/6633 4458/4569/6683
f 41/4531/6633 4418/4530/6632 4497/4570/6684
f 4419/4532/6685 4420/4506/6662 4441/4571/6686
f 4420/4506/6662 4406/4507/6610 4459/4533/6635
f 4460/4572/6687 4459/4533/6688 4385/4484/6689
f 4421/4559/6665 4351/4469/6570 4386/4485/6587
f 4312/4411/6487 4421/4559/6665 4386/4485/6587
f 4422/4487/6589 4370/4488/6590 4462/4560/6666
f 4332/4432/6521 4333/4450/6548 40/4536/6637
f 36/4537/6638 4352/4451/6549 4372/4433/6522
f 4503/4573/6690 4554/4574/6691 4373/4416/6492
f 4463/4575/6692 52/11/11 51/13/13
f 4466/4576/6693 39/4542/6643 4336/4436/6525
f 4336/4436/6525 4411/4512/6617 4466/4576/6693
f 4411/4512/6617 4388/4513/6618 4446/4577/6694
f 4467/4578/6695 4468/4579/6696 4469/4580/6697
f 4425/4544/6645 4426/4545/6646 4449/4581/6698
f 4449/4582/6698 4426/4583/6646 4484/4584/6699
f 4377/4546/6594 4427/4548/6648 4426/4585/6646
f 4379/4477/6577 4429/4516/6620 4486/4586/6700
f 4380/4478/6578 4414/4461/6559 4432/4551/6651
f 4432/4551/6651 4414/4461/6559 4433/4518/6622
f 4450/4463/6701 4415/4520/6702 4451/4563/6703
f 4451/4563/6673 4434/4521/6625 4416/4553/6653
f 4434/4521/6625 4398/4522/6626 4416/4553/6653
f 4473/4564/6704 4435/4554/6705 4527/4587/6706
f 4435/4554/6707 4436/4526/6678 4452/4588/6708
f 4436/4527/6629 4305/4404/6478 4452/4589/6709
f 44/4500/6602 4402/4481/6582 4438/4565/6679
f 4402/4481/6582 4453/4502/6604 4438/4565/6679
f 4440/4556/6660 4457/4557/6661 4455/4566/6680
f 4457/4557/6661 4454/4567/6681 4455/4566/6680
f 4417/4529/6631 46/4483/6584 4494/4590/6710
f 4494/4590/6710 46/4483/6584 4458/4569/6683
f 4494/4590/6710 4458/4569/6683 4474/4591/6711
f 4418/4530/6712 4419/4532/6685 4476/4592/6713
f 4420/4506/6662 4459/4533/6635 4441/4571/6686
f 4407/4508/6611 4367/4449/6547 4442/4509/6614
f 4408/4510/6615 4288/4383/6437 4461/4558/6664
f 4477/4593/6714 4351/4469/6570 4421/4559/6665
f 4462/4560/6666 4371/4470/6571 4479/4534/6636
f 4332/4432/6521 40/4536/6637 4479/4535/6636
f 36/4537/6638 4372/4433/6522 4443/4539/6640
f 4372/4433/6522 4353/4472/6572 38/4538/6639
f 4444/4594/6715 38/4538/6639 4445/4595/6716
f 4424/4540/6641 4373/4416/6492 4554/4574/6691
f 4503/4573/6690 52/11/11 4463/4575/6692
f 4466/4576/6693 4411/4512/6617 4468/4579/6696
f 4468/4579/6696 4411/4512/6617 4446/4577/6694
f 4446/4577/6694 4469/4580/6697 4468/4579/6696
f 4467/4578/6695 4469/4580/6697 4471/4596/6717
f 4446/4577/6694 4388/4513/6618 4482/4597/6718
f 4388/4513/6618 4447/4543/6644 4482/4597/6718
f 4482/4597/6718 4447/4543/6644 4448/4561/6667
f 4448/4561/6667 4425/4544/6645 4483/4598/6719
f 4425/4544/6645 4449/4581/6698 4483/4598/6719
f 4426/4583/6646 35/4599/6720 4484/4584/6699
f 35/4600/6720 4426/4585/6646 4427/4548/6648
f 4427/4548/6648 4428/4547/6647 4485/4601/6721
f 4379/4477/6577 4486/4586/6700 4472/4549/6649
f 4413/4517/6621 4432/4551/6651 4539/4602/6722
f 4392/4479/6579 4393/4519/6595 4433/4518/6622
f 4381/4462/6561 4395/4495/6597 4488/4603/6723
f 4451/4563/6724 4416/4553/6676 4473/4564/6675
f 4473/4564/6725 4527/4587/6726 4491/4604/6727
f 4305/4404/6478 4493/4499/6601 4452/4589/6709
f 4452/4589/6709 4493/4499/6601 4492/4605/6728
f 4492/4605/6728 4493/4499/6601 4529/4606/6729
f 4401/4528/6630 4437/4501/6603 4530/4607/6730
f 4454/4567/6681 4457/4557/6661 4417/4529/6631
f 4457/4557/6661 4365/4482/6583 4417/4529/6631
f 4458/4569/6683 41/4531/6633 4496/4608/6731
f 4496/4608/6731 41/4531/6633 4475/4609/6732
f 4475/4609/6732 41/4531/6633 4517/4610/6733
f 4517/4610/6733 41/4531/6633 4497/4570/6734
f 4498/4611/6735 4418/4530/6712 4476/4592/6713
f 4441/4571/6686 4459/4533/6635 4476/4592/6713
f 4476/4592/6736 4459/4533/6688 4460/4572/6687
f 4385/4484/6663 4407/4508/6611 4460/4572/6737
f 4461/4558/6664 4351/4469/6570 4499/4612/6738
f 4499/4612/6738 4351/4469/6570 4477/4593/6714
f 4477/4593/6714 4421/4559/6665 4369/4486/6588
f 40/4536/6637 4522/4613/6739 4479/4535/6636
f 40/4536/6637 4409/4489/6591 4523/4614/6740
f 4409/4489/6591 36/4537/6638 4523/4614/6740
f 4523/4614/6740 36/4537/6638 4501/4615/6741
f 4501/4615/6741 36/4537/6638 4443/4539/6640
f 38/4538/6639 4353/4472/6572 4423/4511/6616
f 4423/4511/6616 4424/4540/6641 4502/4616/6742
f 4555/4617/6743 51/13/13 4292/4385/6439
f 4270/4333/6371 4464/4541/6642 4292/4385/6439
f 4464/4541/6642 39/4542/6643 4465/4618/6744
f 4465/4618/6744 39/4542/6643 4480/4619/6745
f 39/4542/6643 4466/4576/6693 4480/4619/6745
f 4482/4597/6718 4448/4561/6667 4483/4598/6719
f 4428/4547/6647 4505/4620/6746 4485/4601/6721
f 4505/4620/6746 4428/4547/6647 4472/4549/6649
f 4430/4550/6650 4361/4459/6557 4487/4621/6747
f 4487/4621/6747 4361/4459/6557 4508/4622/6748
f 4361/4459/6557 4413/4517/6621 4508/4622/6748
f 4508/4622/6748 4413/4517/6621 4539/4602/6722
f 4432/4551/6651 4433/4518/6622 4510/4623/6749
f 4393/4493/6595 4394/4494/6596 4511/4624/6750
f 4450/4463/6669 4451/4563/6751 4490/4562/6668
f 4491/4604/6727 4527/4587/6726 4576/4625/6752
f 4492/4605/6753 4529/4606/6754 4512/4626/6755
f 4493/4499/6601 4401/4528/6630 4513/4627/6756
f 4401/4528/6630 4530/4607/6730 4513/4627/6756
f 4438/4565/6679 4453/4502/6604 4514/4628/6757
f 4453/4502/6604 4440/4556/6660 4514/4628/6757
f 4440/4556/6660 4455/4566/6680 4514/4628/6757
f 4515/4629/6758 4474/4591/6711 4495/4630/6759
f 4474/4591/6711 4458/4569/6683 4495/4630/6759
f 4516/4631/6760 4475/4609/6761 4517/4610/6762
f 4497/4570/6763 4418/4530/6712 4498/4611/6735
f 4419/4532/6685 4441/4571/6686 4476/4592/6713
f 4476/4592/6736 4460/4572/6687 4519/4632/6764
f 4520/4633/6765 4407/4508/6611 4442/4509/6614
f 4442/4509/6614 4408/4510/6615 4521/4634/6766
f 4477/4593/6714 4369/4486/6588 4500/4635/6767
f 4500/4635/6767 4369/4486/6588 4422/4487/6589
f 38/4538/6639 4444/4594/6715 4443/4539/6640
f 38/4538/6639 4423/4511/6616 4445/4595/6716
f 4373/4416/6492 52/11/11 4503/4573/6690
f 4292/4385/6439 4464/4541/6642 4555/4617/6743
f 4468/4579/6696 4467/4578/6695 4466/4576/6693
f 4467/4578/6695 4471/4596/6717 4470/4636/6768
f 33/4637/6769 4471/4596/6717 4524/4638/6770
f 4524/4638/6770 4471/4596/6717 4469/4580/6697
f 4469/4580/6697 4446/4577/6694 4482/4597/6718
f 4449/4582/6698 4484/4584/6699 4525/4639/6771
f 4484/4584/6699 35/4599/6720 4525/4639/6771
f 4540/4640/6772 4539/4602/6722 4432/4551/6651
f 4394/4494/6596 4381/4462/6561 4488/4603/6723
f 4488/4603/6723 4395/4495/6597 4396/4496/6598
f 4451/4563/6751 4491/4604/6727 4490/4562/6668
f 4527/4587/6706 4435/4554/6705 4528/4641/6773
f 4435/4554/6707 4452/4588/6708 4528/4641/6774
f 4452/4589/6775 4542/4642/6776 4528/4643/6777
f 4542/4642/6776 4452/4589/6775 4492/4605/6753
f 4493/4499/6601 4513/4627/6756 4529/4606/6729
f 4529/4606/6729 4513/4627/6756 4563/4644/6778
f 4530/4607/6730 4437/4501/6603 4532/4645/6779
f 4437/4501/6603 37/4555/6659 4532/4645/6779
f 37/4555/6659 4438/4565/6679 4514/4628/6757
f 4514/4628/6757 4455/4566/6680 4533/4646/6780
f 4456/4568/6682 4454/4567/6681 34/4647/6781
f 4454/4567/6681 4417/4529/6631 34/4647/6781
f 34/4647/6781 4417/4529/6631 4494/4590/6710
f 4549/4648/6782 4474/4591/6711 4536/4649/6783
f 4495/4630/6759 4458/4569/6683 4496/4608/6731
f 4496/4608/6784 4475/4609/6761 4516/4631/6760
f 4517/4610/6785 4497/4570/6763 4518/4650/6786
f 4518/4650/6786 4497/4570/6763 4498/4611/6735
f 4498/4611/6787 4476/4592/6736 4519/4632/6764
f 4500/4635/6767 4422/4487/6589 4462/4560/6666
f 4462/4560/6666 4479/4534/6636 4538/4651/6788
f 4423/4511/6616 4502/4616/6742 4445/4595/6716
f 4467/4578/6695 4470/4636/6768 4466/4576/6693
f 4524/4638/6770 4469/4580/6697 4482/4597/6718
f 4427/4548/6648 4485/4601/6721 35/4600/6720
f 4505/4620/6746 4472/4549/6649 4486/4586/6700
f 4540/4640/6772 4432/4551/6651 4510/4623/6749
f 4510/4623/6749 4433/4518/6622 4393/4519/6595
f 4526/4652/6789 4396/4496/6598 4489/4552/6652
f 4451/4563/6751 4473/4564/6725 4491/4604/6727
f 4492/4605/6753 4512/4626/6755 4542/4642/6776
f 4542/4642/6776 4512/4626/6755 4543/4653/6790
f 4512/4626/6755 4544/4654/6791 4543/4653/6790
f 4544/4654/6791 4512/4626/6755 4529/4606/6792
f 30/4655/6793 4513/4627/6756 4530/4607/6730
f 4545/4656/6794 4530/4607/6730 4578/4657/6795
f 4532/4645/6779 37/4555/6659 4546/4658/6796
f 37/4555/6659 4514/4628/6757 4547/4659/6797
f 4514/4628/6757 4533/4646/6780 4547/4659/6797
f 4534/4660/6798 4455/4566/6680 4456/4568/6682
f 4564/4661/6799 4456/4568/6682 34/4647/6781
f 34/4647/6781 4494/4590/6710 4535/4662/6800
f 4548/4663/6801 4494/4590/6710 4474/4591/6711
f 4516/4631/6802 4517/4610/6785 4518/4650/6786
f 4460/4572/6737 4407/4508/6611 4519/4632/6803
f 4519/4632/6803 4407/4508/6611 4520/4633/6765
f 4520/4633/6765 4442/4509/6614 4521/4634/6766
f 4521/4634/6766 4408/4510/6615 4461/4558/6664
f 4500/4635/6767 4462/4560/6666 4538/4651/6788
f 4538/4664/6788 4479/4535/6636 4551/4665/6804
f 4479/4535/6636 4522/4613/6739 4551/4665/6804
f 4552/4666/6805 4522/4613/6739 4523/4614/6740
f 4522/4613/6739 40/4536/6637 4523/4614/6740
f 4502/4616/6742 4424/4540/6641 4554/4574/6691
f 4503/4573/6690 32/4667/6806 4554/4574/6691
f 4597/4668/6807 32/4667/6806 4503/4573/6690
f 4464/4541/6642 4465/4618/6744 4555/4617/6743
f 4466/4576/6693 4470/4636/6768 4480/4619/6745
f 4482/4669/6718 4483/4670/6719 4525/4639/6771
f 4483/4670/6719 4449/4582/6698 4525/4639/6771
f 4525/4639/6771 35/4599/6720 4557/4671/6808
f 35/4600/6720 4485/4601/6721 4558/4672/6809
f 4558/4672/6809 4485/4601/6721 4505/4620/6746
f 4505/4620/6746 4486/4586/6700 4559/4673/6810
f 4559/4673/6810 4486/4586/6700 4560/4674/6811
f 4486/4586/6700 4429/4516/6620 4560/4674/6811
f 4560/4674/6811 4429/4516/6620 4430/4550/6650
f 4574/4675/6812 4487/4621/6747 4508/4622/6748
f 4508/4622/6748 4539/4602/6722 4574/4675/6812
f 4587/4676/6813 4562/4677/6814 4540/4640/6772
f 4510/4623/6749 4393/4519/6595 4511/4678/6750
f 31/4679/6815 4511/4624/6750 4488/4603/6723
f 4511/4624/6750 4394/4494/6596 4488/4603/6723
f 4526/4652/6789 4488/4603/6723 4396/4496/6598
f 4526/4652/6789 4489/4552/6652 4541/4680/6816
f 4489/4552/6652 4490/4562/6668 4541/4680/6816
f 4575/4681/6817 4491/4604/6727 4576/4625/6752
f 4563/4644/6778 4513/4627/6756 30/4655/6793
s 0
f 30/4655/6818 4530/4607/6818 4545/4656/6818
s 1
f 4545/4656/6819 4578/4657/6820 4606/4682/6821
f 4546/4658/6796 37/4555/6659 4547/4659/6797
f 4533/4646/6780 4455/4566/6680 4534/4660/6798
f 4565/4683/6822 4564/4661/6799 4535/4662/6800
f 4564/4661/6799 34/4647/6781 4535/4662/6800
f 4535/4662/6800 4494/4590/6710 4548/4663/6801
f 4548/4663/6801 4474/4591/6711 4549/4648/6782
f 4536/4649/6783 4474/4591/6711 4515/4629/6758
f 4515/4629/6823 4495/4630/6824 4566/4684/6825
f 4495/4630/6824 4496/4608/6784 4566/4684/6825
f 4566/4684/6825 4496/4608/6784 4567/4685/6826
f 4496/4608/6784 4516/4631/6760 4567/4685/6826
f 4567/4685/6826 4516/4631/6760 4568/4686/6827
f 4516/4631/6760 4518/4650/6828 4568/4686/6827
f 4568/4686/6827 4518/4650/6828 4498/4611/6829
f 4523/4614/6740 4501/4615/6741 4552/4666/6805
f 4570/4/4 32/4667/6806 4597/4668/6807
f 4463/4575/6692 51/13/13 4555/4617/6743
f 4470/4636/6768 29/4687/6830 4480/4619/6745
f 4470/4636/6768 4471/4596/6717 33/4637/6769
f 4524/4688/6770 4482/4669/6718 4525/4639/6771
f 4556/4689/6831 4525/4639/6771 4573/4690/6832
f 4573/4690/6832 4525/4639/6771 4557/4671/6808
f 35/4599/6720 4558/4691/6809 4557/4671/6808
f 4561/4692/6833 4487/4621/6747 4574/4675/6812
f 4539/4602/6722 4540/4640/6772 4562/4677/6814
f 4576/4625/6752 4527/4587/6726 4528/4641/6834
s 0
f 4528/4643/6835 4542/4642/6835 4543/4653/6835
s 1
f 4529/4606/6792 4563/4644/6836 4544/4654/6791
f 4577/4693/6837 4563/4644/6836 30/4655/6838
f 4577/4693/6837 30/4655/6838 4545/4656/6819
f 4530/4607/6730 4532/4645/6779 4578/4657/6795
f 4579/4694/6839 4547/4659/6797 4534/4660/6798
f 4547/4659/6797 4533/4646/6780 4534/4660/6798
f 4534/4660/6798 4456/4568/6682 4592/4695/6840
f 4456/4568/6682 4564/4661/6799 4580/4696/6841
f 4515/4629/6823 4566/4684/6825 4536/4649/6842
f 4550/4697/6843 4477/4593/6714 4500/4635/6767
f 28/4698/6844 4552/4666/6805 4501/4615/6741
f 4553/4699/6845 4501/4615/6741 4443/4539/6640
f 4502/4616/6742 4554/4574/6691 4569/4700/6846
f 4463/4575/6692 4571/4701/6847 4503/4573/6690
f 4572/4702/6848 4463/4575/6692 4555/4617/6743
f 4480/4619/6745 29/4687/6830 4572/4702/6848
f 4470/4636/6768 33/4637/6769 29/4687/6830
f 4524/4688/6770 4525/4639/6771 4556/4689/6831
f 4556/4689/6831 4573/4690/6832 4586/4703/6849
f 4430/4550/6650 4487/4621/6747 4561/4692/6833
f 4574/4675/6812 4539/4602/6722 4562/4677/6814
f 4587/4676/6813 4614/4704/6850 4562/4677/6814
f 4540/4640/6772 4510/4623/6749 4511/4678/6750
f 4588/4705/6851 4526/4652/6789 4541/4680/6816
f 4490/4562/6668 4491/4604/6727 4575/4681/6817
f 4680/4706/6852 4543/4653/6853 4604/4707/6854
f 4543/4653/6855 4544/4654/6856 4604/4707/6857
f 4544/4654/6791 4563/4644/6836 4577/4693/6837
f 4577/4693/6858 4545/4656/6819 4606/4682/6821
f 4534/4660/6798 4592/4695/6840 4591/4708/6859
f 4592/4695/6840 4456/4568/6682 4580/4696/6841
f 4581/4709/6860 4535/4662/6800 4548/4663/6801
f 4582/4710/6861 4593/4711/6862 4536/4649/6842
f 4536/4649/6842 4566/4684/6825 4582/4710/6861
f 4568/4686/6863 4498/4611/6864 4594/4712/6865
f 4498/4611/6864 4519/4632/6803 4594/4712/6865
f 4594/4712/6865 4519/4632/6803 4520/4633/6765
f 4521/4713/6766 4461/4714/6664 4583/4715/6866
f 4583/4715/6866 4461/4714/6664 4499/4716/6738
f 4499/4612/6738 4477/4593/6714 4550/4697/6843
f 4550/4697/6843 4500/4635/6767 4538/4651/6788
f 4522/4613/6739 4552/4666/6805 4610/4717/6867
f 28/4698/6844 4501/4615/6741 4553/4699/6845
f 4443/4539/6640 4444/4594/6715 4553/4699/6845
f 4554/4574/6691 32/4667/6806 4569/4700/6846
f 4598/4718/6868 4503/4573/6690 4571/4701/6847
f 4571/4701/6847 4463/4575/6692 4572/4702/6848
f 25/4719/7 33/4637/6769 4524/4638/6770
f 4505/4620/6746 4559/4673/6810 4558/4672/6809
f 27/4720/6869 4559/4673/6810 4599/4721/6870
f 4692/4722/6871 4430/4550/6650 4561/4692/6833
f 4561/4692/6833 4574/4675/6812 4600/4723/6872
f 4540/4640/6772 4511/4678/6750 31/4724/6815
f 4526/4652/6789 4588/4705/6851 4622/4725/6873
f 4622/4725/6873 4588/4705/6851 4601/4726/6874
f 4601/4726/6874 4588/4705/6851 4602/4727/6875
f 4541/4680/6816 4602/4727/6875 4588/4705/6851
f 4490/4562/6668 4575/4681/6817 4541/4680/6816
f 4528/4643/6834 4543/4653/6876 4680/4706/6852
f 4544/4654/6856 4577/4693/6877 4604/4707/6857
s 0
f 4606/4682/6878 4532/4645/6878 4589/4728/6878
s 1
f 4532/4645/6879 4546/4658/6796 4589/4728/6880
f 4579/4694/6839 4534/4660/6798 4616/4729/6881
f 4549/4648/6882 4536/4649/6842 4593/4711/6862
f 4582/4710/6883 4566/4684/6884 4609/4730/6885
f 4609/4730/6885 4567/4685/6886 4594/4712/6865
f 4567/4685/6886 4568/4686/6863 4594/4712/6865
f 4520/4633/6765 4521/4634/6766 4594/4712/6865
f 4619/4731/6887 4499/4612/6738 4550/4697/6843
f 4551/4665/6804 4522/4613/6739 4610/4717/6867
f 4553/4699/6845 4444/4594/6715 4596/4732/6888
f 4444/4594/6715 4445/4595/6716 4596/4732/6888
f 4445/4595/6716 4502/4616/6742 4596/4732/6888
f 4596/4732/6888 4502/4616/6742 4569/4700/6846
f 32/4667/6806 4570/4/4 4631/6/6
f 4597/4668/6807 4503/4573/6690 4598/4718/6868
f 4572/4702/6848 4555/4617/6743 4465/4618/6744
f 4465/4618/6744 4480/4619/6745 4572/4702/6848
f 29/4687/6830 33/4637/6769 25/4719/7
f 4611/8/8 25/7/7 4556/4689/6831
f 25/7/7 4524/4688/6770 4556/4689/6831
f 4558/4672/6809 4559/4673/6810 27/4720/6869
f 4559/4673/6810 4560/4674/6811 4599/4721/6870
f 4540/4640/6772 31/4724/6815 4587/4676/6813
f 31/4679/6815 4488/4603/6723 4526/4652/6789
f 4541/4680/6816 4575/4681/6817 4602/4727/6875
f 4528/4641/6834 4680/4733/6852 4576/4625/6752
f 4604/4707/6857 4577/4693/6877 4605/4734/6889
f 4578/4657/6820 4532/4645/6890 4606/4682/6891
f 4606/4682/6892 4589/4728/6893 4615/4735/6894
f 4615/4735/6895 4589/4728/6893 4624/4736/6896
f 4546/4658/6796 4547/4659/6797 4579/4694/6839
f 4534/4660/6897 4607/4737/6898 4590/4738/6899
f 4607/4737/6900 4534/4660/6798 4591/4708/6859
f 4626/4739/6901 4580/4740/6902 4564/4741/6903
f 4548/4663/6904 4549/4648/6882 4593/4711/6862
f 4609/4730/6885 4566/4684/6884 4567/4685/6886
f 4594/4742/6865 4521/4713/6766 4595/4743/6905
f 4595/4743/6905 4521/4713/6766 4583/4715/6866
f 4610/4717/6867 4552/4666/6805 28/4698/6844
f 28/4698/6844 4553/4699/6845 4620/4744/6906
f 4556/4689/6831 4586/4703/6907 4611/8/8
f 4611/8/8 4586/4703/6907 4612/4745/6908
f 4586/4703/6907 4573/4690/6832 4612/4745/6908
f 4573/4690/6832 4557/4671/6808 4558/4691/6809
f 4613/4746/6909 27/4720/6869 4599/4721/6870
f 4599/4721/6870 4560/4674/6811 4692/4722/6871
f 4560/4674/6811 4430/4550/6650 4692/4722/6871
f 4574/4675/6812 4562/4677/6814 23/4747/6910
f 31/4679/6815 4526/4652/6789 4622/4725/6873
f 4605/4734/6889 4577/4693/6877 4623/4748/6911
f 4577/4693/6912 4606/4682/6913 4623/4748/6914
f 4606/4682/6913 4615/4735/6915 4623/4748/6914
f 4624/4736/6896 4589/4728/6893 4579/4694/6916
f 4589/4728/6917 4546/4658/6796 4579/4694/6839
f 4624/4736/6918 4579/4694/6839 4616/4729/6881
f 4616/4729/6919 4534/4660/6897 4625/4749/6920
f 4534/4660/6897 4590/4738/6899 4625/4749/6920
f 4625/4749/6920 4590/4738/6899 4607/4737/6898
f 4639/4750/6921 4607/4751/6922 4591/4752/6923
f 4592/4753/6924 4580/4740/6902 4626/4739/6901
f 4617/4754/6925 4626/4739/6901 4564/4741/6903
f 4564/4741/6903 4565/4755/6926 4617/4754/6925
f 4535/4662/6800 4581/4709/6927 4565/4683/6822
f 4565/4683/6926 4581/4709/6928 4628/4756/6929
f 4581/4709/6928 4548/4663/6904 4628/4756/6929
f 4548/4663/6904 4593/4711/6862 4628/4756/6929
f 4593/4711/6930 4582/4710/6931 4608/4757/6932
f 4609/4758/6885 4629/4759/6933 4608/4760/6934
f 4608/4757/6934 4582/4710/6883 4609/4730/6885
f 4618/4761/6935 4499/4716/6738 4619/4762/6887
f 4619/4731/6887 4550/4697/6843 4538/4651/6788
f 4620/4744/6906 4553/4699/6845 4596/4732/6888
f 32/4667/6806 4631/6/6 4569/4700/6846
f 4572/4702/6848 29/4687/6830 4585/4763/6936
f 29/4687/6830 25/4719/7 4585/4763/6936
f 25/4719/7 26/4764/9 4585/4763/6936
f 4573/4690/6832 4558/4691/6809 27/4765/6869
f 4562/4677/6814 4614/4704/6850 23/4747/6910
f 31/4724/6815 4622/4766/6873 4587/4676/6813
f 4624/4767/6937 4616/4768/6938 4682/4769/6939
f 4616/4768/6938 4625/4770/6940 4682/4769/6939
f 4591/4752/6923 4592/4753/6924 4639/4750/6921
f 4639/4750/6921 4592/4753/6924 4626/4739/6901
f 4640/4771/6941 4626/4739/6901 4617/4754/6925
f 4617/4754/6925 4565/4755/6926 4627/4772/6942
f 4565/4683/6926 4628/4756/6929 4627/4773/6942
f 4628/4756/6929 4593/4711/6930 4608/4757/6932
f 4609/4774/6885 4594/4742/6865 4630/4775/6943
f 4583/4715/6866 4499/4716/6738 4641/4776/6944
f 4641/4776/6944 4499/4716/6738 4618/4761/6935
f 4551/4665/6804 4610/4717/6867 4685/4777/6945
f 4644/4778/6946 4645/4779/6947 4646/4780/6948
f 4661/4781/6949 4646/4780/6948 4647/4782/6950
f 4643/4783/6951 4644/4778/6946 4649/4784/6952
f 4649/4784/6952 4644/4778/6946 4654/4785/6953
f 4647/4782/6950 4646/4780/6948 4648/4786/6954
f 4648/4786/6954 4646/4780/6948 4645/4779/6947
f 4645/4779/6947 4644/4778/6946 4643/4783/6951
f 4644/4778/6946 4646/4780/6948 4661/4781/6949
f 4647/4782/6950 4642/4787/6955 4661/4781/6949
f 4645/4779/6956 4643/4783/6957 4651/4788/6958
f 4651/4788/6958 4643/4783/6957 4649/4784/6959
f 4649/4784/6952 4654/4785/6953 4652/4789/6960
f 4642/4787/6955 4647/4782/6950 4657/4790/6961
f 4651/4788/6958 4649/4784/6959 4655/4791/6962
f 4649/4784/6963 4652/4789/6964 4663/4792/6965
f 4652/4789/6960 4654/4785/6953 4656/4793/6966
f 4653/4794/6967 4644/4778/6946 4661/4781/6949
f 4665/4795/6968 4642/4787/6955 4657/4790/6961
f 4648/4786/6969 4645/4779/6956 4658/4796/6970
f 4658/4796/6970 4645/4779/6956 4651/4788/6958
f 4610/4797/6867 4651/4788/6958 4655/4791/6962
f 4663/4792/6971 4655/4791/6962 4649/4784/6959
f 4652/4789/6960 4656/4793/6966 4659/4798/6972
f 4660/4799/6973 4656/4793/6966 4668/4800/6974
f 4647/4782/6950 4648/4786/6954 4662/4801/6975
f 4662/4801/6976 4648/4786/6969 4658/4796/6970
f 4670/4802/6977 4651/4788/6958 4610/4797/6867
f 4671/4803/6978 4656/4793/6966 4660/4799/6973
f 4668/4800/6974 4656/4793/6966 4664/4804/6979
f 4656/4793/6966 4654/4785/6953 4672/4805/6980
f 4644/4778/6946 4653/4794/6967 4654/4785/6953
f 4665/4795/6968 4657/4790/6961 4666/4806/6981
f 4657/4790/6961 4647/4782/6950 4662/4801/6975
f 4658/4796/6970 4651/4788/6958 4670/4802/6977
f 4659/4798/6972 4656/4793/6966 4671/4803/6978
f 4664/4804/6979 4656/4793/6966 4672/4805/6980
f 4672/4805/6980 4654/4785/6953 4673/4807/6982
f 4654/4785/6953 4653/4794/6967 4673/4807/6982
f 4653/4794/6967 4661/4781/6949 4674/4808/6983
f 4661/4781/6949 4642/4787/6955 16/4809/6984
f 4642/4787/6955 4665/4795/6968 16/4809/6984
f 4666/4806/6981 4657/4790/6961 4675/4810/6985
f 4675/4810/6985 4657/4790/6961 4662/4801/6975
f 4662/4801/6975 4669/4811/6986 4675/4810/6985
f 4610/4797/6867 4655/4791/6962 4685/4812/6945
f 4663/4792/6965 4652/4789/6964 4659/4798/6987
f 4669/4811/6988 4662/4801/6976 4708/4813/6989
f 4662/4801/6976 4658/4796/6970 4708/4813/6989
f 4584/4814/6990 4585/4763/6936 26/4764/9
f 4612/4745/6908 4573/4690/6832 4677/4815/6991
f 4573/4690/6832 27/4765/6869 4677/4815/6991
f 4690/4816/6992 27/4720/6869 4613/4746/6909
f 4613/4746/6909 4635/4817/6993 4691/4818/6994
f 4613/4746/6909 4599/4721/6870 4635/4817/6993
f 4600/4723/6872 4574/4675/6812 23/4747/6910
f 4587/4676/6813 4622/4766/6873 4614/4704/6850
f 4614/4704/6850 4622/4766/6873 22/4819/6995
f 4622/4766/6873 4601/4820/6874 22/4819/6995
f 4601/4726/6874 4602/4727/6875 4679/4821/6996
f 4679/4821/6996 4602/4727/6875 4575/4681/6817
f 4680/4733/6852 4679/4821/6996 4576/4625/6752
f 4679/4821/6996 4575/4681/6817 4576/4625/6752
f 4604/4707/6854 4605/4734/6997 4680/4706/6852
f 4615/4822/6998 4624/4767/6999 4696/4823/7000
f 4624/4767/7001 4682/4769/6939 4681/4824/7002
f 4625/4770/6940 4607/4751/6922 4682/4769/6939
f 4682/4769/6939 4607/4751/6922 4637/4825/7003
f 4607/4751/6922 4639/4750/6921 4637/4825/7003
f 4639/4750/7004 4626/4739/6901 4640/4771/6941
f 4640/4771/7005 4617/4754/7006 4683/4826/7007
f 4627/4773/6942 4628/4756/6929 4608/4757/6932
f 4630/4775/6943 4594/4742/6865 4595/4743/6905
f 4630/4775/6943 4595/4743/6905 12/4827/7008
f 4583/4715/6866 4641/4776/6944 4595/4743/6905
f 4538/4664/6788 4551/4665/6804 4685/4777/6945
f 4671/4803/6978 4660/4799/6973 4686/4828/7009
f 4660/4799/6973 4668/4800/6974 4687/4829/7010
f 4668/4800/6974 4724/4830/7011 4687/4829/7010
f 4665/4795/6968 4666/4806/6981 4676/4831/7012
f 4670/4832/6977 4610/4717/6867 28/4698/6844
f 4569/4700/6846 4688/4833/7013 4596/4732/6888
f 4714/4834/7014 24/5/5 4570/4/4
f 4598/4718/6868 4571/4701/6847 4584/4814/6990
f 4571/4701/6847 4572/4702/6848 4584/4814/6990
f 4572/4702/6848 4585/4763/6936 4584/4814/6990
f 26/9/9 4611/8/8 4634/4835/7015
f 4612/4745/6908 4677/4815/6991 4611/8/8
f 4677/4815/6991 27/4765/6869 4690/4836/6992
f 4691/4818/6994 4690/4816/6992 4613/4746/6909
f 4561/4692/6833 4600/4723/6872 4692/4722/6871
f 4600/4723/6872 4636/4837/7016 4692/4722/6871
f 23/4747/6910 4693/4838/7017 4600/4723/6872
f 22/4819/6995 4601/4820/6874 4678/4839/7018
f 4601/4820/6874 4679/4840/6996 4678/4839/7018
f 4605/4734/6997 4623/4748/7019 4680/4706/6852
f 4680/4706/6852 4623/4748/7019 4695/4841/7020
f 4623/4748/7019 4615/4735/7021 4695/4841/7020
f 4695/4842/7020 4615/4822/7021 4696/4823/7022
f 4624/4767/6999 4681/4824/7023 4696/4823/7000
f 4639/4750/7004 4640/4771/6941 4697/4843/7024
f 4617/4754/7006 4627/4772/7025 4684/4844/7026
f 4684/4844/7026 4627/4772/7025 4608/4760/6934
f 12/4827/7008 4595/4743/6905 4641/4776/6944
f 4619/4845/6887 4538/4664/6788 4685/4777/6945
f 4655/4791/7027 4663/4792/6965 4705/4846/7028
f 4659/4798/6972 4671/4803/6978 4699/4847/7029
f 4661/4781/6949 16/4809/6984 4756/4848/7030
f 16/4809/6984 4665/4795/6968 4676/4831/7012
f 4666/4806/6981 4675/4810/6985 4700/4849/7031
f 4669/4811/6988 4708/4813/6989 4701/4850/7032
f 4658/4796/6970 4670/4802/6977 4708/4813/6989
f 4670/4832/6977 28/4698/6844 4620/4744/6906
f 4569/4700/6846 4631/6/6 4688/4833/7013
f 4714/4834/7014 4570/4/4 4689/4851/7033
f 4689/4851/7033 4570/4/4 4597/4668/6807
f 4584/4814/6990 26/4764/9 15/4852/7034
f 26/9/9 4634/4835/7015 15/4853/7034
f 4611/8/8 4677/4815/6991 19/2/2
f 19/2/2 4677/4815/6991 4690/4836/6992
f 23/4747/6910 4614/4704/6850 4702/4854/7035
f 4614/4704/6850 22/4819/6995 4702/4854/7035
f 4702/4854/7035 22/4819/6995 4678/4839/7018
f 4678/4839/7018 4679/4840/6996 4704/4855/7036
f 4696/4823/7000 4681/4824/7023 4710/4856/7037
f 4637/4825/7038 4639/4750/7004 4697/4843/7024
f 4697/4843/7039 4640/4771/7005 4698/4857/7040
f 4640/4771/7005 4683/4826/7007 4698/4857/7040
f 4683/4826/7007 4617/4754/7006 4684/4844/7026
f 4684/4844/7026 4608/4760/6934 4629/4759/6933
f 4663/4792/6965 4659/4798/6987 4705/4846/7028
s 0
f 4712/4858/7041 4671/4803/7041 4706/4859/7041
s 1
f 4671/4803/7042 4686/4828/7043 4706/4859/7044
f 4660/4799/7045 4687/4829/7046 4686/4828/7043
f 4724/4830/7011 4668/4800/6974 4664/4804/6979
f 4673/4807/6982 4653/4794/6967 4674/4808/6983
f 4674/4808/6983 4661/4781/6949 4756/4848/7030
f 17/4860/7047 16/4809/6984 4676/4831/7012
f 4675/4810/7048 4669/4811/7049 4707/4861/7050
f 4669/4811/7049 4701/4850/7051 4707/4861/7050
f 4670/4802/6977 4620/4862/6906 4708/4813/6989
f 4620/4744/6906 4596/4732/6888 4688/4833/7013
f 4631/6/6 24/5/5 4688/4833/7013
f 4598/4718/6868 4584/4814/6990 15/4852/7034
f 13/4863/7052 15/4853/7034 4634/4835/7015
f 4611/8/8 19/2/2 4634/4835/7015
f 4634/4835/7015 19/2/2 18/1/1
f 21/3/3 19/2/2 4728/4864/7053
f 4728/4864/7053 19/2/2 4690/4836/6992
f 4636/4837/7016 4600/4723/6872 4693/4838/7017
f 4693/4838/7017 23/4747/6910 4702/4854/7035
f 4702/4854/7035 4678/4839/7018 4709/4865/7054
f 4679/4866/6996 4680/4706/6852 4695/4841/7020
f 4695/4842/7020 4696/4823/7000 4719/4867/7055
f 4696/4823/7000 4710/4856/7037 4719/4867/7055
f 4682/4769/6939 4637/4825/7003 4681/4824/7002
f 4681/4824/7023 4637/4825/7056 4721/4868/7057
f 4721/4868/7057 4637/4825/7056 4697/4843/7039
f 4641/4776/6944 4618/4761/6935 4711/4869/7058
f 4655/4791/6962 4705/4846/7028 4685/4812/6945
f 4659/4798/6987 4699/4847/7059 4705/4846/7028
f 4699/4847/7060 4671/4803/7061 4712/4858/7062
f 4700/4849/7063 4675/4810/7048 4725/4870/7064
f 4726/4871/7065 4707/4861/7066 4701/4850/7067
f 4689/4851/7033 4597/4668/6807 15/4852/7034
f 4597/4668/6807 4598/4718/6868 15/4852/7034
f 4691/4818/6994 4635/4817/6993 4715/4872/7068
f 4635/4817/6993 4599/4721/6870 4692/4722/6871
f 4636/4837/7016 4693/4838/7017 4730/4873/7069
f 4702/4854/7035 4709/4865/7054 4716/4874/7070
f 4709/4865/7054 4678/4839/7018 4704/4855/7036
f 4704/4855/7036 4679/4840/6996 4694/4875/7071
f 4679/4840/6996 4695/4842/7020 4694/4875/7071
f 4720/4876/7072 4710/4856/7037 4681/4824/7023
f 4697/4843/7039 4698/4857/7040 4721/4868/7057
f 4629/4759/6933 4609/4758/6885 12/4877/7008
f 4609/4774/6885 4630/4775/6943 12/4827/7008
f 4619/4762/6887 4685/4812/6945 4705/4846/7028
f 4722/4878/7073 4686/4828/7043 4687/4829/7046
f 4687/4829/7010 4724/4830/7011 4723/4879/7074
f 4713/4880/7075 4666/4806/6981 4700/4849/7031
f 4700/4849/7076 4725/4870/7077 4733/4881/7078
f 4675/4810/7048 4707/4861/7050 4725/4870/7064
f 4708/4813/6989 4620/4862/6906 4727/4882/7079
f 4620/4862/6906 4688/4883/7013 4727/4882/7079
f 24/5/5 4714/4834/7014 4688/4833/7013
f 4689/4884/7033 15/4853/7034 13/4863/7052
f 4634/4835/7015 18/1/1 13/4863/7052
f 4715/4872/7068 4635/4817/6993 4730/4873/7069
f 4635/4817/6993 4692/4722/6871 4730/4873/7069
f 4692/4722/6871 4636/4837/7016 4730/4873/7069
f 4730/4873/7069 4693/4838/7017 4702/4854/7035
f 4704/4855/7036 4717/4885/7080 4709/4865/7054
f 4717/4885/7080 4704/4855/7036 4718/4886/7081
f 4718/4886/7081 4704/4855/7036 4694/4875/7071
f 4694/4875/7071 4695/4842/7020 4718/4886/7081
f 4718/4886/7081 4695/4842/7020 4719/4867/7055
f 4720/4876/7072 4681/4824/7023 4721/4868/7057
f 4683/4826/7082 4684/4844/7026 4739/4887/7083
f 12/4827/7008 4641/4776/6944 4711/4869/7058
f 4722/4878/7073 4687/4829/7046 4723/4879/7084
f 4673/4807/6982 4674/4808/6983 4765/4888/7085
f 4742/4889/7086 4733/4881/7078 4725/4870/7077
f 4689/4884/7033 13/4863/7052 4734/4890/7087
f 13/4863/7052 18/1/1 14/4891/7088
f 11/4892/7089 10/4893/7090 18/1/1
f 4690/4816/6992 4691/4818/6994 4728/4894/7053
f 4728/4894/7053 4691/4818/6994 4735/4895/7091
f 4691/4818/6994 4715/4872/7068 4735/4895/7091
f 4729/4896/7092 4715/4872/7068 4730/4873/7069
f 4702/4854/7035 4716/4874/7070 4730/4873/7069
f 4730/4873/7069 4716/4874/7070 4736/4897/7093
f 4736/4897/7093 4716/4874/7070 4737/4898/7094
f 4716/4874/7070 4709/4865/7054 4737/4898/7094
f 4737/4898/7094 4709/4865/7054 4717/4885/7080
f 4717/4885/7080 4718/4886/7081 4738/4899/7095
f 4738/4899/7095 4718/4886/7081 4748/4900/7096
f 4719/4867/7055 4710/4856/7037 4720/4876/7072
f 4720/4876/7072 4721/4868/7057 4749/4901/7097
f 4698/4857/7040 4683/4826/7082 4739/4887/7083
f 4629/4759/6933 12/4877/7008 4684/4844/7026
f 4684/4844/7026 12/4877/7008 9/4902/7098
f 4618/4761/6935 4619/4762/6887 4705/4846/7028
f 4740/4903/7099 4712/4858/7100 4731/4904/7101
f 4712/4858/7102 4706/4859/7103 4731/4904/7104
f 4686/4828/7043 4722/4878/7073 4706/4859/7044
f 4706/4859/7105 4722/4878/7106 4752/4905/7107
f 4722/4878/7106 4723/4879/7108 4732/4906/7109
f 4672/4805/6980 4673/4807/6982 4765/4888/7085
f 4666/4806/6981 4713/4880/7075 4676/4831/7012
f 4742/4889/7086 4725/4870/7077 4743/4907/7110
f 4707/4861/7066 4726/4871/7065 4743/4907/7111
f 4688/4883/7013 4714/4908/7014 4744/4909/7112
f 4714/4908/7014 4689/4884/7033 4734/4890/7087
f 13/4863/7052 14/4891/7088 4734/4890/7087
f 10/4893/7090 14/4891/7088 18/1/1
f 4774/4910/7113 11/4892/7089 8/4911/7114
f 11/4892/7089 18/1/1 21/3/3
f 4728/4894/7053 4735/4895/7091 21/4912/3
f 4735/4895/7091 4715/4872/7068 4746/4913/7115
f 4715/4872/7068 4729/4896/7092 4746/4913/7115
f 4736/4897/7093 4737/4898/7094 4747/4914/7116
f 4737/4898/7094 4717/4885/7080 4738/4899/7095
f 4721/4868/7057 4698/4857/7040 4749/4901/7097
f 4750/4915/7117 4698/4857/7040 4739/4887/7083
f 4739/4887/7083 4684/4844/7026 9/4902/7098
s 0
f 4731/4904/7118 4706/4859/7118 4752/4905/7118
s 1
f 4752/4905/7107 4722/4878/7106 4732/4906/7109
f 4753/4916/7119 4732/4906/7120 4754/4917/7121
f 4732/4906/7109 4723/4879/7108 4754/4917/7122
s 0
f 4754/4917/7123 4723/4879/7123 4764/4918/7123
s 1
f 4723/4879/7124 4724/4830/7011 4764/4918/7125
f 4764/4918/7125 4724/4830/7011 4783/4919/7126
f 4783/4919/7126 4724/4830/7011 4755/4920/7127
f 4724/4830/7011 4664/4804/6979 4755/4920/7127
f 16/4809/6984 4766/4921/7128 4756/4848/7030
f 4757/4922/7129 17/4860/7047 4741/4923/7130
f 4676/4831/7012 4713/4880/7075 4758/4924/7131
f 4725/4870/7077 4707/4861/7132 4743/4907/7110
f 4726/4871/7133 4701/4850/7032 4759/4925/7134
f 4759/4925/7134 4701/4850/7032 4760/4926/7135
f 4701/4850/7032 4708/4813/6989 4760/4926/7135
f 4760/4926/7136 4708/4813/6989 4727/4882/7079
f 4727/4882/7079 4688/4883/7013 4744/4909/7112
f 4761/4927/7137 4734/4890/7087 14/4891/7088
f 8/4911/7114 11/4892/7089 4745/4928/7138
f 4746/4913/7115 7/4929/7139 4735/4895/7091
f 4730/4873/7069 4736/4897/7093 4729/4896/7092
f 4747/4914/7116 4737/4898/7094 4762/4930/7140
f 4762/4930/7140 4737/4898/7094 4738/4899/7095
f 4748/4900/7096 4718/4886/7081 4719/4867/7055
f 4749/4901/7097 4698/4857/7040 4750/4915/7117
f 9/4902/7098 12/4877/7008 4711/4931/7058
f 4699/4847/7059 4712/4858/7141 4740/4903/7142
f 4731/4904/7143 4752/4905/7144 4763/4932/7145
f 4763/4932/7146 4752/4905/7147 4803/4933/7148
f 16/4809/6984 17/4860/7047 4766/4921/7128
f 17/4860/7047 4757/4922/7129 4784/4934/7149
f 17/4860/7047 4676/4831/7012 4741/4923/7130
f 4733/4881/7078 4742/4889/7086 4767/4935/7150
f 4743/4907/7151 4726/4871/7152 4759/4925/7153
f 4760/4926/7136 4727/4882/7079 4744/4909/7112
f 4745/4928/7138 11/4892/7089 7/4936/7139
f 11/4892/7089 21/3/3 7/4936/7139
f 21/4912/3 4735/4895/7091 7/4929/7139
f 7/4929/7139 4746/4913/7115 4768/4937/7154
f 4746/4913/7115 4729/4896/7092 4736/4897/7093
f 4736/4897/7093 4747/4914/7116 4769/4938/7155
f 4776/4939/7156 4738/4899/7095 4771/4940/7157
f 4771/4940/7157 4738/4899/7095 4748/4900/7096
f 4748/4900/7096 4719/4867/7055 4720/4876/7072
f 4772/4941/7158 4750/4915/7117 4739/4887/7083
f 4739/4887/7083 9/4902/7098 4772/4941/7158
f 9/4902/7098 6/4942/7159 4772/4941/7158
f 4618/4761/6935 4705/4846/7028 4699/4847/7059
f 4740/4903/7160 4731/4904/7143 4763/4932/7145
f 4752/4905/7147 4732/4906/7161 4803/4933/7148
f 4755/4920/7127 4664/4804/6979 4672/4805/6980
f 4765/4888/7085 4674/4808/6983 4756/4848/7030
f 4806/4943/7162 4756/4848/7030 4766/4921/7128
f 4757/4922/7129 4741/4923/7130 4807/4944/7163
f 4741/4923/7130 4676/4831/7012 4758/4924/7131
f 4700/4849/7076 4733/4881/7078 4767/4935/7150
f 4767/4935/7164 4742/4889/7165 4773/4945/7166
f 4742/4889/7165 4743/4907/7151 4759/4925/7153
f 4760/4926/7136 4744/4909/7112 5/4946/7167
f 4714/4908/7014 4734/4890/7087 4744/4909/7112
f 14/4891/7088 10/4893/7090 4761/4927/7137
f 4768/4937/7154 4746/4913/7115 4769/4938/7155
f 4746/4913/7115 4736/4897/7093 4769/4938/7155
f 4769/4938/7155 4747/4914/7116 4775/4947/7168
f 4747/4914/7116 4762/4930/7140 4775/4947/7168
f 4738/4899/7095 4776/4939/7156 4762/4930/7140
f 4776/4939/7156 4780/4948/7169 4762/4930/7140
f 4778/4949/7170 4779/4950/7171 4780/4948/7169
f 4780/4948/7169 4779/4950/7171 4781/4951/7172
f 4777/4952/7173 4779/4950/7174 4778/4949/7175
f 4778/4949/7170 4780/4948/7169 4776/4939/7156
f 4833/4953/7176 4776/4939/7156 4771/4940/7157
f 4720/4876/7072 4749/4901/7097 4750/4915/7117
f 6/4942/7159 9/4902/7098 4751/4954/7177
f 4751/4954/7177 9/4902/7098 4711/4931/7058
f 4711/4869/7058 4618/4761/6935 4699/4847/7059
f 4803/4933/7148 4732/4906/7161 4796/4955/7178
f 4732/4906/7161 4753/4916/7179 4796/4955/7178
f 17/4860/7047 4784/4934/7149 4766/4921/7128
f 4785/4956/7180 4741/4923/7130 4758/4924/7131
f 4713/4880/7181 4700/4849/7182 4786/4957/7183
f 4786/4957/7184 4700/4849/7076 4787/4958/7185
f 4700/4849/7076 4767/4935/7150 4787/4958/7185
f 4742/4889/7165 4759/4925/7153 4773/4945/7166
f 4828/4959/7186 5/4946/7167 4744/4909/7112
f 4734/4890/7087 4761/4927/7137 4744/4909/7112
f 10/4893/7090 11/4892/7089 4761/4927/7137
f 11/4892/7089 4774/4910/7113 4761/4927/7137
f 4777/4952/7173 4778/4949/7175 4792/4960/7187
f 4782/4961/7188 4778/4949/7175 4793/4962/7189
f 4793/4962/7190 4778/4949/7170 4776/4939/7156
f 4771/4940/7157 4748/4900/7096 4750/4915/7117
f 4748/4900/7096 4720/4876/7072 4750/4915/7117
f 4794/4963/7191 4751/4954/7177 4711/4931/7058
f 4794/4964/7191 4699/4847/7059 4740/4903/7142
f 4740/4903/7192 4763/4932/7193 4795/4965/7194
f 4753/4916/7179 4797/4966/7195 4796/4955/7178
f 4753/4916/7119 4754/4917/7121 4797/4966/7196
f 4764/4918/7125 4783/4919/7126 4798/4967/7197
f 4907/4968/7198 4757/4922/7129 4807/4944/7163
f 4785/4956/7199 4758/4924/7200 4808/4969/7201
f 4758/4924/7200 4713/4880/7181 4786/4957/7183
f 4787/4958/7202 4767/4935/7164 4788/4970/7203
f 4788/4970/7203 4767/4935/7164 4773/4945/7166
f 4821/4971/7204 4759/4925/7205 4760/4926/7206
f 4745/4928/7138 7/4936/7139 4768/4972/7154
f 4762/4930/7140 4780/4948/7169 4775/4947/7168
f 4780/4948/7169 4781/4951/7172 4789/4973/7207
f 4781/4951/7208 4779/4950/7174 4801/4974/7209
f 4779/4950/7174 4777/4952/7173 4801/4974/7209
f 4801/4974/7209 4777/4952/7173 4790/4975/7210
f 4790/4975/7210 4777/4952/7173 4791/4976/7211
f 4792/4960/7187 4778/4949/7175 4782/4961/7188
f 4771/4940/7157 4750/4915/7117 4772/4941/7158
f 4711/4869/7058 4699/4847/7059 4794/4964/7191
f 4795/4965/7212 4763/4932/7213 4803/4933/7214
f 4797/4966/7196 4754/4917/7121 4804/4977/7215
f 4754/4917/7121 4764/4918/7216 4804/4977/7215
f 4755/4920/7127 4672/4805/6980 4805/4978/7217
f 4765/4888/7085 4756/4848/7030 4806/4943/7162
f 4784/4934/7149 4757/4922/7129 4816/4979/7218
f 4807/4944/7163 4741/4923/7130 4785/4956/7180
s 0
f 4786/4957/7219 4787/4958/7219 4809/4980/7219
s 1
f 4809/4980/7220 4787/4958/7202 4788/4970/7203
f 4744/4909/7112 4761/4927/7137 4774/4910/7113
f 4745/4928/7138 4768/4972/7154 8/4911/7114
f 8/4911/7114 4768/4972/7154 4810/4981/7221
f 4768/4937/7154 4769/4938/7155 4810/4982/7221
f 4769/4938/7155 4775/4947/7168 4810/4982/7221
f 4775/4947/7168 4780/4948/7169 4789/4973/7207
s 0
f 4789/4973/7222 4781/4951/7222 4811/4983/7222
s 1
f 4791/4976/7211 4854/4984/7223 4790/4975/7210
f 4777/4952/7173 4792/4960/7187 4791/4976/7211
f 4812/4985/7224 6/4942/7159 4813/4986/7225
f 6/4942/7159 4751/4954/7177 4813/4986/7225
f 4813/4986/7225 4751/4954/7177 4794/4963/7191
f 4740/4903/7142 4802/4987/7226 4794/4964/7191
f 4835/4988/7227 4796/4955/7178 4797/4966/7195
f 4814/4989/7228 4764/4918/7216 4798/4967/7229
f 4798/4967/7197 4783/4919/7126 4815/4990/7230
f 4672/4805/6980 4765/4888/7085 4805/4978/7217
f 4766/4921/7128 4784/4934/7149 4857/4991/7231
f 4817/4992/7232 4808/4969/7233 4786/4957/7234
f 4808/4969/7201 4758/4924/7200 4786/4957/7183
f 4818/4993/7235 4786/4957/7234 4809/4980/7236
f 4828/4959/7186 4744/4909/7112 4774/4910/7113
f 4775/4947/7168 4789/4973/7207 4810/4982/7221
f 4810/4982/7221 4789/4973/7207 4800/4994/7237
s 0
f 4822/4995/7238 4800/4994/7238 4823/4996/7238
s 1
f 4800/4994/7239 4789/4973/7240 4811/4983/7241
f 4829/4997/7242 4781/4951/7208 4801/4974/7209
f 4854/4984/7223 4791/4976/7211 4830/4998/7243
f 4793/4962/7190 4776/4939/7156 4824/4999/7244
f 4824/4999/7244 4776/4939/7156 4833/4953/7176
f 4833/4953/7176 4771/4940/7157 4772/4941/7158
f 6/4942/7159 4812/4985/7224 4772/4941/7158
f 4740/4903/7192 4795/4965/7194 4802/4987/7245
f 4795/4965/7212 4803/4933/7214 4882/5000/7246
f 4803/4933/7214 4796/4955/7247 4882/5000/7246
f 4882/5000/7246 4796/4955/7247 4835/4988/7248
f 4797/4966/7195 4804/4977/7249 4835/4988/7227
f 4804/4977/7250 4764/4918/7216 4814/4989/7228
f 4825/5001/7251 4815/4990/7230 4783/4919/7126
f 4816/4979/7218 4757/4922/7129 4907/4968/7198
f 4837/5002/7252 4807/4944/7163 4785/4956/7180
f 4817/4992/7232 4786/4957/7234 4818/4993/7235
f 4773/4945/7253 4820/5003/7254 4788/4970/7255
f 4820/5003/7254 4773/4945/7253 4821/4971/7204
f 4773/4945/7253 4759/4925/7205 4821/4971/7204
f 4760/4926/7206 4826/5004/7256 4821/4971/7204
s 0
f 4760/4926/7257 5/4946/7257 4826/5004/7257
s 1
f 5/4946/7258 4828/4959/7186 4827/5005/7259
f 4828/4959/7186 4774/4910/7113 4/5006/7260
f 4774/4910/7113 8/4911/7114 4/5006/7260
f 4810/4982/7221 4800/4994/7237 4822/4995/7261
f 4823/4996/7262 4800/4994/7263 4811/4983/7264
f 4811/4983/7265 4781/4951/7208 4829/4997/7242
f 4840/5007/7266 4801/4974/7209 4790/4975/7210
f 4792/4960/7187 4782/4961/7188 4831/5008/7267
f 4782/4961/7188 4793/4962/7189 4831/5008/7267
f 4772/4941/7158 4812/4985/7224 4833/4953/7176
f 4834/5009/7268 4802/4987/7245 4795/4965/7194
f 4804/4977/7249 4814/4989/7269 4835/4988/7227
f 4814/4989/7228 4798/4967/7229 4836/5010/7270
f 4805/4978/7217 4765/4888/7085 4884/5011/7271
f 4766/4921/7128 4857/4991/7231 4806/4943/7162
f 4907/4968/7198 4807/4944/7163 4858/5012/7272
f 4838/5013/7273 4785/4956/7274 4808/4969/7233
f 4838/5013/7273 4808/4969/7233 4817/4992/7232
f 4818/4993/7275 4809/4980/7220 4788/4970/7203
f 4826/5004/7276 5/4946/7258 4827/5005/7259
f 4/5006/7260 8/4911/7114 4852/5014/7277
f 8/4911/7114 4810/4981/7221 4852/5014/7277
f 4811/4983/7265 4829/4997/7242 4823/4996/7278
f 4843/5015/7279 4824/4999/7279 4855/5016/7279
f 4824/4999/7244 4833/4953/7176 4855/5016/7280
f 4833/4953/7176 4832/5017/7281 4855/5016/7280
f 4836/5010/7270 4798/4967/7229 4845/5018/7282
f 4798/4967/7229 4815/4990/7283 4845/5018/7282
f 4815/4990/7283 4825/5001/7284 4846/5019/7285
f 4846/5019/7285 4825/5001/7284 4847/5020/7286
f 4825/5001/7284 3/5021/7287 4847/5020/7286
f 4825/5001/7251 4783/4919/7126 4755/4920/7127
f 4784/4934/7149 4816/4979/7218 4857/4991/7231
f 4858/5012/7272 4807/4944/7163 4837/5002/7252
f 4837/5002/7288 4785/4956/7274 4860/5022/7289
f 4860/5022/7289 4785/4956/7274 4838/5013/7273
f 4838/5013/7290 4817/4992/7291 4839/5023/7292
f 4817/4992/7291 4818/4993/7275 4839/5023/7292
f 4827/5005/7259 4828/4959/7186 4850/5024/7293
f 4828/4959/7186 4/5006/7260 4851/5025/7294
f 4810/4982/7221 4822/4995/7261 4853/5026/7295
f 4840/5007/7266 4790/4975/7210 4854/4984/7223
f 4830/4998/7243 4791/4976/7211 4842/5027/7296
f 4842/5027/7296 4791/4976/7211 4792/4960/7187
f 4792/4960/7187 4831/5008/7267 4842/5027/7296
f 4831/5008/7267 4793/4962/7189 4843/5015/7297
f 4793/4962/7190 4824/4999/7244 4843/5015/7298
f 4813/4986/7225 4794/4963/7191 4844/5028/7299
f 4794/4964/7191 4802/4987/7226 4844/5029/7299
f 4835/4988/7227 4814/4989/7269 4876/5030/7300
f 4814/4989/7269 4836/5010/7301 4876/5030/7300
f 4876/5030/7300 4836/5010/7301 4845/5018/7302
f 4845/5018/7282 4815/4990/7283 4846/5019/7285
f 4848/5031/7303 3/5021/7287 4825/5001/7304
f 4765/4888/7085 4806/4943/7162 4884/5011/7271
f 4837/5002/7288 4860/5022/7289 4859/5032/7305
f 4839/5023/7292 4818/4993/7275 4788/4970/7203
f 4827/5005/7306 4850/5024/7307 4849/5033/7308
f 4850/5024/7293 4828/4959/7186 4851/5025/7294
f 4851/5025/7294 4/5006/7260 4871/5034/7309
s 0
f 4853/5026/7310 4822/4995/7310 4861/5035/7310
s 1
f 4801/4974/7209 4840/5007/7266 4829/4997/7242
f 4862/5036/7311 4831/5008/7267 4843/5015/7297
f 4855/5016/7312 4832/5017/7313 4864/5037/7314
f 4812/4985/7224 4813/4986/7225 4866/5038/7315
f 4875/5039/7316 4813/4986/7225 4844/5028/7299
f 4856/5040/7317 4795/4965/7212 4882/5000/7246
f 4845/5018/7302 4846/5019/7318 4867/5041/7319
f 4846/5019/7318 4847/5020/7320 4867/5041/7319
f 4847/5020/7286 3/5021/7287 4877/5042/7321
f 4883/5043/7322 4848/5031/7323 4825/5001/7251
f 4806/4943/7162 4857/4991/7231 4884/5011/7271
f 4858/5012/7324 4837/5002/7288 4869/5044/7325
f 4869/5044/7325 4837/5002/7288 4859/5032/7305
f 4860/5022/7326 4838/5013/7290 4870/5045/7327
f 4870/5045/7327 4838/5013/7290 4839/5023/7292
f 4839/5023/7328 4788/4970/7255 4820/5003/7254
f 4852/5014/7277 4810/4981/7221 4881/5046/7329
f 4881/5047/7329 4810/4982/7221 4853/5026/7295
f 4872/5048/7330 4830/4998/7243 4842/5027/7296
f 4873/5049/7331 4842/5027/7296 4831/5008/7267
s 0
f 4843/5015/7332 4855/5016/7332 4863/5050/7332
f 4855/5016/7333 4864/5037/7333 4863/5050/7333
s 1
f 4832/5017/7281 4833/4953/7176 4865/5051/7334
f 4833/4953/7176 4812/4985/7224 4865/5051/7334
f 4865/5051/7334 4812/4985/7224 4866/5038/7315
f 4813/4986/7225 4874/5052/7335 4866/5038/7315
f 4874/5052/7335 4813/4986/7225 4875/5039/7316
f 4802/4987/7245 4834/5009/7268 4844/5029/7336
f 4844/5028/7337 4834/5053/7338 4875/5039/7339
f 4795/4965/7212 4856/5040/7317 4834/5009/7340
f 4882/5000/7246 4835/4988/7248 4876/5030/7341
f 4876/5030/7300 4845/5018/7302 4867/5041/7319
f 4867/5041/7319 4847/5020/7320 4903/5054/7342
f 4877/5042/7321 3/5021/7287 4848/5031/7303
f 4868/5055/7343 4848/5031/7323 4883/5043/7322
f 4883/5043/7322 4825/5001/7251 4755/4920/7127
f 4878/5056/7344 4907/4968/7198 4858/5012/7272
f 4859/5032/7345 4860/5022/7326 4879/5057/7346
f 4879/5057/7346 4860/5022/7326 4870/5045/7327
f 4870/5045/7347 4839/5023/7328 4820/5003/7254
f 4826/5004/7348 4827/5005/7306 4849/5033/7308
s 0
f 4881/5047/7349 4853/5026/7349 4861/5035/7349
s 1
f 4930/5058/7350 4830/4998/7243 4872/5048/7330
f 4872/5048/7330 4842/5027/7296 4873/5049/7331
f 4873/5049/7331 4831/5008/7267 4862/5036/7311
f 4847/5020/7320 4877/5042/7351 4903/5054/7342
f 4883/5043/7322 4755/4920/7127 4805/4978/7217
f 4869/5044/7352 4859/5032/7345 4879/5057/7346
f 4820/5003/7254 4821/4971/7204 4880/5059/7353
f 4821/4971/7204 4826/5004/7348 4880/5059/7353
f 4871/5034/7309 4/5006/7260 4888/5060/7354
f 4/5006/7260 4852/5014/7277 4889/5061/7355
f 4889/5061/7355 4852/5014/7277 4890/5062/7356
f 4890/5062/7356 4852/5014/7277 4898/5063/7357
f 4898/5063/7357 4852/5014/7277 4881/5046/7329
f 4822/4995/7358 4823/4996/7359 4829/4997/7242
f 4862/5036/7311 4843/5015/7297 4863/5050/7360
f 4891/5064/7361 4864/5037/7362 4892/5065/7363
f 4832/5017/7313 4865/5051/7364 4892/5065/7365
f 4892/5065/7365 4865/5051/7364 4893/5066/7366
f 4865/5051/7364 4866/5038/7367 4893/5066/7366
f 4934/5067/7368 4867/5041/7369 4903/5054/7370
f 4877/5042/7321 4848/5031/7303 4894/5068/7371
f 4848/5031/7303 4868/5055/7372 4894/5068/7371
f 4906/5069/7373 4857/4991/7231 4816/4979/7218
f 4896/5070/7374 4878/5056/7344 4858/5012/7272
f 4887/5071/7375 4869/5044/7352 4879/5057/7346
f 4880/5059/7353 4826/5004/7348 4910/5072/7376
f 4910/5072/7376 4826/5004/7348 4849/5033/7308
f 4850/5024/7307 4897/5073/7377 4849/5033/7308
f 4850/5024/7307 4851/5025/7378 4897/5073/7377
f 4897/5073/7377 4851/5025/7378 4871/5034/7379
f 4871/5034/7380 4888/5060/7381 4919/5074/7382
f 4912/5075/7383 4881/5047/7384 4861/5035/7385
f 4861/5035/7385 4822/4995/7358 4913/5076/7386
f 4822/4995/7358 4829/4997/7242 4913/5076/7386
f 4900/5077/7387 4872/5048/7330 4873/5049/7331
f 4873/5049/7331 4862/5036/7311 4901/5078/7388
f 4864/5037/7314 4832/5017/7313 4892/5065/7365
f 4834/5053/7340 4964/5079/7389 4902/5080/7390
f 4882/5000/7246 4876/5030/7341 4933/5081/7391
f 4933/5081/7391 4876/5030/7341 4934/5067/7368
f 4876/5030/7341 4867/5041/7369 4934/5067/7368
f 4903/5054/7342 4877/5042/7351 4904/5082/7392
f 4877/5042/7351 4894/5068/7393 4904/5082/7392
f 4868/5055/7372 4895/5083/7394 4894/5068/7371
f 4906/5069/7373 4816/4979/7218 4885/5084/7395
f 4816/4979/7218 4907/4968/7198 4885/5084/7395
s 0
f 4896/5070/7396 4858/5012/7396 4886/5085/7396
s 1
f 4886/5085/7397 4858/5012/7398 4909/5086/7399
f 4858/5012/7324 4869/5044/7325 4909/5086/7399
f 4887/5071/7400 4879/5057/7401 4870/5045/7402
f 4870/5045/7402 4820/5003/7254 4880/5059/7353
f 4897/5073/7377 4871/5034/7379 4919/5074/7403
f 4/5006/7260 4889/5061/7355 4888/5060/7354
s 0
f 4898/5087/7404 4881/5047/7404 4911/5088/7404
s 1
f 4912/5075/7383 4861/5035/7385 4913/5076/7386
f 4829/4997/7242 4840/5007/7266 4929/5089/7405
f 4840/5007/7266 4854/4984/7223 4914/5090/7406
f 4830/4998/7243 4930/5058/7350 4899/5091/7407
f 4873/5049/7331 4901/5078/7388 4900/5077/7387
f 4892/5065/7363 4893/5066/7408 4891/5064/7361
f 4875/5039/7339 4834/5053/7338 4874/5052/7409
f 4834/5053/7340 4902/5080/7390 4874/5052/7410
f 4834/5009/7340 4856/5040/7317 4964/5092/7389
f 4894/5068/7371 4895/5083/7394 4915/5093/7411
f 4883/5043/7322 4805/4978/7217 4905/5094/7412
f 4916/5095/7413 4805/4978/7217 4884/5011/7271
f 4884/5011/7271 4857/4991/7231 4917/5096/7414
f 4857/4991/7231 4906/5069/7373 4917/5096/7414
f 4909/5086/7415 4869/5044/7352 4887/5071/7375
f 4910/5072/7376 4849/5033/7308 4897/5073/7377
f 4919/5074/7382 4888/5060/7381 4889/5061/7416
s 0
f 4890/5097/7417 4898/5087/7417 4911/5088/7417
s 1
f 4911/5088/7418 4881/5047/7384 4928/5098/7419
f 4928/5098/7419 4881/5047/7384 4912/5075/7383
f 4913/5076/7386 4829/4997/7242 4929/5089/7405
f 4854/4984/7223 4830/4998/7243 4961/5099/7420
f 4961/5099/7420 4830/4998/7243 4899/5091/7407
f 4903/5054/7370 4904/5082/7421 4934/5067/7368
f 4915/5093/7411 4895/5083/7394 4921/5100/7422
f 4922/5101/7423 4921/5100/7422 4895/5083/7394
s 0
f 4895/5083/7424 4868/5055/7424 4922/5101/7424
s 1
f 4955/5102/7425 4868/5055/7343 4883/5043/7322
f 4916/5095/7413 4905/5094/7412 4805/4978/7217
f 4885/5084/7395 4907/4968/7198 4918/5103/7426
f 4907/4968/7198 4878/5056/7344 4918/5103/7426
f 4886/5085/7397 4909/5086/7399 4925/5104/7427
f 4943/5105/7428 4897/5073/7377 4919/5074/7403
f 4890/5097/7429 4911/5088/7418 4928/5098/7419
f 4931/5106/7430 4862/5036/7311 4863/5050/7360
f 4863/5050/7360 4864/5037/7431 4932/5107/7432
f 4891/5064/7361 4893/5066/7408 4920/5108/7433
f 4893/5066/7408 4866/5038/7434 4920/5108/7433
f 4866/5038/7434 4874/5052/7410 4902/5080/7390
f 4894/5068/7393 4915/5093/7435 4904/5082/7392
f 4924/5109/7436 4878/5056/7344 4896/5070/7437
f 4896/5070/7438 4886/5085/7397 4925/5104/7427
f 4887/5071/7400 4870/5045/7402 4935/5110/7439
f 4926/5111/7440 4935/5110/7439 4870/5045/7402
f 4870/5045/7402 4880/5059/7353 4926/5111/7440
f 4926/5111/7440 4880/5059/7353 4910/5072/7376
f 4897/5073/7377 4943/5105/7428 4936/5112/7441
f 4889/5061/7416 4890/5062/7442 4919/5074/7382
f 4919/5113/7443 4890/5097/7429 4928/5098/7419
f 4929/5089/7405 4840/5007/7266 4914/5090/7444
f 4930/5058/7350 4872/5048/7330 4937/5114/7445
f 4864/5037/7362 4891/5064/7361 4932/5107/7432
f 4866/5038/7434 4902/5080/7390 4920/5108/7433
f 4882/5000/7246 4933/5081/7391 4856/5040/7317
f 4940/5115/7446 4915/5093/7435 4921/5100/7447
f 4868/5055/7343 4955/5102/7425 4922/5101/7448
f 4883/5043/7322 4905/5094/7412 4955/5102/7425
f 4925/5104/7449 4909/5086/7450 4938/5116/7451
f 4938/5116/7452 4909/5086/7415 4887/5071/7375
f 4910/5072/7376 4897/5073/7377 4936/5112/7441
f 4914/5090/7406 4854/4984/7223 4951/5117/7453
f 4854/4984/7223 4961/5099/7420 4951/5117/7453
f 4900/5077/7387 4901/5078/7388 4972/5118/7454
f 4931/5106/7430 4863/5050/7360 4932/5107/7432
f 4891/5064/7361 4920/5108/7433 4939/5119/7455
f 4934/5067/7368 4904/5082/7421 4940/5115/7456
f 4904/5082/7392 4915/5093/7435 4940/5115/7446
f 4916/5095/7413 4884/5011/7271 4917/5096/7414
f 4906/5069/7373 4885/5084/7395 4977/5120/7457
f 4924/5109/7436 4941/5121/7458 4878/5056/7344
f 4924/5109/7459 4896/5070/7438 4942/5122/7460
f 4896/5070/7438 4925/5104/7427 4942/5122/7460
f 4938/5116/7461 4887/5071/7400 4935/5110/7439
f 4919/5074/7403 4944/5123/7462 4943/5105/7428
f 4919/5113/7443 4928/5098/7419 4944/5124/7462
f 4945/5125/7463 4928/5098/7419 4912/5075/7383
f 4913/5076/7386 4960/5126/7464 4912/5075/7383
f 4913/5076/7386 4929/5089/7405 4960/5126/7464
f 4937/5114/7445 4872/5048/7330 4900/5077/7387
f 4901/5078/7388 4862/5036/7311 4931/5106/7430
f 4940/5115/7446 4921/5100/7447 4946/5127/7465
f 4946/5127/7465 4921/5100/7447 4947/5128/7466
f 4917/5096/7414 4906/5069/7373 4977/5120/7457
f 4885/5084/7395 4918/5103/7426 4948/5129/7467
f 2/5130/7468 4941/5121/7469 4958/5131/7470
f 4950/5132/7471 4924/5109/7459 4942/5122/7460
f 4942/5122/7472 4925/5104/7449 4938/5116/7451
f 4929/5089/7405 4914/5090/7444 4984/5133/7473
f 4933/5081/7391 4934/5067/7368 4999/5134/7474
f 4947/5128/7475 4921/5100/7422 4953/5135/7476
f 4921/5100/7422 4922/5101/7423 4953/5135/7476
f 4905/5094/7412 4916/5095/7413 4965/5136/7477
f 4956/5137/7478 4917/5096/7414 4977/5120/7457
f 4878/5056/7344 4941/5121/7458 4978/5138/7479
f 4978/5138/7480 4941/5121/7481 2/5130/7468
f 4958/5131/7470 4941/5121/7469 4949/5139/7482
f 4941/5121/7469 4924/5109/7459 4949/5139/7482
f 4949/5139/7482 4924/5109/7459 4950/5132/7471
f 4950/5132/7483 4942/5122/7472 4938/5116/7451
f 4926/5111/7440 4910/5072/7376 4959/5140/7484
f 4959/5140/7484 4910/5072/7376 4936/5112/7441
f 4944/5124/7462 4928/5098/7419 4945/5125/7463
f 4929/5089/7405 4983/5141/7485 4960/5126/7464
f 4937/5114/7445 4900/5077/7387 4952/5142/7486
f 4952/5142/7486 4900/5077/7387 4972/5118/7454
f 4939/5119/7455 4920/5108/7433 4963/5143/7487
f 4920/5108/7433 4902/5080/7390 4963/5143/7487
f 4902/5080/7390 4964/5079/7389 4963/5143/7487
f 4856/5040/7317 4933/5081/7391 4964/5092/7389
s 0
f 4953/5135/7488 4922/5101/7488 4954/5144/7488
s 1
f 4916/5095/7413 4917/5096/7414 4956/5137/7478
f 4918/5103/7426 4878/5056/7344 4966/5145/7489
f 4966/5145/7489 4878/5056/7344 4978/5138/7479
f 4978/5138/7480 2/5130/7468 4967/5146/7490
f 4967/5146/7490 2/5130/7468 4958/5131/7470
f 4968/5147/7491 4938/5116/7461 4969/5148/7492
f 4938/5116/7461 4935/5110/7439 4969/5148/7492
f 4936/5112/7441 4943/5105/7428 4770/5149/7493
f 4912/5075/7383 4960/5126/7464 4995/5150/7494
f 4929/5089/7405 4984/5133/7473 4983/5141/7485
f 4972/5118/7454 4901/5078/7388 4931/5106/7430
f 4932/5107/7432 4891/5064/7361 4973/5151/7495
f 4891/5064/7361 4939/5119/7455 4973/5151/7495
f 4940/5115/7456 4946/5127/7496 4974/5152/7497
f 4954/5144/7498 4922/5101/7448 4955/5102/7425
f 4965/5136/7477 4916/5095/7413 4956/5137/7478
f 4958/5131/7499 4949/5139/7500 4968/5147/7501
f 4949/5139/7500 4950/5132/7483 4968/5147/7501
f 4968/5147/7501 4950/5132/7483 4938/5116/7451
f 4945/5125/7463 4912/5075/7383 4995/5150/7494
f 4984/5133/7473 4914/5090/7444 4951/5117/7453
f 4934/5067/7368 4940/5115/7456 4974/5152/7497
f 4975/5153/7502 4946/5127/7465 4976/5154/7503
f 4946/5127/7465 4947/5128/7466 4976/5154/7503
f 4947/5128/7475 4953/5135/7476 4976/5154/7504
f 4955/5102/7425 4905/5094/7412 4965/5136/7477
f 4977/5120/7457 4885/5084/7395 4431/5155/7505
f 4885/5084/7395 4948/5129/7467 4431/5155/7505
f 4980/5156/7506 4978/5138/7480 4981/5157/7507
f 4978/5138/7480 4967/5146/7490 4981/5157/7507
f 4979/5158/7508 4958/5131/7499 4968/5147/7501
f 4970/5159/7509 4936/5112/7441 4770/5149/7493
f 4770/5149/7493 4943/5105/7428 4944/5123/7462
f 4993/5160/7510 4945/5125/7463 4995/5150/7494
f 4972/5118/7454 4931/5106/7430 4997/5161/7511
f 4964/5092/7389 4933/5081/7391 4999/5134/7474
f 4999/5134/7474 4934/5067/7368 4974/5152/7497
f 4976/5154/7504 4953/5135/7476 4954/5144/7512
f 4948/5129/7467 4918/5103/7426 4966/5145/7489
f 4988/5162/7513 4980/5156/7506 4981/5157/7507
f 4967/5146/7514 4958/5131/7499 4979/5158/7508
f 4935/5110/7439 4926/5111/7440 4969/5148/7492
f 4926/5111/7440 4959/5140/7484 4969/5148/7492
f 4959/5140/7484 4936/5112/7441 4982/5163/7515
f 4982/5163/7515 4936/5112/7441 4970/5159/7509
f 4770/5164/7493 4944/5124/7462 4992/5165/7516
f 4952/5142/7486 4972/5118/7454 4985/5166/7517
f 4973/5151/7495 4939/5119/7455 4998/5167/7518
f 4975/5153/7502 4976/5154/7503 4986/5168/7519
f 4966/5145/7489 4978/5138/7479 4987/5169/7520
f 4989/5170/7521 4967/5146/7514 4979/5158/7508
f 4991/5171/7522 4970/5159/7509 4770/5149/7493
f 4992/5165/7516 4944/5124/7462 4945/5125/7463
f 4960/5126/7464 4983/5141/7485 4387/5172/7523
f 4961/5099/7420 4899/5091/7407 4996/5173/7524
f 4899/5091/7407 4930/5058/7350 4994/5174/7525
f 4931/5106/7430 4932/5107/7432 4997/5161/7511
f 4974/5152/7497 4946/5127/7496 4957/5175/7526
f 4987/5169/7520 4978/5138/7479 4509/5176/7527
f 4981/5157/7528 4967/5146/7514 4989/5170/7521
f 4989/5170/7529 4979/5158/7530 4990/5177/7531
f 4990/5177/7531 4979/5158/7530 4968/5147/7532
f 4951/5117/7453 4961/5099/7420 5001/5178/7533
f 4994/5174/7525 4930/5058/7350 4937/5114/7445
f 4985/5166/7517 4972/5118/7454 4997/5161/7511
f 4998/5167/7518 4939/5119/7455 4963/5143/7487
f 4963/5143/7487 4964/5079/7389 4971/5179/7534
f 4971/5179/7534 4964/5079/7389 4999/5180/7474
f 4974/5152/7497 4957/5175/7526 4999/5134/7474
f 4999/5180/7474 4957/5181/7526 4962/5182/7535
f 4957/5175/7526 4946/5127/7496 5000/5183/7536
f 5000/5183/7537 4946/5127/7465 4975/5153/7502
f 4976/5154/7538 4954/5144/7512 4819/5184/7539
f 4927/5185/7540 4988/5162/7541 4923/5186/7542
f 4923/5186/7542 4988/5162/7541 5002/5187/7543
f 4988/5162/7541 4981/5157/7528 4989/5170/7521
f 4995/5150/7494 4960/5126/7464 4387/5172/7523
f 4997/5161/7511 4932/5107/7432 4841/5188/7544
f 4986/5168/7545 4976/5154/7538 4819/5184/7539
f 4965/5136/7477 4956/5137/7478 4439/5189/7546
f 4978/5138/7479 4980/5156/7547 4509/5176/7527
f 4980/5156/7506 4988/5162/7513 4927/5185/7548
f 4988/5162/7541 4989/5170/7521 5002/5187/7543
f 4990/5177/7531 4968/5147/7491 4908/5190/7549
f 4968/5147/7491 4969/5148/7492 4908/5190/7549
f 4970/5159/7509 4991/5171/7522 4982/5163/7515
f 4992/5165/7516 4945/5125/7463 4993/5160/7510
f 5001/5178/7533 4961/5099/7420 4996/5173/7524
f 4996/5173/7524 4899/5091/7407 4994/5174/7525
f 5000/5183/7550 4975/5153/7502 4986/5168/7519
f 4819/5184/7551 4954/5144/7498 4955/5102/7425
f 4955/5102/7425 4439/5189/7546 4703/5191/7552
f 4955/5102/7425 4965/5136/7477 4439/5189/7546
f 4956/5137/7478 4977/5120/7457 4799/5192/7553
f 4948/5129/7467 4966/5145/7489 4431/5155/7505
f 4431/5155/7505 4966/5145/7489 4603/5193/7554
f 4966/5145/7489 4987/5169/7520 4603/5193/7554
f 4923/5186/7542 4507/5194/7555 4927/5185/7540
f 5002/5187/7556 4989/5170/7529 4990/5177/7531
f 4969/5148/7492 4959/5140/7484 4632/5195/7557
f 4959/5140/7484 4982/5163/7515 4632/5195/7557
f 4984/5133/7473 4951/5117/7453 4383/5196/7558
f 4985/5166/7517 4997/5161/7511 4638/5197/7559
f 4841/5188/7544 4932/5107/7432 4973/5151/7495
f 4998/5167/7518 4963/5143/7487 4633/5198/7560
f 4633/5198/7560 4963/5143/7487 4971/5179/7534
f 4999/5180/7474 4962/5182/7535 4971/5179/7534
f 5000/5183/7550 4986/5168/7519 4621/5199/7561
f 4956/5137/7478 4799/5192/7553 4439/5189/7546
f 4632/5195/7557 4908/5190/7549 4969/5148/7492
f 4995/5150/7494 4667/5200/7562 4993/5160/7510
f 4667/5200/7562 4995/5150/7494 4387/5172/7523
f 4387/5172/7523 4983/5141/7485 4984/5133/7473
f 4937/5114/7445 4952/5142/7486 4650/5201/7563
f 4957/5181/7526 5000/5202/7536 4537/5203/7564
f 4339/5204/7565 5000/5183/7550 4621/5199/7561
f 4621/5199/7566 4986/5168/7545 4531/5205/7567
f 4531/5205/7567 4986/5168/7545 4819/5184/7539
f 4819/5184/7551 4955/5102/7425 4703/5191/7552
f 4799/5192/7553 4977/5120/7457 4431/5155/7505
f 4980/5156/7547 4320/5206/7568 4509/5176/7527
f 4980/5156/7506 4927/5185/7548 4320/5206/7569
f 4927/5185/7548 4507/5194/7570 4320/5206/7569
f 4506/5207/7571 4507/5194/7555 4923/5186/7542
f 4923/5186/7572 5002/5187/7556 4504/5208/7573
f 4504/5208/7573 5002/5187/7556 4990/5177/7531
f 4993/5160/7510 4667/5200/7562 4481/5209/7574
f 4984/5133/7473 4383/5196/7558 4478/5210/7575
f 4650/5201/7563 4952/5142/7486 4985/5166/7517
f 4638/5197/7559 4997/5161/7511 4841/5188/7544
f 4841/5188/7544 4973/5151/7495 4998/5167/7518
f 4633/5198/7560 4971/5179/7534 3981/5211/7576
f 4507/5194/7555 4506/5207/7571 4399/5212/7577
f 4993/5160/7510 4481/5209/7574 4992/5165/7516
f 4984/5133/7473 4478/5210/7575 4387/5172/7523
f 4994/5174/7525 4937/5114/7445 4368/5213/7578
f 4937/5114/7445 4650/5201/7563 4368/5213/7578
f 4362/5214/7579 4985/5166/7517 3985/5215/7580
f 4343/5216/7581 4537/5203/7564 5000/5202/7536
f 4621/5199/7566 4531/5205/7567 4339/5204/7582
f 4320/5206/7569 4507/5194/7570 4319/5217/7583
f 4507/5194/7570 4399/5212/7584 4319/5217/7583
f 4316/5218/7585 4399/5212/7577 4506/5207/7571
f 4990/5177/7531 4908/5190/7549 4410/5219/7586
f 4405/5220/7587 4982/5163/7515 4991/5171/7522
f 4383/5196/7558 4951/5117/7453 4283/5221/7588
f 4951/5117/7453 5001/5178/7533 4283/5221/7588
f 4996/5173/7524 4994/5174/7525 4181/5222/7589
f 4962/5182/7535 4957/5181/7526 4250/5223/7590
f 4957/5181/7526 4537/5203/7564 4250/5223/7590
f 4224/5224/7591 4603/5193/7554 4987/5169/7520
f 4506/5207/7592 4923/5186/7572 4504/5208/7573
f 4208/5225/7593 4504/5208/7573 4990/5177/7531
f 4410/5219/7586 4908/5190/7549 4632/5195/7557
f 4478/5210/7575 4383/5196/7558 4100/5226/7594
f 4362/5214/7579 4650/5201/7563 4985/5166/7517
f 3985/5215/7580 4985/5166/7517 4638/5197/7559
f 4841/5188/7544 4998/5167/7518 4633/5198/7560
f 5000/5183/7550 4339/5204/7565 4153/5227/7595
f 4531/5205/7596 4819/5184/7551 4703/5191/7552
f 4703/5191/7552 4439/5189/7546 3790/5228/7597
f 4431/5155/7505 4603/5193/7554 4139/5229/7598
f 4139/5229/7598 4603/5193/7554 4224/5224/7591
f 4399/5212/7577 4316/5218/7585 4040/5230/7599
f 4770/5164/7493 4992/5165/7516 4481/5209/7574
f 4638/5197/7559 4841/5188/7544 4081/5231/7600
f 4343/5216/7601 5000/5202/7550 4153/5232/7595
f 4056/5233/7602 4339/5204/7582 4531/5205/7567
f 3790/5228/7597 4439/5189/7546 4054/5234/7603
f 4319/5217/7583 4399/5212/7584 3867/5235/7604
f 4039/5236/7605 4040/5230/7599 4316/5218/7585
f 4208/5225/7593 4990/5177/7531 4410/5219/7586
f 4632/5195/7557 4982/5163/7515 4405/5220/7587
f 4024/5237/7606 4991/5171/7522 4770/5149/7493
f 4481/5209/7574 4667/5200/7562 4111/5238/7607
f 4283/5221/7588 5001/5178/7533 4996/5173/7524
f 4181/5222/7589 4994/5174/7525 4001/5239/7608
f 4001/5239/7608 4994/5174/7525 4368/5213/7578
f 4962/5182/7535 4250/5223/7590 3978/5240/7609
f 4343/5216/7601 4153/5232/7595 3972/5241/7610
f 4153/5227/7611 4339/5204/7582 4056/5233/7602
f 4054/5234/7603 4439/5189/7546 4799/5192/7553
f 4799/5192/7553 4431/5155/7505 4139/5229/7598
f 4987/5169/7520 4509/5176/7527 4224/5224/7591
f 4320/5206/7569 4319/5217/7583 3867/5235/7604
f 3867/5235/7604 4399/5212/7584 4040/5230/7612
f 4024/5242/7606 4770/5164/7493 4481/5209/7574
f 4667/5200/7562 4387/5172/7523 3937/5243/7613
f 4383/5196/7558 4283/5221/7588 4100/5226/7594
f 4841/5188/7544 4633/5198/7560 3540/5244/7614
f 3981/5211/7576 4971/5179/7534 3978/5240/7609
f 4971/5179/7534 4962/5182/7535 3978/5240/7609
f 3889/5245/7615 4537/5203/7564 4343/5216/7581
f 4056/5233/7616 4531/5205/7596 4703/5191/7552
f 4506/5207/7592 4504/5208/7573 3604/5246/7617
f 3604/5246/7617 4504/5208/7573 4208/5225/7593
f 4410/5219/7586 4632/5195/7557 4405/5220/7587
f 4111/5238/7607 4667/5200/7562 3937/5243/7613
f 4100/5226/7594 4283/5221/7588 3426/5247/7618
f 4081/5231/7600 4841/5188/7544 3540/5244/7614
f 4537/5203/7564 3889/5245/7619 4250/5223/7590
f 3887/5248/7620 4343/5216/7601 3972/5241/7610
f 4054/5234/7603 4799/5192/7553 4139/5229/7598
f 4139/5229/7598 4224/5224/7591 3708/5249/7621
f 4509/5176/7527 4320/5206/7568 3867/5235/7622
f 3867/5235/7604 4040/5230/7612 3773/5250/7623
f 3773/5250/7623 4040/5230/7612 3770/5251/7624
f 4040/5230/7599 4039/5236/7605 3770/5251/7625
f 4039/5236/7626 4316/5218/7585 4506/5207/7571
f 4368/5213/7578 4650/5201/7563 3397/5252/7627
f 3889/5245/7615 4343/5216/7581 3804/5253/7628
f 3804/5253/7629 4343/5216/7601 3722/5254/7630
f 3722/5254/7630 4343/5216/7601 3887/5248/7620
f 3972/5241/7631 4153/5232/7611 3630/5255/7632
f 4153/5227/7611 4056/5233/7602 3630/5256/7632
f 4509/5176/7527 3867/5235/7622 3481/5257/7633
f 3985/5215/7580 4638/5197/7559 4081/5231/7600
f 4633/5198/7560 3981/5211/7576 3540/5244/7614
f 4056/5233/7616 4703/5191/7552 3630/5256/7634
f 4224/5224/7591 4509/5176/7527 3481/5257/7633
f 3867/5235/7635 3773/5250/7636 3312/5258/7637
f 4039/5236/7638 4506/5207/7592 3604/5246/7617
f 4405/5220/7587 4991/5171/7522 4024/5237/7606
f 4387/5172/7523 4478/5210/7575 3432/5259/7639
f 4181/5222/7589 3178/5260/7640 4996/5173/7524
f 3068/5261/7641 4250/5223/7590 3889/5245/7619
f 3887/5248/7620 3972/5241/7610 3722/5254/7630
f 3722/5254/7642 3972/5241/7631 3630/5255/7632
f 3630/5256/7634 4703/5191/7552 3507/5262/7643
f 3790/5228/7597 3507/5262/7643 4703/5191/7552
f 4024/5242/7606 4481/5209/7574 3285/5263/7644
f 3937/5243/7613 4387/5172/7523 3432/5259/7639
f 3722/5254/7642 3630/5255/7632 3344/5264/7645
f 3507/5262/7643 3790/5228/7597 3140/5265/7646
f 3790/5228/7597 4054/5234/7603 3140/5265/7646
f 4054/5234/7603 4139/5229/7598 3708/5249/7621
f 3708/5249/7621 4224/5224/7591 3215/5266/7647
f 3307/5267/7648 3770/5251/7625 4039/5236/7605
f 4208/5225/7593 4410/5219/7586 3463/5268/7649
f 3285/5263/7644 4481/5209/7574 4111/5238/7607
f 4996/5173/7524 3178/5260/7640 2752/5269/7650
f 3178/5260/7640 4181/5222/7589 4001/5239/7608
f 3397/5252/7627 4650/5201/7563 3251/5270/7651
f 3985/5215/7580 4081/5231/7600 3247/5271/7652
f 3540/5244/7614 3981/5211/7576 2806/5272/7653
f 3978/5240/7609 4250/5223/7590 3068/5261/7641
f 3804/5253/7629 3722/5254/7630 3229/5273/7654
f 3773/5250/7623 3770/5251/7624 3307/5267/7655
f 3307/5267/7648 4039/5236/7605 3210/5274/7656
f 3604/5246/7617 4208/5225/7593 3463/5268/7649
f 3463/5268/7649 4410/5219/7586 4405/5220/7587
f 3184/5275/7657 4100/5226/7594 3426/5247/7618
f 3981/5211/7576 3978/5240/7609 2806/5272/7653
f 3889/5245/7615 3804/5253/7628 3152/5276/7658
f 3722/5254/7642 3344/5264/7645 3229/5273/7659
f 3344/5264/7660 3630/5255/7634 3507/5277/7643
f 3481/5257/7633 3867/5235/7622 3312/5258/7661
f 3210/5274/7662 4039/5236/7638 3127/5278/7663
f 4039/5236/7638 3604/5246/7617 3127/5278/7663
f 4996/5173/7524 2752/5269/7650 4283/5221/7588
f 4650/5201/7563 4362/5214/7579 3251/5270/7651
f 4081/5231/7600 3164/5279/7664 3247/5271/7652
f 3152/5276/7665 3804/5253/7629 3065/5280/7666
f 3804/5253/7629 3229/5273/7654 3065/5280/7666
f 4224/5224/7591 3481/5257/7633 3215/5266/7647
f 3312/5258/7637 3773/5250/7636 3047/5281/7667
f 4478/5210/7575 4100/5226/7594 3184/5275/7657
f 4081/5231/7600 3540/5244/7614 3164/5279/7664
f 3140/5265/7646 4054/5234/7603 2986/5282/7668
f 4054/5234/7603 3708/5249/7621 2986/5282/7668
f 3708/5249/7621 3215/5266/7647 2986/5282/7668
f 4283/5221/7588 2752/5269/7650 3426/5247/7618
f 2822/5283/7669 4001/5239/7608 3397/5252/7627
f 4001/5239/7608 4368/5213/7578 3397/5252/7627
f 3068/5261/7641 3889/5245/7619 2999/5284/7670
f 2999/5284/7671 3889/5245/7615 3152/5276/7658
f 2930/5285/7672 3152/5276/7665 3065/5280/7666
f 3065/5280/7673 3229/5273/7659 2925/5286/7674
f 3229/5273/7659 3344/5264/7645 2925/5286/7674
f 3507/5277/7643 2923/5287/7675 3344/5264/7660
f 3463/5268/7649 4405/5220/7587 2901/5288/7676
f 2901/5288/7676 4405/5220/7587 1/5289/7677
f 4405/5220/7587 4024/5237/7606 1/5289/7677
f 3251/5270/7651 4362/5214/7579 2606/5290/7678
f 4362/5214/7579 3985/5215/7580 2606/5290/7678
f 3985/5215/7580 3247/5271/7652 2606/5290/7678
f 2806/5272/7653 3978/5240/7609 3068/5261/7641
f 3312/5258/7637 3047/5281/7667 2641/5291/7679
f 3773/5250/7623 3307/5267/7655 3047/5281/7680
f 4024/5237/7606 3285/5292/7644 1/5289/7677
f 2768/5293/7681 3937/5243/7613 3432/5259/7639
f 4478/5294/7575 3184/5295/7657 2834/5296/7682
f 3164/5279/7664 3540/5244/7614 2806/5272/7653
f 2930/5285/7683 3065/5280/7673 2925/5286/7674
f 2925/5286/7684 3344/5264/7660 2923/5287/7675
f 3481/5257/7633 3312/5258/7661 2782/5297/7685
f 2782/5297/7685 3312/5258/7661 2641/5291/7686
f 2779/5298/7687 3307/5267/7648 3210/5274/7656
f 4111/5238/7607 3937/5243/7613 2768/5293/7681
f 4478/5294/7575 2834/5296/7682 3432/5299/7639
f 3068/5261/7641 2999/5284/7670 2719/5300/7688
f 2655/5301/7689 2925/5286/7684 2923/5287/7675
f 3604/5246/7617 3463/5268/7649 2392/5302/7690
f 2392/5302/7690 3463/5268/7649 2901/5288/7676
f 4111/5238/7607 2768/5293/7681 3285/5263/7644
f 2746/5303/7691 4001/5304/7608 2822/5305/7669
f 2596/5306/7692 2806/5272/7653 3068/5261/7641
f 2999/5284/7693 3152/5276/7665 2930/5285/7672
f 2930/5285/7683 2925/5286/7674 2655/5301/7694
f 2707/5307/7695 3140/5265/7646 2986/5282/7668
f 3215/5266/7647 3481/5257/7633 2493/5308/7696
f 2493/5308/7696 3481/5257/7633 2782/5297/7685
f 2641/5291/7697 3047/5281/7680 2779/5298/7698
f 3047/5281/7680 3307/5267/7655 2779/5298/7698
f 4001/5304/7608 2746/5303/7691 3178/5309/7640
f 2606/5290/7678 3247/5271/7652 2439/5310/7699
f 2351/5311/7700 3164/5279/7664 2806/5272/7653
f 2999/5284/7693 2930/5285/7672 2584/5312/7701
f 2930/5285/7683 2655/5301/7694 2584/5312/7702
f 3507/5262/7643 3140/5265/7646 2707/5307/7695
f 3127/5278/7703 3604/5246/7617 2392/5302/7690
f 2986/5282/7668 3215/5266/7647 2497/5313/7704
f 2497/5313/7704 3215/5266/7647 2493/5308/7696
f 2779/5298/7687 3210/5274/7656 2306/5314/7705
f 2306/5314/7705 3210/5274/7656 2486/5315/7706
f 2392/5302/7690 2901/5288/7676 2389/5316/7707
f 1/5289/7677 3285/5292/7644 2302/5317/7708
f 3247/5271/7652 3164/5279/7664 2360/5318/7709
f 2360/5318/7709 3164/5279/7664 2532/5319/7710
f 2532/5319/7710 3164/5279/7664 2351/5311/7700
f 3068/5261/7641 2719/5300/7688 2596/5306/7692
f 2719/5300/7688 2999/5284/7670 2423/5320/7711
f 2999/5284/7693 2584/5312/7701 2421/5321/7712
f 2641/5291/7697 2779/5298/7698 2158/5322/7713
f 2158/5322/7714 2779/5298/7687 2306/5314/7705
f 3184/5295/7657 3426/5323/7618 2378/5324/7715
f 2746/5303/7691 2822/5305/7669 2370/5325/7716
f 2351/5311/7700 2806/5272/7653 2596/5306/7692
f 2423/5320/7717 2999/5284/7693 2421/5321/7712
f 2421/5321/7718 2584/5312/7702 2655/5301/7694
f 2415/5326/7719 3507/5262/7643 2707/5307/7695
f 2493/5308/7696 2782/5297/7685 1807/5327/7720
f 2782/5297/7685 2641/5291/7686 1534/5328/7721
f 3210/5274/7662 3127/5278/7663 2486/5315/7722
f 2901/5288/7676 1/5289/7677 2302/5317/7708
f 2302/5317/7708 3285/5292/7644 1786/5329/7723
f 3285/5292/7644 2768/5330/7681 1786/5329/7723
f 2923/5287/7675 3507/5277/7643 2415/5331/7719
f 2986/5282/7668 2497/5313/7704 2707/5307/7695
f 2641/5291/7697 2158/5322/7713 2226/5332/7724
f 3432/5299/7639 2834/5296/7682 2208/5333/7725
f 3426/5323/7618 2752/5334/7650 2378/5324/7715
f 2822/5283/7669 3397/5252/7627 3251/5270/7651
f 2421/5321/7712 2343/5335/7726 2423/5320/7717
f 2423/5320/7717 2343/5335/7726 2176/5336/7727
f 2343/5335/7728 2421/5321/7718 2173/5337/7729
f 2421/5321/7718 2655/5301/7694 2173/5337/7729
f 1807/5327/7720 2782/5297/7685 1534/5328/7721
f 1534/5328/7721 2641/5291/7686 2023/5338/7730
f 2901/5288/7676 2302/5317/7708 2144/5339/7731
f 2834/5296/7682 3184/5295/7657 1903/5340/7732
f 2752/5334/7650 3178/5309/7640 2056/5341/7733
f 3251/5270/7651 2606/5290/7678 2115/5342/7734
f 2606/5290/7678 2439/5310/7699 2115/5342/7734
f 2439/5310/7699 3247/5271/7652 2360/5318/7709
f 2532/5319/7710 2351/5311/7700 1975/5343/7735
f 2596/5306/7692 2719/5300/7688 1970/5344/7736
f 2176/5336/7737 2343/5335/7728 2173/5337/7729
f 2173/5337/7738 2655/5301/7689 2923/5287/7675
f 2023/5338/7739 2641/5291/7740 2226/5332/7724
f 2306/5314/7705 2486/5315/7706 2158/5322/7714
f 3127/5278/7703 2392/5302/7690 2486/5315/7741
f 2389/5316/7707 2901/5288/7676 2144/5339/7731
f 2768/5330/7681 3432/5299/7639 2208/5333/7725
f 1903/5340/7732 3184/5295/7657 2378/5324/7715
f 3178/5309/7640 2746/5303/7691 2056/5341/7733
f 2035/5345/7742 2173/5337/7738 2923/5287/7675
f 2226/5332/7724 2158/5322/7713 2023/5338/7739
f 2158/5322/7714 2486/5315/7706 2022/5346/7743
f 2486/5315/7741 2392/5302/7690 2019/5347/7744
f 2752/5334/7650 2056/5341/7733 1998/5348/7745
f 2351/5311/7700 2596/5306/7692 1975/5343/7735
f 1970/5344/7746 2719/5300/7688 2423/5320/7711
f 2037/5349/7747 2423/5320/7717 2176/5336/7727
f 1786/5329/7723 2768/5330/7681 2208/5333/7725
f 2822/5305/7669 3251/5350/7651 1877/5351/7748
f 1975/5343/7735 2596/5306/7692 1970/5344/7736
f 1970/5344/7746 2423/5320/7711 2037/5349/7749
f 2176/5336/7737 2173/5337/7729 1835/5352/7750
f 2035/5345/7742 2923/5287/7675 1708/5353/7751
f 2923/5287/7675 2415/5331/7719 1708/5353/7751
f 2707/5307/7695 2497/5313/7704 1946/5354/7752
f 2493/5308/7696 1687/5355/7753 2497/5313/7704
f 2493/5308/7696 1807/5327/7720 1687/5355/7753
f 2023/5338/7739 2158/5322/7713 2022/5346/7754
f 1903/5340/7732 2378/5324/7715 1423/5356/7755
f 1877/5351/7748 2370/5325/7716 2822/5305/7669
f 1975/5343/7735 1970/5344/7736 1727/5357/7756
f 2037/5349/7747 2176/5336/7727 1720/5358/7757
f 2497/5313/7704 1687/5355/7753 1946/5354/7752
f 2019/5347/7744 2392/5302/7690 1668/5359/7758
f 2392/5302/7690 2389/5316/7707 1668/5359/7758
f 2389/5316/7707 2144/5339/7731 1668/5359/7758
f 2208/5333/7725 2834/5296/7682 1903/5340/7732
f 2378/5324/7715 2752/5334/7650 1998/5348/7745
f 1877/5360/7748 3251/5270/7651 2115/5342/7734
f 1860/5361/7759 2532/5319/7710 1975/5343/7735
f 1720/5358/7760 2176/5336/7737 1835/5352/7750
f 1835/5352/7761 2173/5337/7738 2035/5345/7742
f 2022/5346/7743 2486/5315/7706 2019/5347/7762
f 2144/5339/7731 2302/5317/7708 1661/5362/7763
f 1786/5329/7723 1661/5362/7763 2302/5317/7708
f 2746/5303/7691 1573/5363/7764 2056/5341/7733
f 2746/5303/7691 2370/5325/7716 1573/5363/7764
f 2115/5342/7734 2439/5310/7699 2360/5318/7709
f 2360/5318/7709 2532/5319/7710 1563/5364/7765
f 2532/5319/7710 1860/5361/7759 1563/5364/7765
f 2415/5326/7719 2707/5307/7695 1946/5354/7752
f 1527/5365/7766 2019/5347/7744 1668/5359/7758
f 1515/5366/7767 2144/5339/7731 1661/5362/7763
f 2415/5326/7719 1946/5354/7752 1452/5367/7768
f 1442/5368/7769 1687/5355/7753 1807/5327/7720
f 1534/5328/7721 2023/5338/7730 1362/5369/7770
f 2022/5346/7743 2019/5347/7762 1533/5370/7771
f 1533/5370/7771 2019/5347/7762 1527/5365/7772
f 2208/5333/7725 1903/5340/7732 1426/5371/7773
f 2378/5324/7715 1998/5348/7745 1423/5356/7755
f 1481/5372/7774 2115/5342/7734 2360/5318/7709
f 1397/5373/7775 1727/5357/7776 1970/5344/7777
f 1393/5374/7778 1720/5358/7760 1835/5352/7750
f 1708/5353/7751 2415/5331/7719 1452/5375/7768
f 1452/5367/7768 1946/5354/7752 1442/5368/7769
f 1946/5354/7752 1687/5355/7753 1442/5368/7769
f 1442/5368/7769 1807/5327/7720 1368/5376/7779
f 1368/5376/7779 1807/5327/7720 1534/5328/7721
f 1362/5369/7780 2023/5338/7739 1533/5370/7781
f 2023/5338/7739 2022/5346/7754 1533/5370/7781
f 1351/5377/7782 1661/5362/7763 1786/5329/7723
f 1351/5377/7782 1786/5329/7723 2208/5333/7725
f 1860/5361/7759 1975/5343/7735 1727/5357/7756
f 1397/5373/7783 1970/5344/7746 2037/5349/7749
f 1393/5374/7784 1835/5352/7761 2035/5345/7742
f 1527/5365/7766 1668/5359/7758 1098/5378/7785
f 1481/5372/7774 2360/5318/7709 1563/5364/7765
f 1727/5357/7776 1397/5373/7775 1242/5379/7786
f 1242/5379/7787 1397/5373/7788 1241/5380/7789
f 1397/5373/7788 2037/5349/7747 1175/5381/7790
f 2037/5349/7747 1720/5358/7757 1175/5381/7790
f 1720/5358/7760 1393/5374/7778 1175/5381/7791
f 1533/5370/7771 1527/5365/7772 1211/5382/7792
f 1426/5371/7773 1903/5340/7732 831/5383/7793
f 1903/5340/7732 1423/5356/7755 831/5383/7793
f 1173/5384/7794 2035/5345/7742 1708/5353/7751
f 1162/5385/7795 1534/5328/7721 1362/5369/7770
f 1668/5359/7758 2144/5339/7731 1515/5366/7767
f 2208/5333/7725 1426/5371/7773 1351/5377/7782
f 1423/5356/7755 1998/5348/7745 1263/5386/7796
f 1860/5361/7759 1727/5357/7756 1242/5379/7797
f 1241/5380/7789 1397/5373/7788 1175/5381/7790
f 1708/5353/7751 1452/5375/7768 1173/5384/7794
f 1362/5369/7780 1533/5370/7781 1211/5382/7798
f 1211/5382/7792 1527/5365/7772 1098/5378/7799
f 1098/5378/7785 1668/5359/7758 1515/5366/7767
f 1096/5387/7800 1515/5366/7767 1661/5362/7763
f 1080/5388/7801 2056/5341/7733 1020/5389/7802
f 2056/5341/7733 1573/5363/7764 1020/5389/7802
f 1573/5363/7764 2370/5325/7716 1020/5389/7802
f 2115/5342/7734 1481/5372/7774 1877/5360/7748
f 1242/5379/7787 1241/5380/7789 1130/5390/7803
f 1054/5391/7804 1393/5374/7784 2035/5345/7742
f 1452/5375/7768 1442/5392/7769 1173/5384/7794
f 1368/5376/7779 1534/5328/7721 1162/5385/7795
f 1362/5369/7780 1211/5382/7798 1162/5385/7805
f 1998/5348/7745 2056/5341/7733 1263/5386/7796
f 1069/5393/7806 1563/5364/7765 1860/5361/7759
f 1860/5361/7759 1242/5379/7797 1069/5393/7806
s 0
f 1130/5390/7807 1241/5380/7807 1055/5394/7807
f 1241/5380/7808 1175/5381/7808 1055/5394/7808
s 1
f 1175/5381/7809 1393/5374/7778 1055/5394/7810
f 1054/5391/7804 1055/5394/7811 1393/5374/7784
f 2035/5345/7742 1173/5384/7794 1054/5391/7804
f 1442/5368/7769 1368/5376/7779 993/5395/7812
f 1096/5387/7800 1661/5362/7763 1351/5377/7782
f 973/5396/7813 1351/5377/7782 1426/5371/7773
f 1263/5386/7796 2056/5341/7733 1080/5388/7801
f 2370/5325/7716 1877/5351/7748 1020/5389/7802
f 1069/5393/7814 1242/5379/7787 944/5397/7815
f 944/5397/7815 1242/5379/7787 943/5398/7816
f 943/5398/7816 1242/5379/7787 1130/5390/7803
f 941/5399/7817 1130/5390/7818 1055/5394/7819
f 850/5400/7820 1162/5385/7805 670/5401/7821
f 1162/5385/7805 1211/5382/7798 670/5401/7821
f 1098/5378/7785 1515/5366/7767 776/5402/7822
f 1423/5356/7755 1263/5386/7796 908/5403/7823
f 1877/5360/7748 1481/5372/7774 900/5404/7824
f 1481/5372/7774 1563/5364/7765 894/5405/7825
f 943/5398/7826 1130/5390/7818 941/5399/7817
f 1173/5384/7794 1442/5392/7769 934/5406/7827
f 934/5407/7827 1442/5368/7769 993/5395/7812
f 993/5395/7812 1368/5376/7779 863/5408/7828
f 1368/5376/7779 1162/5385/7795 783/5409/7829
f 1211/5382/7792 1098/5378/7799 670/5401/7830
f 919/5410/7831 1098/5378/7785 776/5402/7822
f 1263/5386/7796 1080/5388/7801 747/5411/7832
f 1020/5389/7802 1877/5351/7748 900/5412/7824
f 1069/5393/7814 944/5397/7815 814/5413/7833
f 941/5399/7834 1055/5394/7835 800/5414/7836
f 1055/5394/7811 1054/5391/7804 800/5414/7837
f 1426/5371/7773 831/5383/7793 973/5396/7813
f 1423/5356/7755 908/5403/7823 831/5383/7793
f 894/5405/7825 1563/5364/7765 739/5415/7838
f 739/5415/7838 1563/5364/7765 1069/5393/7806
f 814/5413/7839 944/5397/7840 941/5399/7817
f 944/5397/7840 943/5398/7826 941/5399/7817
f 1173/5384/7794 934/5406/7827 727/5416/7841
f 863/5408/7828 1368/5376/7779 783/5409/7829
f 1162/5385/7795 850/5400/7842 783/5409/7829
f 1098/5378/7799 919/5410/7843 670/5401/7830
f 776/5402/7822 1515/5366/7767 1096/5387/7800
f 973/5396/7813 831/5383/7793 908/5403/7823
f 1080/5388/7801 1020/5389/7802 694/5417/7844
f 1020/5389/7802 900/5412/7824 694/5417/7845
f 1054/5391/7804 1173/5384/7794 727/5416/7841
f 1263/5386/7796 747/5411/7846 659/5418/7847
f 900/5404/7824 1481/5372/7774 894/5405/7825
f 739/5415/7848 1069/5393/7814 814/5413/7833
f 645/5419/7849 941/5399/7834 800/5414/7836
f 783/5409/7829 850/5400/7842 593/5420/7850
f 850/5400/7820 670/5401/7821 593/5420/7851
f 1263/5386/7796 659/5418/7847 908/5403/7823
f 747/5411/7832 1080/5388/7801 694/5417/7844
f 814/5413/7839 941/5399/7817 645/5419/7852
f 598/5421/7853 993/5395/7812 863/5408/7828
f 670/5401/7830 919/5410/7843 776/5402/7854
f 1096/5387/7800 1351/5377/7782 582/5422/7855
f 659/5418/7847 747/5411/7846 621/5423/7856
f 562/5424/7857 621/5423/7858 694/5417/7844
f 621/5423/7858 747/5411/7832 694/5417/7844
f 694/5417/7845 900/5412/7824 562/5424/7859
f 900/5404/7824 894/5405/7825 562/5425/7859
f 894/5405/7825 560/5426/7860 562/5425/7859
f 894/5405/7825 739/5415/7838 560/5426/7860
f 560/5426/7860 739/5415/7838 504/5427/7861
f 739/5415/7862 814/5413/7862 556/5428/7862
f 610/5429/7863 814/5413/7839 645/5419/7852
f 645/5419/7864 800/5414/7865 552/5430/7866
f 552/5430/7866 800/5414/7865 1054/5391/7804
f 593/5420/7851 670/5401/7821 533/5431/7867
f 670/5401/7830 776/5402/7854 533/5431/7868
s 0
f 525/5432/7869 776/5402/7869 582/5422/7869
s 1
f 776/5402/7870 1096/5387/7800 582/5422/7871
f 1351/5377/7782 973/5396/7813 582/5422/7855
f 556/5428/7872 814/5413/7839 610/5429/7863
f 552/5430/7866 1054/5391/7804 727/5416/7841
f 727/5416/7841 934/5406/7827 483/5433/7873
f 934/5407/7827 993/5395/7812 483/5434/7873
f 483/5434/7873 993/5395/7812 598/5421/7853
f 533/5431/7868 776/5402/7874 525/5432/7875
f 582/5422/7855 973/5396/7813 407/5435/7876
f 973/5396/7813 908/5403/7823 355/5436/7877
f 355/5436/7877 908/5403/7823 659/5418/7878
s 0
f 504/5427/7879 739/5415/7879 556/5428/7879
s 1
f 593/5420/7851 533/5431/7867 316/5437/7880
f 407/5435/7876 973/5396/7813 355/5436/7877
f 659/5418/7881 621/5423/7882 401/5438/7883
f 621/5423/7858 562/5424/7857 397/5439/7884
s 0
f 504/5427/7885 556/5428/7885 610/5429/7885
s 1
f 610/5429/7886 645/5419/7864 334/5440/7887
f 334/5440/7887 645/5419/7864 552/5430/7866
f 863/5408/7828 783/5409/7829 375/5441/7888
f 783/5409/7829 593/5420/7850 375/5441/7888
s 0
f 533/5431/7889 525/5432/7889 366/5442/7889
s 1
f 222/5443/7890 582/5422/7891 407/5435/7892
f 355/5436/7893 659/5418/7881 401/5438/7883
f 401/5438/7883 621/5423/7882 397/5439/7894
s 0
f 504/5427/7895 610/5429/7895 334/5440/7895
s 1
f 593/5420/7850 316/5437/7896 375/5441/7888
f 316/5437/7880 533/5431/7867 366/5442/7897
f 397/5439/7884 562/5424/7857 347/5444/7898
f 562/5424/7857 560/5445/7899 347/5444/7898
f 560/5445/7900 504/5446/7901 347/5444/7902
f 552/5430/7866 727/5416/7841 483/5433/7873
f 248/5447/7903 483/5434/7873 598/5421/7853
s 0
f 525/5432/7904 582/5422/7904 366/5442/7904
f 366/5442/7905 582/5422/7905 222/5443/7905
s 1
f 347/5444/7902 504/5446/7901 334/5448/7906
f 188/5449/7907 334/5440/7887 552/5430/7866
f 598/5421/7853 863/5408/7828 375/5441/7888
f 401/5438/7908 397/5439/7909 201/5450/7910
f 201/5450/7910 397/5439/7909 347/5444/7911
f 201/5450/7912 347/5444/7913 334/5448/7906
f 248/5447/7903 598/5421/7853 375/5441/7888
f 316/5437/7880 366/5442/7897 222/5443/7914
f 66/5451/7915 407/5435/7892 355/5436/7916
f 355/5436/7916 401/5438/7917 66/5451/7915
f 201/5450/7910 334/5448/7918 188/5452/7919
f 188/5449/7907 552/5430/7866 483/5433/7873
f 375/5441/7888 316/5437/7896 75/5453/7920
f 222/5443/7890 407/5435/7892 66/5451/7915
f 188/5452/7907 483/5434/7873 248/5447/7903
f 316/5437/7921 222/5443/7922 75/5453/7923
f 66/5451/7924 401/5438/7908 201/5450/7910
f 248/5447/7903 375/5441/7888 75/5453/7920
f 75/5453/7923 222/5443/7922 66/5451/7925
f 201/5450/7910 188/5452/7919 20/5454/7926
f 20/5454/7927 188/5452/7907 248/5447/7903
f 75/5453/7923 66/5451/7925 20/5454/7928
f 66/5451/7924 201/5450/7910 20/5454/7926
f 248/5447/7903 75/5453/7920 20/5454/7927
